panel_id,x_m,y_m,z_m,projected_radius_m,azimuth_deg,normal_x,normal_y,normal_z,projected_area_m2,equivalent_cell_size_m
1,0.312269176,0.000000000,-26.998194161,0.312269176,0.000000000,-0.011565525051,-0.000000000000,0.999933117078,0.612686207723,0.782742746835
2,-0.398817814,0.365349787,-26.994582121,0.540866079,137.507764050,0.014771030147,-0.013531473591,0.999799337813,0.612686207723,0.782742746835
3,0.061045459,-0.695581515,-26.990969597,0.698255106,275.015528100,-0.002260942913,0.025762278349,0.999665540644,0.612686207723,0.782742746835
4,0.502684023,0.655662293,-26.987356590,0.826186583,52.523292150,-0.018617926793,-0.024283788624,0.999531725566,0.612686207723,0.782742746835
5,-0.922487007,-0.163174963,-26.983743099,0.936807529,190.031056200,0.034166185449,0.006043517132,0.999397892570,0.612686207723,0.782742746835
6,0.873860224,-0.555878344,-26.980129125,1.035679692,327.538820250,-0.032365193466,0.020588086817,0.999264041649,0.612686207723,0.782742746835
7,-0.292289143,1.087301043,-26.976514666,1.125902527,105.046584300,0.010825523814,-0.040270408993,0.999130172797,0.612686207723,0.782742746835
8,-0.557427095,-1.073291951,-26.972899722,1.209413320,242.554348350,0.020645447957,0.039751553736,0.998996286006,0.612686207723,0.782742746835
9,1.209393826,0.441668686,-26.969284294,1.287518798,20.062112400,-0.044792363936,-0.016358099469,0.998862381269,0.612686207723,0.782742746835
10,-1.258172753,0.519355423,-26.965668382,1.361149783,157.569876450,0.046598990860,-0.019235386023,0.998728458579,0.612686207723,0.782742746835
11,0.606522406,-1.296103152,-26.962051984,1.430997138,295.077640500,-0.022463792810,0.048003820438,0.998594517928,0.612686207723,0.782742746835
12,0.448204630,1.428946988,-26.958435101,1.497590360,72.585404550,-0.016600171491,-0.052923962531,0.998460559309,0.612686207723,0.782742746835
13,-1.350893959,-0.782870662,-26.954817733,1.561345882,210.093168600,0.050033109606,0.028995209709,0.998326582716,0.612686207723,0.782742746835
14,1.584752389,-0.348403367,-26.951199880,1.622598237,347.600932650,-0.058694532920,0.012903828411,0.998192588140,0.612686207723,0.782742746835
15,-0.967149714,1.375670945,-26.947581541,1.681620979,125.108696701,0.035820359767,-0.050950775734,0.998058575575,0.612686207723,0.782742746835
16,-0.223433979,-1.724224594,-26.943962715,1.738641192,262.616460751,0.008275332551,0.063860170156,0.997924545013,0.612686207723,0.782742746835
17,1.371665483,1.156041121,-26.940343404,1.793849846,40.124224801,-0.050802425297,-0.042816337823,0.997790496447,0.612686207723,0.782742746835
18,-1.845831774,0.076330939,-26.936723606,1.847409361,177.631988851,0.068364139759,-0.002827071811,0.997656429869,0.612686207723,0.782742746835
19,1.346392584,-1.339840451,-26.933103322,1.899459246,315.139752901,-0.049866392018,0.049623720403,0.997522345274,0.612686207723,0.782742746835
20,-0.090078880,1.948038834,-26.929482552,1.950120382,92.647516951,0.003336254821,-0.072149586435,0.997388242652,0.612686207723,0.782742746835
21,-1.281096867,-1.535182203,-26.925861294,1.999498332,230.155281001,0.047448032097,0.056858600128,0.997254121998,0.612686207723,0.782742746835
22,2.029398889,0.273052750,-26.922239549,2.047685927,7.663045051,-0.075162921828,-0.010113064825,0.997119983303,0.612686207723,0.782742746835
23,-1.719505574,1.196387192,-26.918617317,2.094765317,145.170809101,0.063685391648,-0.044310636735,0.996985826561,0.612686207723,0.782742746835
24,0.469867826,-2.088609594,-26.914994598,2.140809616,282.678573151,-0.017402512065,0.077355910896,0.996851651763,0.612686207723,0.782742746835
25,1.086779836,1.896575723,-26.911371390,2.185884235,60.186337201,-0.040251105052,-0.070243545314,0.996717458904,0.612686207723,0.782742746835
26,-2.124550597,-0.677789587,-26.907747695,2.230047974,197.694101251,0.078687059158,0.025103318038,0.996583247975,0.612686207723,0.782742746835
27,2.063730531,-0.953495850,-26.904123512,2.273353919,335.201865301,-0.076434464122,0.035314661109,0.996449018969,0.612686207723,0.782742746835
28,-0.894059632,2.136309784,-26.900498841,2.315850194,112.709629351,0.033113319701,-0.079122584594,0.996314771880,0.612686207723,0.782742746835
29,-0.797928522,-2.218444561,-26.896873681,2.357580581,250.217393401,0.029552908210,0.082164613369,0.996180506699,0.612686207723,0.782742746835
30,2.123202157,1.115895548,-26.893248032,2.398585056,27.725157451,-0.078637116913,-0.041329464754,0.996046223419,0.612686207723,0.782742746835
31,-2.358343372,0.621651744,-26.889621895,2.438900234,165.232921501,0.087346050804,-0.023024138675,0.995911922033,0.612686207723,0.782742746835
32,1.340498649,-2.084783394,-26.885995268,2.478559749,302.740685551,-0.049648098103,0.077214199775,0.995777602534,0.612686207723,0.782742746835
33,0.426420535,2.481219062,-26.882368153,2.517594587,80.248449601,-0.015793353150,-0.091897002279,0.995643264914,0.612686207723,0.782742746835
34,-2.020859217,-1.565066965,-26.878740547,2.556033369,217.756213651,0.074846637670,0.057965443158,0.995508909166,0.612686207723,0.782742746835
35,2.585046164,-0.214165791,-26.875112453,2.593902592,355.263977701,-0.095742450534,0.007932066320,0.995374535283,0.612686207723,0.782742746835
36,-1.786811810,1.931491210,-26.871483868,2.631226850,132.771741751,0.066178215168,-0.071536711464,0.995240143257,0.612686207723,0.782742746835
37,0.013015385,-2.667997266,-26.867854793,2.668029013,270.279505801,-0.000482051296,0.098814713560,0.995105733081,0.612686207723,0.782742746835
38,1.816999479,2.002976730,-26.864225228,2.704330396,47.787269851,-0.067296277014,-0.074184323336,0.994971304748,0.612686207723,0.782742746835
39,-2.728457858,-0.252872861,-26.860595173,2.740150902,185.295033901,0.101053994738,0.009365661519,0.994836858250,0.612686207723,0.782742746835
40,2.210858019,-1.677962414,-26.856964627,2.775509150,322.802797951,-0.081883630345,0.062146756063,0.994702393579,0.612686207723,0.782742746835
41,-0.503019505,2.765040054,-26.853333590,2.810422588,100.310562002,0.018630352029,-0.102408890875,0.994567910730,0.612686207723,0.782742746835
42,-1.515213697,-2.407826125,-26.849702062,2.844907590,237.818326052,0.056119025814,0.089178745383,0.994433409693,0.612686207723,0.782742746835
43,2.776594870,0.760949540,-26.846070042,2.878979554,15.326090102,-0.102836847038,-0.028183316290,0.994298890462,0.612686207723,0.782742746835
44,-2.591347454,1.329836729,-26.842437532,2.912652975,152.833854152,0.095975831617,-0.049253212188,0.994164353030,0.612686207723,0.782742746835
45,1.024058819,-2.762222830,-26.838804529,2.945941518,290.341618202,-0.037928104397,0.102304549271,0.994029797388,0.612686207723,0.782742746835
46,1.123156561,2.759006134,-26.835171035,2.978858088,67.849382252,-0.041598391145,-0.102185412356,0.993895223530,0.612686207723,0.782742746835
47,-2.721282695,-1.289666653,-26.831537049,3.011414881,205.357146302,0.100788247962,0.047765431605,0.993760631448,0.612686207723,0.782742746835
48,2.908525388,-0.896729463,-26.827902571,3.043623442,342.864910352,-0.107723162503,0.033212202329,0.993626021135,0.612686207723,0.782742746835
49,-1.555038881,2.653398164,-26.824267600,3.075494714,120.372674402,0.057594032614,-0.098274006074,0.993491392584,0.612686207723,0.782742746835
50,-0.652330245,-3.037788186,-26.820632136,3.107039075,257.880438452,0.024160379461,0.112510673566,0.993356745786,0.612686207723,0.782742746835
51,2.558462428,1.817411867,-26.816996180,3.138266383,35.388202502,-0.094757867703,-0.067311550642,0.993222080735,0.612686207723,0.782742746835
52,-3.144856912,0.391937460,-26.813359730,3.169186010,172.895966552,0.116476181915,-0.014516202231,0.993087397422,0.612686207723,0.782742746835
53,2.074017173,-2.436640476,-26.809722788,3.199806876,310.403730602,-0.076815450860,0.090245943562,0.992952695842,0.612686207723,0.782742746835
54,0.117716621,3.227991778,-26.806085352,3.230137477,87.911494652,-0.004359874852,-0.119555251039,0.992817975986,0.612686207723,0.782742746835
55,-2.288369098,-2.322106602,-26.802447422,3.260185915,225.419258702,0.084754411045,0.086003948209,0.992683237846,0.612686207723,0.782742746835
56,3.285667788,0.167998403,-26.798808998,3.289959920,2.927022752,-0.121691399553,-0.006222163071,0.992548481416,0.612686207723,0.782742746835
57,-2.558977378,2.114354543,-26.795170081,3.319466878,140.434786802,0.094776939929,-0.078309427502,0.992413706688,0.612686207723,0.782742746835
58,0.462725656,-3.316590026,-26.791530669,3.348713847,277.942550852,-0.017137987248,0.122836667614,0.992278913654,0.612686207723,0.782742746835
59,1.915567821,2.781997202,-26.787890762,3.377707582,55.450314902,-0.070946956339,-0.103036933393,0.992144102307,0.612686207723,0.782742746835
60,-3.319707110,-0.763856849,-26.784250361,3.406454548,192.958078952,0.122952115200,0.028290994399,0.992009272640,0.612686207723,0.782742746835
61,2.988628924,-1.693237673,-26.780609465,3.434960940,330.465843002,-0.110689960137,0.062712506413,0.991874424645,0.612686207723,0.782742746835
62,-1.068680410,3.294222658,-26.776968074,3.463232701,107.973607052,0.039580755927,-0.122008246588,0.991739558314,0.612686207723,0.782742746835
63,-1.448841225,-3.176454615,-26.773326188,3.491275528,245.481371102,0.053660786109,0.117646467218,0.991604673640,0.612686207723,0.782742746835
64,3.239604615,1.374405627,-26.769683807,3.519094897,22.989135152,-0.119985356126,-0.050903912122,0.991469770616,0.612686207723,0.782742746835
65,-3.343198789,1.184092406,-26.766040929,3.546696064,160.496899202,0.123822177369,-0.043855274314,0.991334849234,0.612686207723,0.782742746835
66,1.678187677,-3.155592364,-26.762397556,3.574084085,298.004663252,-0.062155099160,0.116873791251,0.991199909487,0.612686207723,0.782742746835
67,0.900928205,3.486750564,-26.758753687,3.601263823,75.512427302,-0.033367711292,-0.129138909765,0.991064951367,0.612686207723,0.782742746835
68,-3.042201496,-1.977153322,-26.755109321,3.628239959,213.020191353,0.112674129488,0.073227900802,0.990929974866,0.612686207723,0.782742746835
69,3.605184547,-0.601492858,-26.751464459,3.655017001,350.527955403,-0.133525353602,0.022277513248,0.990794979978,0.612686207723,0.782742746835
70,-2.268427046,2.899726210,-26.747819101,3.681599293,128.035719453,0.084015816530,-0.107397267020,0.990659966694,0.612686207723,0.782742746835
71,-0.288120107,-3.696780253,-26.744173245,3.707991024,265.543483503,0.010671115089,0.136917787131,0.990524935007,0.612686207723,0.782742746835
72,2.728739265,2.549157416,-26.740526893,3.734196233,43.051247553,-0.101064417223,-0.094413237636,0.990389884909,0.612686207723,0.782742746835
73,-3.760039853,-0.036686343,-26.736880043,3.760218822,180.559011603,0.139260735306,0.001358753433,0.990254816394,0.612686207723,0.782742746835
74,2.816543414,-2.530089497,-26.733232695,3.786062554,318.066775653,-0.104316422725,0.093707018404,0.990119729453,0.612686207723,0.782742746835
75,-0.370274014,3.793704113,-26.729584850,3.811731069,95.574539703,0.013713852379,-0.140507559728,0.989984624079,0.612686207723,0.782742746835
76,-2.304896872,-3.067860529,-26.725936507,3.837227882,233.082303753,0.085366550812,0.113624464045,0.989849500264,0.612686207723,0.782742746835
77,3.796766329,0.709864308,-26.722287666,3.862556394,10.590067803,-0.140620975152,-0.026291270681,0.989714358001,0.612686207723,0.782742746835
78,-3.300486375,2.054545123,-26.718638327,3.887719894,148.097831853,0.122240236103,-0.076094263801,0.989579197282,0.612686207723,0.782742746835
79,1.052576443,-3.768484162,-26.714988489,3.912721565,285.605595903,-0.038984312696,0.139573487486,0.989444018100,0.612686207723,0.782742746835
80,1.780672001,3.511925590,-26.711338152,3.937564492,63.113359953,-0.065950814841,-0.130071318155,0.989308820447,0.612686207723,0.782742746835
81,-3.708389219,-1.395452471,-26.707687317,3.962251658,200.621124003,0.137347748869,0.051683424858,0.989173604316,0.612686207723,0.782742746835
82,3.699833823,-1.485157218,-26.704035982,3.986785959,338.128888053,-0.137030882332,0.055005822883,0.989038369699,0.612686207723,0.782742746835
83,-1.735483176,3.616294305,-26.700384148,4.011170198,115.636652103,0.064277154684,-0.133936826112,0.988903116588,0.612686207723,0.782742746835
84,-1.170108162,-3.862040565,-26.696731814,4.035407096,253.144416153,0.043337339322,0.143038539433,0.988767844975,0.612686207723,0.782742746835
85,3.492298249,2.069634618,-26.693078981,4.059499293,30.652180203,-0.129344379577,-0.076653134012,0.988632554854,0.612686207723,0.782742746835
86,-3.996570638,0.837843496,-26.689425648,4.083449349,168.159944253,0.148021134741,-0.031031240574,0.988497246217,0.612686207723,0.782742746835
87,2.394875109,-3.336788258,-26.685771814,4.107259751,305.667708303,-0.088699078116,0.123584750282,0.988361919055,0.612686207723,0.782742746835
88,0.490874769,4.101664138,-26.682117481,4.130932914,83.175472353,-0.018180546991,-0.151913486602,0.988226573362,0.612686207723,0.782742746835
89,-3.150439754,-2.708202388,-26.678462647,4.154471184,220.683236403,0.116682953848,0.100303792157,0.988091209130,0.612686207723,0.782742746835
90,4.175794647,-0.131886184,-26.674807311,4.177876841,358.191000453,-0.154659060984,0.004884673473,0.987955826351,0.612686207723,0.782742746835
91,-3.006670760,2.934213678,-26.671151475,4.201152101,135.698764503,0.111358176313,-0.108674580685,0.987820425017,0.612686207723,0.782742746835
92,0.236287319,-4.217685545,-26.667495138,4.224299119,273.206528553,-0.008751382187,0.156210575724,0.987685005122,0.612686207723,0.782742746835
93,2.689351271,3.287417964,-26.663838300,4.247319993,50.714292603,-0.099605602638,-0.121756220870,0.987549566656,0.612686207723,0.782742746835
94,-4.226324277,-0.610683480,-26.660180960,4.270216763,188.222056654,0.156530528765,0.022617906659,0.987414109613,0.612686207723,0.782742746835
95,3.547691531,-2.417366352,-26.656523118,4.292991414,325.729820704,-0.131395982638,0.089532087114,0.987278633985,0.612686207723,0.782742746835
96,-0.988237450,4.200974423,-26.652864774,4.315645880,103.237584754,0.036601387024,-0.155591645289,0.987143139765,0.612686207723,0.782742746835
97,-2.120035154,-3.784874421,-26.649205927,4.338182043,240.745348804,0.078519820505,0.140180534109,0.987007626944,0.612686207723,0.782742746835
98,4.141185462,1.365807629,-26.645546579,4.360601737,18.253112854,-0.153377239337,-0.050585467755,0.986872095515,0.612686207723,0.782742746835
99,-3.996509679,1.799383776,-26.641886728,4.382906751,155.760876904,0.148018877009,-0.066643843549,0.986736545470,0.612686207723,0.782742746835
100,1.740202401,-4.046800127,-26.638226374,4.405098826,293.268640954,-0.064451940766,0.149881486198,0.986600976802,0.612686207723,0.782742746835
101,1.457673354,4.180323927,-26.634565517,4.427179660,70.776405004,-0.053987901987,-0.154826812123,0.986465389503,0.612686207723,0.782742746835
102,-3.917959270,-2.108207527,-26.630904156,4.449150910,208.284169054,0.145109602608,0.078081760248,0.986329783565,0.612686207723,0.782742746835
103,4.334249455,-1.097383050,-26.627242292,4.471014191,345.791933104,-0.160527757594,0.040643816674,0.986194158981,0.612686207723,0.782742746835
104,-2.466613991,3.755104179,-26.623579925,4.492771080,123.299697154,0.091356073726,-0.139077932558,0.986058515743,0.612686207723,0.782742746835
105,-0.721191006,-4.456444725,-26.619917054,4.514423114,260.807461204,0.026710777985,0.165053508324,0.985922853843,0.612686207723,0.782742746835
106,3.558976308,2.812246037,-26.616253678,4.535971795,38.315225254,-0.131813937321,-0.104157260612,0.985787173273,0.612686207723,0.782742746835
107,-4.545313097,0.331953391,-26.612589799,4.557418590,175.822989304,0.168344929527,-0.012294570028,0.985651474026,0.612686207723,0.782742746835
108,3.141989173,-3.330614405,-26.608925415,4.578764930,313.330753354,-0.116369969384,0.123356089086,0.985515756095,0.612686207723,0.782742746835
109,-0.067318268,4.599519606,-26.605260526,4.600012213,90.838517404,0.002493269167,-0.170352578018,0.985380019470,0.612686207723,0.782742746835
110,-3.071349048,-3.452817901,-26.601595132,4.621161806,228.346281454,0.113753668453,0.127882144498,0.985244264146,0.612686207723,0.782742746835
111,4.618005626,0.473481308,-26.597929233,4.642215044,5.854045504,-0.171037245417,-0.017536344757,0.985108490113,0.612686207723,0.782742746835
112,-3.741822923,2.782794604,-26.594262829,4.663173232,143.361809554,0.138586034176,-0.103066466798,0.984972697364,0.612686207723,0.782742746835
113,0.883287510,-4.600001287,-26.590595919,4.684037646,280.869573604,-0.032714352222,0.170370418045,0.984836885892,0.612686207723,0.782742746835
114,2.466838676,4.006237598,-26.586928504,4.704809533,58.377337654,-0.091364395408,-0.148379170295,0.984701055689,0.612686207723,0.782742746835
115,-4.545035523,-1.293409804,-26.583260582,4.725490114,195.885101704,0.168334648985,0.047904066804,0.984565206746,0.612686207723,0.782742746835
116,4.243463419,-2.125629108,-26.579592155,4.746080583,333.392865754,-0.157165311831,0.078727004018,0.984429339057,0.612686207723,0.782742746835
117,-1.700469912,4.452943639,-26.575923221,4.766582106,110.900629804,0.062980367102,-0.164923838494,0.984293452613,0.612686207723,0.782742746835
118,-1.761558630,-4.451094275,-26.572253780,4.786995828,248.408393854,0.065242912206,0.164855343530,0.984157547406,0.612686207723,0.782742746835
119,4.323872332,2.101066678,-26.568583833,4.807322865,25.916157904,-0.160143419715,-0.077817284357,0.984021623430,0.612686207723,0.782742746835
120,-4.626939289,1.377247262,-26.564913378,4.827564314,163.423921955,0.171368121820,-0.051009157864,0.983885680675,0.612686207723,0.782742746835
121,2.491804854,-4.158282080,-26.561242417,4.847721247,300.931686005,-0.092289068663,0.154010447396,0.983749719135,0.612686207723,0.782742746835
122,0.975522627,4.769044031,-26.557570948,4.867794712,78.439450055,-0.036130467666,-0.176631260391,0.983613738801,0.612686207723,0.782742746835
123,-3.956946880,-2.869324106,-26.553898971,4.887785740,215.947214105,0.146553588155,0.106271263187,0.983477739666,0.612686207723,0.782742746835
124,4.875709904,-0.559398289,-26.550226487,4.907695336,353.454978155,-0.180581848301,0.020718455154,0.983341721722,0.612686207723,0.782742746835
125,-3.230327987,3.720951315,-26.546553494,4.927524489,130.962742205,0.119641777312,-0.137813011654,0.983205684961,0.612686207723,0.782742746835
126,-0.132050324,-4.945511539,-26.542879993,4.947274166,268.470506255,0.004890752728,0.183167094033,0.983069629376,0.612686207723,0.782742746835
127,3.451684937,3.571612639,-26.539205984,4.966945313,45.978270305,-0.127840182843,-0.132281949596,0.982933554958,0.612686207723,0.782742746835
128,-4.977312016,-0.303207722,-26.535531466,4.986538862,183.486034355,0.184344889468,0.011229915613,0.982797461699,0.612686207723,0.782742746835
129,3.890094970,-3.150834021,-26.531856439,5.006055723,320.993798405,-0.144077591477,0.116697556321,0.982661349592,0.612686207723,0.782742746835
130,-0.742951261,4.970275787,-26.528180903,5.025496789,98.501562455,0.027516713357,-0.184084288419,0.982525218630,0.612686207723,0.782742746835
131,-2.820370716,-4.182840074,-26.524504858,5.044862937,236.009326505,0.104458174650,0.154920002727,0.982389068803,0.612686207723,0.782742746835
132,4.923879166,1.183672292,-26.520828303,5.064155026,13.517090555,-0.182365895021,-0.043839714513,0.982252900105,0.612686207723,0.782742746835
133,-4.447087647,2.462539679,-26.517151238,5.083373900,151.024854605,0.164706949883,-0.091205173291,0.982116712527,0.612686207723,0.782742746835
134,1.621807981,-4.837918267,-26.513473664,5.102520386,288.532618655,-0.060066962276,0.179182158032,0.981980506062,0.612686207723,0.782742746835
135,2.079842283,4.680277176,-26.509795579,5.121595295,66.040382705,-0.077031195653,-0.173343599103,0.981844280702,0.612686207723,0.782742746835
136,-4.712514332,-2.053769976,-26.506116984,5.140599424,203.548146755,0.174537567837,0.076065554666,0.981708036438,0.612686207723,0.782742746835
137,4.880071671,-1.675018507,-26.502437878,5.159533556,341.055910805,-0.180743395235,0.062037722488,0.981571773263,0.612686207723,0.782742746835
138,-2.475974201,4.548116352,-26.498758262,5.178398458,118.563674855,0.091702748198,-0.168448753765,0.981435491170,0.612686207723,0.782742746835
139,-1.251026657,-5.044379741,-26.495078134,5.197194885,256.071438905,0.046334320638,0.186828879305,0.981299190150,0.612686207723,0.782742746835
140,4.345500964,2.884870902,-26.491397495,5.215923576,33.579202955,-0.160944480145,-0.106847070441,0.981162870195,0.612686207723,0.782742746835
141,-5.171375801,0.811021054,-26.487716345,5.234585258,171.086967005,0.191532437071,-0.030037816828,0.981026531298,0.612686207723,0.782742746835
142,3.276974669,-4.105769590,-26.484034683,5.253180646,308.594731055,-0.121369432168,0.152065540360,0.980890173450,0.612686207723,0.782742746835
143,0.358327878,5.259518239,-26.480352509,5.271710442,86.102495105,-0.013271402883,-0.194796971831,0.980753796644,0.612686207723,0.782742746835
144,-3.830342823,-3.648894204,-26.476669824,5.290175333,223.610259155,0.141864549009,0.135144229781,0.980617400871,0.612686207723,0.782742746835
145,5.307565372,0.103580658,-26.472986625,5.308575999,1.118023205,-0.196576495268,-0.003836320649,0.980480986125,0.612686207723,0.782742746835
146,-3.997361574,3.520952095,-26.469302915,5.326913103,138.625787255,0.148050428679,-0.130405633143,0.980344552396,0.612686207723,0.782742746835
147,0.571113583,-5.314589030,-26.465618691,5.345187301,276.133551306,-0.021152354943,0.196836630756,0.980208099677,0.612686207723,0.782742746835
148,3.179628659,4.319260696,-26.461933955,5.363399236,53.641315356,-0.117764024394,-0.159972618360,0.980071627961,0.612686207723,0.782742746835
149,-5.279985655,-1.040589702,-26.458248705,5.381549539,191.149079406,0.195555024243,0.038540359351,0.979935137238,0.612686207723,0.782742746835
150,4.611654816,-2.808689975,-26.454562943,5.399638832,328.656843456,-0.170802030223,0.104025554635,0.979798627502,0.612686207723,0.782742746835
151,-1.508267126,5.203484782,-26.450876666,5.417667727,106.164607506,0.055861745395,-0.192721658581,0.979662098744,0.612686207723,0.782742746835
152,-2.410723584,-4.871812750,-26.447189876,5.435636823,243.672371556,0.089286058668,0.180437509270,0.979525550956,0.612686207723,0.782742746835
153,5.085154834,1.970373585,-26.443502572,5.453546713,21.180135606,-0.188339067918,-0.072976799459,0.979388984131,0.612686207723,0.782742746835
154,-5.097233644,1.988568581,-26.439814753,5.471397977,158.687899656,0.188786431271,-0.073650688189,0.979252398260,0.612686207723,0.782742746835
155,2.423137276,-4.925406140,-26.436126420,5.489191188,296.195663706,-0.089745825043,0.182422449632,0.979115793335,0.612686207723,0.782742746835
156,1.545294836,5.285670047,-26.432437572,5.506926909,73.703427756,-0.057233142076,-0.195765557313,0.978979169348,0.612686207723,0.782742746835
157,-4.724991146,-2.862817970,-26.428748210,5.524605693,211.211191806,0.174999672063,0.106030295194,0.978842526293,0.612686207723,0.782742746835
158,5.435149090,-1.084180107,-26.425058332,5.542228084,348.718955856,-0.201301818149,0.040154818771,0.978705864159,0.612686207723,0.782742746835
159,-3.285738152,4.485001784,-26.421367939,5.559794620,126.226719906,0.121694005646,-0.166111177198,0.978569182940,0.612686207723,0.782742746835
160,-0.608685224,-5.543991575,-26.417677031,5.577305827,263.734483956,0.022543897195,0.205333021306,0.978432482627,0.612686207723,0.782742746835
161,4.206864014,3.688313914,-26.413985607,5.594762226,41.242248006,-0.155809778305,-0.136604219054,0.978295763213,0.612686207723,0.782742746835
162,-5.610828810,0.122427539,-26.410293667,5.612164328,178.750012056,0.207808474463,-0.004534353296,0.978159024690,0.612686207723,0.782742746835
163,4.067085351,-3.892329542,-26.406601210,5.629512636,316.257776106,-0.150632790795,0.144160353409,0.978022267048,0.612686207723,0.782742746835
164,-0.370847164,5.634617021,-26.402908238,5.646807647,93.765540156,0.013735080131,-0.208689519313,0.977885490281,0.612686207723,0.782742746835
165,-3.543464781,-4.418746205,-26.399214748,5.664049847,231.273304206,0.131239436332,0.163657266835,0.977748694381,0.612686207723,0.782742746835
166,5.614649212,0.867294058,-26.395520742,5.681239720,8.781068256,-0.207949970799,-0.032122002131,0.977611879339,0.612686207723,0.782742746835
167,-4.740172498,3.162637114,-26.391826219,5.698377737,146.288832306,0.175561944379,-0.117134707928,0.977475045147,0.612686207723,0.782742746835
168,1.362999749,-5.550564349,-26.388131179,5.715464365,283.796596356,-0.050481472182,0.205576457362,0.977338191797,0.612686207723,0.782742746835
169,2.752498555,5.028449929,-26.384435621,5.732500064,61.304360406,-0.101944390939,-0.186238886247,0.977201319282,0.612686207723,0.782742746835
170,-5.442353783,-1.854013580,-26.380739545,5.749485286,198.812124456,0.201568658645,0.068667169638,0.977064427592,0.612686207723,0.782742746835
171,5.280899766,-2.315966925,-26.377042951,5.766420479,336.319888506,-0.195588880228,0.085776552767,0.976927516721,0.612686207723,0.782742746835
172,-2.336379517,5.290364824,-26.373345840,5.783306080,113.827652556,0.086532574701,-0.195939437910,0.976790586660,0.612686207723,0.782742746835
173,-1.856204672,-5.495103048,-26.369648210,5.800142523,251.335416607,0.068748321181,0.203522335106,0.976653637401,0.612686207723,0.782742746835
174,5.095301416,2.806168356,-26.365950061,5.816930236,28.843180657,-0.188714867276,-0.103932161340,0.976516668935,0.612686207723,0.782742746835
175,-5.668922848,1.376595508,-26.362251394,5.833669638,166.350944707,0.209960105470,-0.050985018801,0.976379681256,0.612686207723,0.782742746835
176,3.259509995,-4.858221909,-26.358552208,5.850361145,303.858708757,-0.120722592410,0.179934144765,0.976242674354,0.612686207723,0.782742746835
177,0.880719017,5.800524426,-26.354852502,5.867005164,81.366472807,-0.032619222859,-0.214834237984,0.976105648222,0.612686207723,0.782742746835
178,-4.580533882,-3.692625494,-26.351152277,5.883602100,218.874236857,0.169649403020,0.136763907170,0.975968602851,0.612686207723,0.782742746835
179,5.888393075,-0.372323450,-26.347451532,5.900152350,356.382000907,-0.218088632394,0.013789757398,0.975831538234,0.612686207723,0.782742746835
180,-4.101858666,4.263986082,-26.343750268,5.916656305,133.889764957,0.151920691352,-0.157925410455,0.975694454362,0.612686207723,0.782742746835
181,0.144703106,-5.931349502,-26.340048483,5.933114351,271.397529007,-0.005359374291,0.219679611195,0.975557351227,0.612686207723,0.782742746835
182,3.910657495,4.483706942,-26.336346178,5.949526871,48.905293057,-0.144839166484,-0.166063220068,0.975420228821,0.612686207723,0.782742746835
183,-5.928562600,-0.666362935,-26.332643353,5.965894238,186.413057107,0.219576392586,0.024680108699,0.975283087136,0.612686207723,0.782742746835
184,4.834851227,-3.522943621,-26.328940006,5.982216825,323.920821157,-0.179068563949,0.130479393358,0.975145926164,0.612686207723,0.782742746835
185,-1.188580062,5.879559478,-26.325236139,5.998494996,101.428585207,0.044021483790,-0.217761462133,0.975008745896,0.612686207723,0.782742746835
186,-3.103540056,-5.152184528,-26.321531751,6.014729112,238.936349257,0.114945928007,0.190821649190,0.974871546326,0.612686207723,0.782742746835
187,5.784232662,1.707232522,-26.317826841,6.030919529,16.444113307,-0.214230839321,-0.063230834154,0.974734327443,0.612686207723,0.782742746835
188,-5.432839086,2.655423489,-26.314121409,6.047066598,153.951877357,0.201216262459,-0.098349018122,0.974597089241,0.612686207723,0.782742746835
189,2.218185273,-5.642844373,-26.310415456,6.063170666,291.459641407,-0.082155010093,0.208994236044,0.974459831710,0.612686207723,0.782742746835
190,2.181830243,5.674211786,-26.306708981,6.079232073,68.967405457,-0.080808527527,-0.210155992066,0.974322554844,0.612686207723,0.782742746835
191,-5.456027833,-2.717323492,-26.303001983,6.095251158,206.475169507,0.202075104927,0.100641610831,0.974185258633,0.612686207723,0.782742746835
192,5.873987624,-1.686232530,-26.299294463,6.111228253,343.982933557,-0.217555097192,0.062453056669,0.974047943070,0.612686207723,0.782742746835
193,-3.200585991,5.224785560,-26.295586420,6.127163686,121.490697607,0.118540221898,-0.193510576283,0.973910608146,0.612686207723,0.782742746835
194,-1.172312589,-6.030161035,-26.291877854,6.143057782,258.998461657,0.043418984776,0.223339297575,0.973773253853,0.612686207723,0.782742746835
195,4.950484651,3.663998458,-26.288168765,6.158910860,36.506225707,-0.183351283389,-0.135703646596,0.973635880183,0.612686207723,0.782742746835
196,-6.141054869,0.643934905,-26.284459152,6.174723238,174.013989757,0.227446476618,-0.023849440941,0.973498487128,0.612686207723,0.782742746835
197,4.103706280,-4.634849071,-26.280749016,6.190495226,311.521753807,-0.151989121467,0.171661076701,0.973361074680,0.612686207723,0.782742746835
198,0.105116723,6.205336872,-26.277038356,6.206227132,89.029517857,-0.003893211978,-0.229827291544,0.973223642829,0.612686207723,0.782742746835
199,-4.279948970,-4.516006655,-26.273327172,6.221919261,226.537281907,0.158516628511,0.167259505748,0.973086191569,0.612686207723,0.782742746835
200,6.222033494,0.440002921,-26.269615464,6.237571913,4.045045958,-0.230445684962,-0.016296404493,0.972948720891,0.612686207723,0.782742746835
201,-4.897379743,3.888187123,-26.265903231,6.253185384,141.552810008,0.181384434920,-0.144006930476,0.972811230786,0.612686207723,0.782742746835
202,0.987195406,-6.190540910,-26.262190474,6.268759967,279.060574058,-0.036562792812,0.229279292954,0.972673721247,0.612686207723,0.782742746835
203,3.462282558,5.244518576,-26.258477191,6.284295951,56.568338108,-0.128232687332,-0.194241428729,0.972536192265,0.612686207723,0.782742746835
204,-6.110633132,-1.532175710,-26.254763383,6.299793622,194.076102158,0.226319745626,0.056747248517,0.972398643832,0.612686207723,0.782742746835
205,5.554357497,-3.005251496,-26.251049050,6.315253261,331.583866208,-0.205716944325,0.111305610961,0.972261075939,0.612686207723,0.782742746835
206,-2.070636327,5.982467136,-26.247334192,6.330675148,109.091630258,0.076690234336,-0.221572856891,0.972123488579,0.612686207723,0.782742746835
207,-2.520385736,-5.824098870,-26.243618807,6.346059558,246.599394308,0.093347619843,0.215707365573,0.971985881743,0.612686207723,0.782742746835
208,5.806584931,2.598281629,-26.239902896,6.361406762,24.107158358,-0.215058701161,-0.096232652916,0.971848255422,0.612686207723,0.782742746835
209,-6.051237842,2.011228642,-26.236186459,6.376717029,161.614922408,0.224119920058,-0.074489949692,0.971710609610,0.612686207723,0.782742746835
210,3.110862405,-5.583912539,-26.232469496,6.391990624,299.122686458,-0.115217126104,0.206811575506,0.971572944296,0.612686207723,0.782742746835
211,1.481548911,6.233584927,-26.228752006,6.407227811,76.630450508,-0.054872181873,-0.230873515820,0.971435259474,0.612686207723,0.782742746835
212,-5.315755863,-3.604210302,-26.225033989,6.422428847,214.138214558,0.196879846780,0.133489270437,0.971297555134,0.612686207723,0.782742746835
213,6.369286243,-0.935312316,-26.221315444,6.437593989,351.645978608,-0.235899490480,0.034641196876,0.971159831269,0.612686207723,0.782742746835
214,-4.074271879,5.003793471,-26.217596372,6.452723491,129.153742658,0.150898958490,-0.185325684123,0.971022087870,0.612686207723,0.782742746835
215,-0.376651641,-6.456841183,-26.213876773,6.467817602,266.661506708,0.013950060789,0.239142266052,0.970884324928,0.612686207723,0.782742746835
216,4.650066312,4.517142006,-26.210156646,6.482876569,44.169270758,-0.172224678204,-0.167301555777,0.970746542436,0.612686207723,0.782742746835
217,-6.495117395,-0.190164960,-26.206435990,6.497900636,181.677034808,0.240559903500,0.007043146679,0.970608740386,0.612686207723,0.782742746835
218,4.929096322,-4.256964436,-26.202714807,6.512890046,319.184798858,-0.182559123021,0.157665349486,0.970470918767,0.612686207723,0.782742746835
219,-0.760766947,6.483362900,-26.198993094,6.527845038,96.692562908,0.028176553587,-0.240124551835,0.970333077574,0.612686207723,0.782742746835
220,-3.827210815,-5.306622494,-26.195270854,6.542765846,234.200326958,0.141748548701,0.196541573838,0.970195216796,0.612686207723,0.782742746835
221,6.421215259,1.330715439,-26.191548084,6.557652704,11.708091008,-0.237822787388,-0.049285757009,0.970057336427,0.612686207723,0.782742746835
222,-5.646450011,3.363842348,-26.187824784,6.572505844,149.215855058,0.209127778175,-0.124586753629,0.969919436456,0.612686207723,0.782742746835
223,1.895538085,-6.308707674,-26.184100956,6.587325492,286.723619108,-0.070205114262,0.233655839763,0.969781516877,0.612686207723,0.782742746835
224,2.870188213,5.945578260,-26.180376597,6.602111876,64.231383158,-0.106303267142,-0.220206602213,0.969643577680,0.612686207723,0.782742746835
225,-6.146271950,-2.450764455,-26.176651709,6.616865217,201.739147208,0.227639701851,0.090769053889,0.969505618858,0.612686207723,0.782742746835
226,6.201302650,-2.349845702,-26.172926291,6.631585736,339.246911259,-0.229677875913,0.087031322282,0.969367640402,0.612686207723,0.782742746835
227,-2.991961691,5.934738300,-26.169200342,6.646273652,116.754675309,0.110813395965,-0.219805122225,0.969229642303,0.612686207723,0.782742746835
228,-1.806653726,-6.411238558,-26.165473863,6.660929179,254.262439359,0.066913100955,0.237453279913,0.969091624553,0.612686207723,0.782742746835
229,5.675331937,3.514770122,-26.161746853,6.675552532,31.770203409,-0.210197479155,-0.130176671172,0.968953587144,0.612686207723,0.782742746835
230,-6.573342890,1.244664186,-26.158019312,6.690143921,169.277967459,0.243457144065,-0.046098673557,0.968815530068,0.612686207723,0.782742746835
231,4.014938555,-5.369666485,-26.154291240,6.704703555,306.785731509,-0.148701427976,0.198876536467,0.968677453315,0.612686207723,0.782742746835
232,0.668111423,6.685933066,-26.150562636,6.719231640,84.293495559,-0.024744867503,-0.247627150593,0.968539356878,0.612686207723,0.782742746835
233,-5.019734224,-4.488358969,-26.146833500,6.733728381,221.801259609,0.185916082383,0.166235517352,0.968401240748,0.612686207723,0.782742746835
234,6.747703260,-0.081379979,-26.143103833,6.748193980,359.309023659,-0.249914935567,0.003014073313,0.968263104916,0.612686207723,0.782742746835
235,-4.931100303,4.627893244,-26.139373633,6.762628636,136.816787709,0.182633344538,-0.171403453465,0.968124949375,0.612686207723,0.782742746835
236,0.511029071,-6.757737745,-26.135642901,6.777032547,274.324551759,-0.018927002612,0.250286583157,0.967986774116,0.612686207723,0.782742746835
237,4.196851561,5.339441094,-26.131911637,6.791405909,51.832315809,-0.155438946710,-0.197757077551,0.967848579130,0.612686207723,0.782742746835
238,-6.715521216,-1.104532978,-26.128179839,6.805748915,189.340079859,0.248723007988,0.040908628830,0.967710364409,0.612686207723,0.782742746835
239,5.709900667,-3.729648341,-26.124447509,6.820061757,326.847843909,-0.211477802473,0.138135123759,0.967572129944,0.612686207723,0.782742746835
240,-1.694503078,6.620945988,-26.120714645,6.834344625,104.355607959,0.062759373260,-0.245220221764,0.967433875728,0.612686207723,0.782742746835
241,-3.229632326,-6.039268628,-26.116981247,6.848597705,241.863372009,0.119616012090,0.223676615866,0.967295601751,0.612686207723,0.782742746835
242,6.474315994,2.276301170,-26.113247316,6.862821184,19.371136059,-0.239789481258,-0.084307450744,0.967157308005,0.612686207723,0.782742746835
243,-6.324632419,2.700437641,-26.109512851,6.877015245,156.878900109,0.234245645141,-0.100016208911,0.967018994481,0.612686207723,0.782742746835
244,2.845316244,-6.276347523,-26.105777852,6.891180070,294.386664159,-0.105382083102,0.232457315679,0.966880661172,0.612686207723,0.782742746835
245,2.145957146,6.563402682,-26.102042318,6.905315839,71.894428209,-0.079479894288,-0.243088988223,0.966742308068,0.612686207723,0.782742746835
246,-6.028166675,-3.397001244,-26.098306249,6.919422730,209.402192259,0.223265432412,0.125814860889,0.966603935161,0.612686207723,0.782742746835
247,6.753336240,-1.570313542,-26.094569646,6.933500919,346.909956309,-0.250123564445,0.058159760826,0.966465542443,0.612686207723,0.782742746835
248,-3.926909590,5.731303529,-26.090832507,6.947550581,124.417720359,0.145441095927,-0.212270501072,0.966327129905,0.612686207723,0.782742746835
249,-0.977828434,-6.892556471,-26.087094834,6.961571888,261.925484409,0.036215867908,0.255279869282,0.966188697538,0.612686207723,0.782742746835
250,5.387683054,4.430731151,-26.083356624,6.975565011,39.433248459,-0.199543816811,-0.164101153747,0.966050245335,0.612686207723,0.782742746835
251,-6.979570909,0.372989588,-26.079617879,6.989530120,176.941012509,0.258502626242,-0.013814429190,0.965911773286,0.612686207723,0.782742746835
252,4.904327389,-4.999612809,-26.075878597,7.003467382,314.448776559,-0.181641755141,0.185170844780,0.965773281383,0.612686207723,0.782742746835
253,-0.239583350,7.013285911,-26.072138780,7.017376964,91.956540610,0.008873457406,-0.259751330046,0.965634769617,0.612686207723,0.782742746835
254,-4.569767513,-5.343765378,-26.068398425,7.031259029,229.464304660,0.169250648614,0.197917236213,0.965496237980,0.612686207723,0.782742746835
255,6.993018253,0.855174440,-26.064657535,7.045113740,6.972068710,-0.259000676033,-0.031673127412,0.965357686464,0.612686207723,0.782742746835
256,-5.745350428,4.101170582,-26.060916107,7.058941258,144.479832760,0.212790756587,-0.151895206759,0.965219115059,0.612686207723,0.782742746835
257,1.469008035,-6.918503534,-26.057174141,7.072741743,281.987596810,-0.054407705016,0.256240871641,0.965080523757,0.612686207723,0.782742746835
258,3.597172777,6.105657037,-26.053431639,7.086515352,59.495360860,-0.133228621383,-0.226135445803,0.964941912550,0.612686207723,0.782742746835
259,-6.789901321,-2.076286100,-26.049688599,7.100262243,197.003124910,0.251477826700,0.076899485184,0.964803281429,0.612686207723,0.782742746835
260,6.421557915,-3.061428088,-26.045945020,7.113982569,334.510888960,-0.237835478328,0.113386225491,0.964664630386,0.612686207723,0.782742746835
261,-2.672225959,6.607796947,-26.042200904,7.127676485,112.018653010,0.098971331826,-0.244733220260,0.964525959411,0.612686207723,0.782742746835
262,-2.497867058,-6.690250841,-26.038456249,7.141344142,249.526417060,0.092513594732,0.247787068168,0.964387268497,0.612686207723,0.782742746835
263,6.373199951,3.252098186,-26.034711056,7.154985690,27.034181110,-0.236044442624,-0.120448080962,0.964248557634,0.612686207723,0.782742746835
264,-6.909283115,1.910667721,-26.030965324,7.168601279,164.541945160,0.255899374624,-0.070765471155,0.964109826814,0.612686207723,0.782742746835
265,3.811264319,-6.087539131,-26.027219053,7.182191057,302.049709210,-0.141157937724,0.225464412264,0.963971076029,0.612686207723,0.782742746835
266,1.304224388,7.076573408,-26.023472242,7.195755169,79.557473260,-0.048304606963,-0.262095311415,0.963832305269,0.612686207723,0.782742746835
267,-5.752654244,-4.345214113,-26.019724892,7.209293761,217.065237310,0.213061268285,0.160933856027,0.963693514527,0.612686207723,0.782742746835
268,7.190430807,-0.683114498,-26.015977002,7.222806976,354.573001360,-0.266312252118,0.025300536949,0.963554703793,0.612686207723,0.782742746835
269,-4.849602025,5.370784383,-26.012228573,7.236294956,132.080765410,0.179614889807,-0.198917940109,0.963415873059,0.612686207723,0.782742746835
270,-0.052063802,-7.249570892,-26.008479603,7.249757842,269.588529460,0.001928288970,0.268502625646,0.963277022316,0.612686207723,0.782742746835
271,4.944553120,5.320282632,-26.004730092,7.263195773,47.096293510,-0.183131597038,-0.197047504888,0.963138151556,0.612686207723,0.782742746835
272,-7.253128701,-0.584089858,-26.000980041,7.276608889,184.604057560,0.268634396341,0.021632957689,0.962999260770,0.612686207723,0.782742746835
273,5.753344701,-4.476950496,-25.997229449,7.289997325,322.111821610,-0.213086840789,0.165812981331,0.962860349949,0.612686207723,0.782742746835
274,-1.220433903,7.200668452,-25.993478315,7.303361217,99.619585660,0.045201255684,-0.266691424158,0.962721419085,0.612686207723,0.782742746835
275,-3.971311993,-6.145143627,-25.989726641,7.316700701,237.127349710,0.147085629375,0.227597912129,0.962582468169,0.612686207723,0.782742746835
276,7.092189936,1.852019207,-25.985974424,7.330015909,14.635113760,-0.262673701316,-0.068593303978,0.962443497192,0.612686207723,0.782742746835
277,-6.492331972,3.431294634,-25.982221666,7.343306973,152.142877810,0.240456739704,-0.127084986462,0.962304506145,0.612686207723,0.782742746835
278,2.473898818,-6.928131495,-25.978468366,7.356574025,289.650641860,-0.091625882160,0.256597462792,0.962165495020,0.612686207723,0.782742746835
279,2.860850382,6.791887849,-25.974714523,7.369817193,67.158405911,-0.105957421550,-0.251551401806,0.962026463809,0.612686207723,0.782742746835
280,-6.709369563,-3.081166922,-25.970960138,7.383036607,204.666169961,0.248495168996,0.114117293419,0.961887412501,0.612686207723,0.782742746835
281,7.041140918,-2.264197029,-25.967205209,7.396232393,342.173934011,-0.260782996958,0.083859149225,0.961748341090,0.612686207723,0.782742746835
282,-3.668997729,6.437214720,-25.963449738,7.409404678,119.681698061,0.135888804791,-0.238415359998,0.961609249565,0.612686207723,0.782742746835
283,-1.645786805,-7.237795766,-25.959693724,7.422553588,257.189462111,0.060955066866,0.268066509869,0.961470137919,0.612686207723,0.782742746835
284,6.113404305,4.232683976,-25.955937166,7.435679246,34.697226161,-0.226422381677,-0.156766073196,0.961331006142,0.612686207723,0.782742746835
285,-7.379952475,1.010272925,-25.952180064,7.448781774,172.204990211,0.273331573158,-0.037417515734,0.961191854226,0.612686207723,0.782742746835
286,4.767674739,-5.740091600,-25.948422418,7.461861296,309.712754261,-0.176580545891,0.212595985195,0.961052682163,0.612686207723,0.782742746835
287,0.362474334,7.466124191,-25.944664228,7.474917931,87.220518311,-0.013424975341,-0.276523118174,0.960913489942,0.612686207723,0.782742746835
288,-5.319831660,-5.269612250,-25.940905494,7.487951799,224.728282361,0.197030802222,0.195170824056,0.960774277556,0.612686207723,0.782742746835
289,7.495251545,0.292661071,-25.937146215,7.500963020,2.236046411,-0.277601909081,-0.010839298917,0.960635044996,0.612686207723,0.782742746835
290,-5.734367419,4.855563882,-25.933386391,7.513951710,139.743810461,0.212383978485,-0.179835699317,0.960495792252,0.612686207723,0.782742746835
291,0.950094479,-7.466713793,-25.929626022,7.526917987,277.251574511,-0.035188684421,0.276544955286,0.960356519317,0.612686207723,0.782742746835
292,4.350591429,6.158073780,-25.925865107,7.539861966,54.759338561,-0.161133015877,-0.228076806666,0.960217226181,0.612686207723,0.782742746835
293,-7.380336552,-1.604735155,-25.922103647,7.552783761,192.267102611,0.273345798212,0.059434635389,0.960077912836,0.612686207723,0.782742746835
294,6.537159566,-3.808557657,-25.918341640,7.565683486,329.774866661,-0.242117020949,0.141057691001,0.959938579273,0.612686207723,0.782742746835
295,-2.251480080,7.236396074,-25.914579088,7.578561255,107.282630711,0.083388151094,-0.268014669412,0.959799225483,0.612686207723,0.782742746835
296,-3.233419709,-6.868377665,-25.910815989,7.591417178,244.790394761,0.119756285522,0.254384357971,0.959659851457,0.612686207723,0.782742746835
297,7.035619986,2.885253933,-25.907052344,7.604251366,22.298158811,-0.260578518000,-0.106861256771,0.959520457186,0.612686207723,0.782742746835
298,-7.148833203,2.629419472,-25.903288152,7.617063931,159.805922861,0.264771600111,-0.097385906352,0.959381042662,0.612686207723,0.782742746835
299,3.501049110,-6.779184474,-25.899523413,7.629854979,297.313686911,-0.129668485540,0.251080906439,0.959241607875,0.612686207723,0.782742746835
300,2.001052109,7.376008510,-25.895758126,7.642624620,74.821450961,-0.074113041069,-0.273185500354,0.959102152818,0.612686207723,0.782742746835
301,-6.468707918,-4.093965441,-25.891992292,7.655372960,212.329215011,0.239581774725,0.151628349655,0.958962677480,0.612686207723,0.782742746835
302,7.547785273,-1.353032409,-25.888225910,7.668100106,349.836979061,-0.279547602707,0.050112311457,0.958823181854,0.612686207723,0.782742746835
303,-4.659249312,6.106241000,-25.884458980,7.680806163,127.344743111,0.172564789341,-0.226157074084,0.958683665930,0.612686207723,0.782742746835
304,-0.690259195,-7.662463679,-25.880691502,7.693491235,264.852507161,0.025565155385,0.283794951061,0.958544129700,0.612686207723,0.782742746835
305,5.694253353,5.192331867,-25.876923475,7.706155427,42.360271212,-0.210898272317,-0.192308587668,0.958404573154,0.612686207723,0.782742746835
306,-7.718778367,0.017778070,-25.873154900,7.718798840,179.868035262,0.285880680257,-0.000658447031,0.958264996284,0.612686207723,0.782742746835
307,5.688865982,-5.235616817,-25.869385775,7.731421578,317.375799312,-0.210698740059,0.193911733976,0.958125399081,0.612686207723,0.782742746835
308,-0.659257218,7.715911068,-25.865616101,7.744023740,94.883563362,0.024416933988,-0.285774484008,0.957985781536,0.612686207723,0.782742746835
309,-4.733585448,-6.144761719,-25.861845878,7.756605428,232.391327412,0.175317979546,0.227583767354,0.957846143639,0.612686207723,0.782742746835
310,7.653499793,1.335624486,-25.858075105,7.769166741,9.899091462,-0.283462955286,-0.049467573570,0.957706485383,0.612686207723,0.782742746835
311,-6.556219967,4.191772378,-25.854303782,7.781707777,147.406855512,0.242822961744,-0.155250828802,0.957566806759,0.612686207723,0.782742746835
312,2.006073615,-7.531644485,-25.850531909,7.794228634,284.914619562,-0.074299022778,0.278949795748,0.957427107756,0.612686207723,0.782742746835
313,3.614123730,6.919763995,-25.846759486,7.806729410,62.422383612,-0.133856434452,-0.256287555353,0.957287388367,0.612686207723,0.782742746835
314,-7.350909079,-2.665367491,-25.842986512,7.819210200,199.930147662,0.272255891820,0.098717314496,0.957147648583,0.612686207723,0.782742746835
315,7.232268648,-3.004889753,-25.839212987,7.831671101,337.437911712,-0.267861801796,0.111292213072,0.957007888394,0.612686207723,0.782742746835
316,-3.308323101,7.112319914,-25.835438910,7.844112207,114.945675762,0.122530485233,-0.263419256091,0.956868107792,0.612686207723,0.782742746835
317,-2.368593392,-7.490986966,-25.831664283,7.856533611,252.453439812,0.087725681201,0.277443961708,0.956728306767,0.612686207723,0.782742746835
318,6.817360510,3.929852432,-25.827889103,7.868935408,29.961203862,-0.252494833709,-0.145550090073,0.956588485311,0.612686207723,0.782742746835
319,-7.693573966,1.709996542,-25.824113372,7.881317691,167.468967912,0.284947183917,-0.063333205248,0.956448643415,0.612686207723,0.782742746835
320,4.525002868,-6.467962714,-25.820337089,7.893680549,304.976731962,-0.167592698805,0.239554174575,0.956308781070,0.612686207723,0.782742746835
321,1.034064214,7.838107418,-25.816560253,7.906024076,82.484496012,-0.038298674584,-0.290300274739,0.956168898266,0.612686207723,0.782742746835
322,-6.066494276,-5.088996755,-25.812782865,7.918348361,219.992260062,0.224684973167,0.188481361308,0.956028994996,0.612686207723,0.782742746835
323,7.923105415,-0.345926912,-25.809004924,7.930653494,357.500024112,-0.293448348707,0.012812107870,0.955889071249,0.612686207723,0.782742746835
324,-5.617269823,5.615742930,-25.805226429,7.942939564,135.007788162,0.208047030489,-0.207990478896,0.955749127017,0.612686207723,0.782742746835
325,0.349158513,-7.947540584,-25.801447382,7.955206660,272.515552212,-0.012931796768,0.294353354964,0.955609162291,0.612686207723,0.782742746835
326,5.118897085,6.105508146,-25.797667781,7.967454868,50.023316262,-0.189588780914,-0.226129931316,0.955469177062,0.612686207723,0.782742746835
327,-7.910850811,-1.045849228,-25.793887626,7.979684277,187.531080312,0.292994474466,0.038735156606,0.955329171320,0.612686207723,0.782742746835
328,6.549683351,-4.579523254,-25.790106917,7.991894971,325.038844362,-0.242580864864,0.169611972355,0.955189145058,0.612686207723,0.782742746835
329,-1.738757682,7.812946373,-25.786325653,8.004087038,102.546608412,0.064398432685,-0.289368384195,0.955049098265,0.612686207723,0.782742746835
330,-4.001540397,-6.946085792,-25.782543835,8.016260561,240.054372462,0.148205199905,0.257262436753,0.954909030933,0.612686207723,0.782742746835
331,7.654213410,2.422493455,-25.778761462,8.028415626,17.562136512,-0.283489385548,-0.089721979828,0.954768943052,0.612686207723,0.782742746835
332,-7.291355397,3.389191351,-25.774978535,8.040552316,155.069900563,0.270050199900,-0.125525605579,0.954628834615,0.612686207723,0.782742746835
333,3.091705368,-7.435513670,-25.771195051,8.052670713,292.577664613,-0.114507606227,0.275389395180,0.954488705611,0.612686207723,0.782742746835
334,2.747011548,7.582509957,-25.767411013,8.064770902,70.085428663,-0.101741168453,-0.280833702113,0.954348556031,0.612686207723,0.782742746835
335,-7.158180536,-3.741123520,-25.763626418,8.076852962,207.593192713,0.265117797622,0.138560130356,0.954208385867,0.612686207723,0.782742746835
336,7.816970604,-2.079795283,-25.759841268,8.088916976,345.100956763,-0.289517429792,0.077029454929,0.954068195110,0.612686207723,0.782742746835
337,-4.365600920,6.824011323,-25.756055561,8.100963025,122.608720813,0.161688922971,-0.252741160098,0.953927983750,0.612686207723,0.782742746835
338,-1.392559746,-7.992584273,-25.752269298,8.112991187,260.116484863,0.051576286875,0.296021639734,0.953787751778,0.612686207723,0.782742746835
339,6.435255898,4.960154393,-25.748482478,8.125001543,37.624248913,-0.238342811046,-0.183709421971,0.953647499185,0.612686207723,0.782742746835
340,-8.107642942,0.690507117,-25.744695101,8.136994172,175.132012963,0.300283071933,-0.025574337683,0.953507225962,0.612686207723,0.782742746835
341,5.520004418,-5.994601693,-25.740907167,8.148969152,312.639777013,-0.204444608061,0.222022284943,0.953366932101,0.612686207723,0.782742746835
342,-0.021014994,8.160899502,-25.737118675,8.160926560,90.147541063,0.000778333102,-0.302255537110,0.953226617591,0.612686207723,0.782742746835
343,-5.505155201,-6.040613594,-25.733329625,8.172866473,227.655305113,0.203894637089,0.223726429423,0.953086282424,0.612686207723,0.782742746835
344,8.151580090,0.736554475,-25.729540018,8.184788969,5.163069163,-0.301910373719,-0.027279795378,0.952945926590,0.612686207723,0.782742746835
345,-6.517723425,4.970420092,-25.725749852,8.196694123,142.670833213,0.241397163907,-0.184089633039,0.952805550081,0.612686207723,0.782742746835
346,1.450596672,-8.079392794,-25.721959128,8.208582010,280.178597263,-0.053725802670,0.299236770136,0.952665152887,0.612686207723,0.782742746835
347,4.394272098,6.947389109,-25.718167845,8.220452706,57.686361313,-0.162750818429,-0.257310707733,0.952524735000,0.612686207723,0.782742746835
348,-7.944532618,-2.157607068,-25.714376003,8.232306285,195.194125363,0.294241948807,0.079911372878,0.952384296409,0.612686207723,0.782742746835
349,7.326012065,-3.780930848,-25.710583602,8.244142821,332.701889413,-0.271333780180,0.140034475846,0.952243837107,0.612686207723,0.782742746835
350,-2.852074350,7.747682675,-25.706790641,8.255962387,110.209653463,0.105632383321,-0.286951210183,0.952103357083,0.612686207723,0.782742746835
351,-3.134928862,-7.650369928,-25.702997121,8.267765055,247.717417513,0.116108476370,0.283347034370,0.951962856328,0.612686207723,0.782742746835
352,7.490011555,3.528553526,-25.699203041,8.279550899,25.225181563,-0.277407835380,-0.130687167620,0.951822334834,0.612686207723,0.782742746835
353,-7.917643753,2.461077925,-25.695408400,8.291319989,162.732945613,0.293246064942,-0.091151034258,0.951681792591,0.612686207723,0.782742746835
354,4.181708751,-7.173166885,-25.691613199,8.303072397,300.240709663,-0.154878101892,0.265672847585,0.951541229590,0.612686207723,0.782742746835
355,1.764433099,8.125442213,-25.687817437,8.314808195,77.748473713,-0.065349374045,-0.300942304173,0.951400645822,0.612686207723,0.782742746835
356,-6.799265101,-4.806355529,-25.684021114,8.326527451,215.256237763,0.251824633381,0.178013167745,0.951260041278,0.612686207723,0.782742746835
357,8.271822571,-1.050254642,-25.680224231,8.338230236,352.764001813,-0.306363798943,0.038898320082,0.951119415947,0.612686207723,0.782742746835
358,-5.397501952,6.370877508,-25.676426785,8.349916619,130.271765864,0.199907479705,-0.235958426223,0.950978769822,0.612686207723,0.782742746835
359,-0.323968118,-8.355308270,-25.672628778,8.361586669,267.779529914,0.011998819174,0.309455861837,0.950838102893,0.612686207723,0.782742746835
360,5.891012697,5.950388652,-25.668830209,8.373240454,45.287293964,-0.218185655428,-0.220384764881,0.950697415151,0.612686207723,0.782742746835
361,-8.374902947,-0.408876995,-25.665031078,8.384878042,182.795058014,0.310181590644,0.015143592419,0.950556706585,0.612686207723,0.782742746835
362,6.460527143,-5.363095458,-25.661231384,8.396499500,320.302822064,-0.239278783058,0.198633165114,0.950415977188,0.612686207723,0.782742746835
363,-1.142649879,8.330100791,-25.657431128,8.408104895,97.810586114,0.042320365889,-0.308522251508,0.950275226950,0.612686207723,0.782742746835
364,-4.790942331,-6.923736245,-25.653630308,8.419694294,235.318350164,0.177442308539,0.256434675744,0.950134455862,0.612686207723,0.782742746835
365,8.220893095,1.871681811,-25.649828926,8.431267763,12.826114214,-0.304477522046,-0.069321548542,0.949993663914,0.612686207723,0.782742746835
366,-7.336176298,4.178733957,-25.646026980,8.442825366,150.333878264,0.271710233266,-0.154767924329,0.949852851097,0.612686207723,0.782742746835
367,2.590310117,-8.047770979,-25.642224470,8.454367170,287.841642314,-0.095937411756,0.298065591821,0.949712017402,0.612686207723,0.782742746835
368,3.530984455,7.694380878,-25.638421396,8.465893238,65.349406364,-0.130777202027,-0.284977069554,0.949571162820,0.612686207723,0.782742746835
369,-7.811724204,-3.292922311,-25.634617758,8.477403635,202.857170414,0.289323118681,0.121960085593,0.949430287340,0.612686207723,0.782742746835
370,7.995285764,-2.852508023,-25.630813556,8.488898425,340.364934464,-0.296121694958,0.105648445308,0.949289390955,0.612686207723,0.782742746835
371,-3.974000056,7.514236095,-25.627008789,8.500377671,117.872698514,0.147185187268,-0.278305040574,0.949148473654,0.612686207723,0.782742746835
372,-2.148383035,-8.236254911,-25.623203457,8.511841435,255.380462564,0.079569742030,0.305046478184,0.949007535429,0.612686207723,0.782742746835
373,7.157274578,4.628162629,-25.619397559,8.523289782,32.888226614,-0.265084243623,-0.171413430691,0.948866576269,0.612686207723,0.782742746835
374,-8.415103210,1.423913880,-25.615591097,8.534722771,170.395990664,0.311670489270,-0.052737551103,0.948725596167,0.612686207723,0.782742746835
375,5.250209519,-6.743279385,-25.611784068,8.546140465,307.903754714,-0.194452204391,0.249751088337,0.948584595111,0.612686207723,0.782742746835
376,0.684590854,8.530115843,-25.607976474,8.557542926,85.411518764,-0.025355216809,-0.315930216405,0.948443573094,0.612686207723,0.782742746835
377,-6.275145518,-5.835161843,-25.604168313,8.568930214,222.919282814,0.232412796969,0.216117105296,0.948302530105,0.612686207723,0.782742746835
378,8.580064060,0.063951609,-25.600359586,8.580302389,0.427046864,-0.317780150377,-0.002368578121,0.948161466135,0.612686207723,0.782742746835
379,-6.378302236,5.756203067,-25.596550292,8.591659512,137.934810914,0.236233416162,-0.213192706169,0.948020381176,0.612686207723,0.782742746835
380,0.815978040,-8.564217248,-25.592740431,8.603001641,275.442574964,-0.030221408883,0.317193231422,0.947879275217,0.612686207723,0.782742746835
381,5.190193532,6.875212899,-25.588930003,8.614328837,52.950339014,-0.192229390092,-0.254637514791,0.947738148249,0.612686207723,0.782742746835
382,-8.482351166,-1.565696038,-25.585119007,8.625641158,190.458103064,0.314161154308,0.057988742162,0.947597000262,0.612686207723,0.782742746835
383,7.321811500,-4.581242826,-25.581307444,8.636938663,327.965867114,-0.271178203697,0.169675660225,0.947455831249,0.612686207723,0.782742746835
384,-2.307301045,8.334752272,-25.577495312,8.648221409,105.473631164,0.085455594268,-0.308694528589,0.947314641198,0.612686207723,0.782742746835
385,-3.933831127,-7.714384634,-25.573682613,8.659489455,242.981395215,0.145697449155,0.285717949422,0.947173430100,0.612686207723,0.782742746835
386,8.122218086,3.035021427,-25.569869345,8.670742858,20.489159265,-0.300822892075,-0.112408201014,0.947032197947,0.612686207723,0.782742746835
387,-8.049618577,3.252759834,-25.566055508,8.681981673,157.996923315,0.298134021380,-0.120472586453,0.946890944729,0.612686207723,0.782742746835
388,3.743163530,-7.846053571,-25.562241102,8.693205960,295.504687365,-0.138635686303,0.290594576710,0.946749670436,0.612686207723,0.782742746835
389,2.543115845,8.324627063,-25.558426127,8.704415772,73.012451415,-0.094189475746,-0.308319520836,0.946608375058,0.612686207723,0.782742746835
390,-7.508063535,-4.426156342,-25.554610582,8.715611167,210.520215465,0.278076427214,0.163931716384,0.946467058587,0.612686207723,0.782742746835
391,8.536975869,-1.810233436,-25.550794467,8.726792199,348.027979515,-0.316184291454,0.067045682829,0.946325721013,0.612686207723,0.782742746835
392,-5.078595423,7.110541097,-25.546977783,8.737958924,125.535743565,0.188096126768,-0.263353373973,0.946184362327,0.612686207723,0.782742746835
393,-1.059654028,-8.684704001,-25.543160528,8.749111397,263.043507615,0.039246445471,0.321655703735,0.946042982519,0.612686207723,0.782742746835
394,6.656252297,5.695285742,-25.539342703,8.760249672,40.551271665,-0.246527862844,-0.210936508951,0.945901581579,0.612686207723,0.782742746835
395,-8.766341278,0.297084136,-25.535524306,8.771373803,178.059035715,0.324679306610,-0.011003116162,0.945760159498,0.612686207723,0.782742746835
396,6.271283098,-6.148416933,-25.531705339,8.782483844,315.566799765,-0.232269744362,0.227719145659,0.945618716267,0.612686207723,0.782742746835
397,-0.471648159,8.780922193,-25.527885801,8.793579848,93.074563815,0.017468450320,-0.325219340490,0.945477251876,0.612686207723,0.782742746835
398,-5.590685780,-6.801933779,-25.524065691,8.804661869,230.582327865,0.207062436303,0.251923473295,0.945335766316,0.612686207723,0.782742746835
399,8.727995891,1.240637909,-25.520245009,8.815729959,8.090091915,-0.323259107091,-0.045949552190,0.945194259576,0.612686207723,0.782742746835
400,-7.282912150,4.987114336,-25.516423755,8.826784170,145.597855965,0.269737487031,-0.184707938362,0.945052731649,0.612686207723,0.782742746835
401,2.003948803,-8.607632198,-25.512601928,8.837824555,283.105620015,-0.074220326047,0.318801192508,0.944911182523,0.612686207723,0.782742746835
402,4.342133285,7.710255863,-25.508779529,8.848851165,60.613384065,-0.160819751312,-0.285565031946,0.944769612190,0.612686207723,0.782742746835
403,-8.420423609,-2.755659132,-25.504956557,8.859864052,198.121148115,0.311867541081,0.102061449342,0.944628020640,0.612686207723,0.782742746835
404,8.080398405,-3.660515908,-25.501133012,8.870863266,335.628912165,-0.299274014982,0.135574663260,0.944486407863,0.612686207723,0.782742746835
405,-3.489907862,8.167483228,-25.497308894,8.881848860,113.136676215,0.129255846724,-0.302499378823,0.944344773851,0.612686207723,0.782742746835
406,-2.947342656,-8.390198717,-25.493484202,8.892820882,250.644440265,0.109160839113,0.310748100628,0.944203118593,0.612686207723,0.782742746835
407,7.850438630,4.200940447,-25.489658936,8.903779384,28.152204315,-0.290756986289,-0.155590386924,0.944061442079,0.612686207723,0.782742746835
408,-8.636967639,2.207963177,-25.485833096,8.914724415,165.659968365,0.319887690349,-0.081776413973,0.943919744301,0.612686207723,0.782742746835
409,4.883154037,-7.471421694,-25.482006682,8.925656025,303.167732415,-0.180857556926,0.276719321987,0.943778025248,0.612686207723,0.782742746835
410,1.447956061,8.818490959,-25.478179693,8.936574263,80.675496465,-0.053628002275,-0.326610776261,0.943636284912,0.612686207723,0.782742746835
411,-7.033054462,-5.531141706,-25.474352129,8.947479177,218.183260516,0.260483498579,0.204857100207,0.943494523282,0.612686207723,0.782742746835
412,8.933048870,-0.673086617,-25.470523989,8.958370818,355.691024566,-0.330853661847,0.024929133948,0.943352740349,0.612686207723,0.782742746835
413,-6.139735366,6.538431113,-25.466695275,8.969249232,133.198788616,0.227397606133,-0.242164115304,0.943210936103,0.612686207723,0.782742746835
414,0.110737005,-8.979431673,-25.462865984,8.980114468,270.706552666,-0.004101370544,0.332571543454,0.943069110535,0.612686207723,0.782742746835
415,5.991096182,6.704047022,-25.459036118,8.990966574,48.214316716,-0.221892451174,-0.248298037863,0.942927263634,0.612686207723,0.782742746835
416,-8.956951581,-0.897508994,-25.455205676,9.001805597,185.722080766,0.331738947432,0.033241073860,0.942785395393,0.612686207723,0.782742746835
417,7.219508037,-5.395019165,-25.451374657,9.012631585,323.229844816,-0.267389186574,0.199815524615,0.942643505800,0.612686207723,0.782742746835
418,-1.681172046,8.865450509,-25.447543061,9.023444584,100.737608866,0.062265631318,-0.328350018836,0.942501594846,0.612686207723,0.782742746835
419,-4.754565710,-7.681906089,-25.443710888,9.034244642,238.245372916,0.176095026290,0.284515040320,0.942359662521,0.612686207723,0.782742746835
420,8.705303787,2.455664124,-25.439878138,9.045031803,15.753136966,-0.322418658792,-0.090950523115,0.942217708817,0.612686207723,0.782742746835
421,-8.087419525,4.074465587,-25.436044811,9.055806115,153.260901016,0.299534056487,-0.150906132864,0.942075733722,0.612686207723,0.782742746835
422,3.214965487,-8.477419737,-25.432210905,9.066567624,290.768665066,-0.119072795829,0.313978508762,0.941933737228,0.612686207723,0.782742746835
423,3.359777682,8.432648841,-25.428376422,9.077316374,68.276429116,-0.124436210433,-0.312320327458,0.941791719325,0.612686207723,0.782742746835
424,-8.183235092,-3.953145591,-25.424541360,9.088052411,205.784193166,0.303082781172,0.146412799668,0.941649680003,0.612686207723,0.782742746835
425,8.714645009,-2.615852265,-25.420705720,9.098775781,343.291957216,-0.322764629960,0.096883417240,0.941507619253,0.612686207723,0.782742746835
426,-4.664409513,7.824706300,-25.416869501,9.109486527,120.799721266,0.172755907887,-0.289803937031,0.941365537064,0.612686207723,0.782742746835
427,-1.848290835,-8.930934433,-25.413032703,9.120184694,258.307485316,0.068455216125,0.330775349374,0.941223433427,0.612686207723,0.782742746835
428,7.404296734,5.343143532,-25.409195325,9.130870327,35.815249366,-0.274233212382,-0.197894204903,0.941081308332,0.612686207723,0.782742746835
429,-9.079540324,1.062903814,-25.405357368,9.141543470,173.323013416,0.336279271264,-0.039366807911,0.940939161770,0.612686207723,0.782742746835
430,5.983959505,-6.924959909,-25.401518831,9.152204166,310.830777466,-0.221628129803,0.256479996620,0.940796993731,0.612686207723,0.782742746835
431,0.265666435,9.159000301,-25.397679714,9.162852458,88.338541516,-0.009839497598,-0.339222233370,0.940654804205,0.612686207723,0.782742746835
432,-6.390118806,-6.581737681,-25.393840016,9.173488390,225.846305566,0.236671066873,0.243768062244,0.940512593182,0.612686207723,0.782742746835
433,9.168380074,0.537326844,-25.389999738,9.184112005,3.354069616,-0.339569632379,-0.019900994207,0.940370360653,0.612686207723,0.782742746835
434,-7.131667630,5.803641462,-25.386158878,9.194723345,140.861833666,0.264135838134,-0.214949683781,0.940228106608,0.612686207723,0.782742746835
435,1.339909066,-9.107283084,-25.382317438,9.205322454,278.369597716,-0.049626261693,0.337306780889,0.940085831037,0.612686207723,0.782742746835
436,5.169812988,7.629286940,-25.378475416,9.215909372,55.877361766,-0.191474555126,-0.282566182977,0.939943533930,0.612686207723,0.782742746835
437,-8.975856001,-2.135888265,-25.374632812,9.226484142,193.385125817,0.332439111145,0.079106972786,0.939801215278,0.612686207723,0.782742746835
438,8.070517387,-4.493304220,-25.370789627,9.237046807,330.892889867,-0.298908051370,0.166418674817,0.939658875070,0.612686207723,0.782742746835
439,-2.919095362,8.774790029,-25.366945859,9.247597406,108.400653917,0.108114643043,-0.324992223293,0.939516513298,0.612686207723,0.782742746835
440,-3.779137235,-8.451698269,-25.363101509,9.258135982,245.908417967,0.139968045729,0.313025861800,0.939374129950,0.612686207723,0.782742746835
441,8.505317982,3.683432090,-25.359256575,9.268662576,23.416182017,-0.315011777113,-0.136423410748,0.939231725018,0.612686207723,0.782742746835
442,-8.769616650,3.032647988,-25.355411059,9.279177227,160.923946067,0.324800616685,-0.112320295855,0.939089298491,0.612686207723,0.782742746835
443,4.422918584,-8.169207140,-25.351564960,9.289679978,298.431710117,-0.163811799398,0.302563227404,0.938946850360,0.612686207723,0.782742746835
444,2.259446349,9.021534258,-25.347718277,9.300170868,75.939474167,-0.083683198095,-0.334130898444,0.938804380615,0.612686207723,0.782742746835
445,-7.768747919,-5.131740252,-25.343871010,9.310649937,213.447238217,0.287731404417,0.190064453778,0.938661889246,0.612686207723,0.782742746835
446,9.205210800,-1.465373829,-25.340023159,9.321117225,350.955002267,-0.340933733318,0.054273104790,0.938519376243,0.612686207723,0.782742746835
447,-5.804293573,7.306738433,-25.336174723,9.331572772,128.462766317,0.214973836029,-0.270619941947,0.938376841596,0.612686207723,0.782742746835
448,-0.656459338,-9.318923522,-25.332325703,9.342016617,265.970530367,0.024313308831,0.345145315642,0.938234285295,0.612686207723,0.782742746835
449,6.786465036,6.435230444,-25.328476098,9.352448800,43.478294417,-0.251350556888,-0.238341868306,0.938091707332,0.612686207723,0.782742746835
450,-9.361482832,-0.161126717,-25.324625908,9.362869359,180.986058467,0.346721586369,0.005967656198,0.937949107695,0.612686207723,0.782742746835
451,7.019500744,-6.211679002,-25.320775132,9.373278333,318.493822517,-0.259981509027,0.230062185243,0.937806486374,0.612686207723,0.782742746835
452,-0.981119625,9.332243839,-25.316923771,9.383675761,96.001586567,0.036337763887,-0.345638660699,0.937663843361,0.612686207723,0.782742746835
453,-5.586569479,-7.552392755,-25.313071823,9.394061681,233.509350617,0.206909980702,0.279718250172,0.937521178644,0.612686207723,0.782742746835
454,9.231113724,1.797208491,-25.309219290,9.404436131,11.017114667,-0.341893100876,-0.066563277457,0.937378492215,0.612686207723,0.782742746835
455,-8.029571138,4.915732942,-25.305366170,9.414799149,148.524878717,0.297391523641,-0.182064183020,0.937235784063,0.612686207723,0.782742746835
456,2.603084933,-9.058554847,-25.301512463,9.425150773,286.032642767,-0.096410553089,0.335502031387,0.937093054178,0.612686207723,0.782742746835
457,4.204139340,8.447112145,-25.297658169,9.435491040,63.540406817,-0.155708864443,-0.312856005352,0.936950302550,0.612686207723,0.782742746835
458,-8.815583565,-3.392491955,-25.293803288,9.445819988,201.048170867,0.326503094986,0.125647850180,0.936807529170,0.612686207723,0.782742746835
459,8.801535776,-3.457095213,-25.289947819,9.456137654,338.555934917,-0.325982806513,0.128040563447,0.936664734027,0.612686207723,0.782742746835
460,-4.159272631,8.503764730,-25.286091762,9.466444074,116.063698967,0.154047134469,-0.314954249267,0.936521917112,0.612686207723,0.782742746835
461,-2.680204030,-9.089834643,-25.282235117,9.476739285,253.571463017,0.099266815938,0.336660542331,0.936379078414,0.612686207723,0.782742746835
462,8.125201926,4.897418219,-25.278377884,9.487023324,31.079227067,-0.300933404673,-0.181385859979,0.936236217924,0.612686207723,0.782742746835
463,-9.309499272,1.879324063,-25.274520062,9.497296228,168.586991117,0.344796269342,-0.069604594933,0.936093335631,0.612686207723,0.782742746835
464,5.601115328,-7.682523466,-25.270661651,9.507558031,306.094755168,-0.207448715834,0.284537906132,0.935950431526,0.612686207723,0.782742746835
465,1.060524102,9.458539656,-25.266802651,9.517808770,83.602519218,-0.039278670462,-0.350316283540,0.935807505598,0.612686207723,0.782742746835
466,-7.178864266,-6.264791753,-25.262943062,9.528048481,221.110283268,0.265883861707,0.232029324203,0.935664557838,0.612686207723,0.782742746835
467,9.535502858,-0.230037358,-25.259082882,9.538277200,358.618047318,-0.353166772521,0.008519902142,0.935521588235,0.612686207723,0.782742746835
468,-6.883160652,6.617843717,-25.255222113,9.548494961,136.125811368,0.254931875997,-0.245105322842,0.935378596781,0.612686207723,0.782742746835
469,0.605786110,-9.539486532,-25.251360754,9.558701800,273.633575418,-0.022436522591,0.353314315983,0.935235583463,0.612686207723,0.782742746835
470,6.003539694,7.451262666,-25.247498803,9.568897751,51.141339468,-0.222353322004,-0.275972691326,0.935092548273,0.612686207723,0.782742746835
471,-9.470148212,-1.440528060,-25.243636262,9.579082850,188.649103518,0.350746230077,0.053352891109,0.934949491201,0.612686207723,0.782742746835
472,7.964505692,-5.340458914,-25.239773130,9.589257131,326.156867568,-0.294981692288,0.197794774596,0.934806412236,0.612686207723,0.782742746835
473,-2.267751471,9.327710312,-25.235909407,9.599420629,103.664631618,0.083990795226,-0.345470752307,0.934663311368,0.612686207723,0.782742746835
474,-4.633503835,-8.418701960,-25.232045092,9.609573377,241.172395668,0.171611253155,0.311803776296,0.934520188588,0.612686207723,0.782742746835
475,9.112960752,3.081050291,-25.228180185,9.619715409,18.680159718,-0.337517064883,-0.114112973730,0.934377043885,0.612686207723,0.782742746835
476,-8.810102129,3.887936357,-25.224314686,9.629846761,156.187923768,0.326300078851,-0.143997642835,0.934233877249,0.612686207723,0.782742746835
477,3.874099146,-8.827249205,-25.220448594,9.639967464,293.695687818,-0.143485153550,0.326935155727,0.934090688670,0.612686207723,0.782742746835
478,3.109338580,9.135426119,-25.216581910,9.650077554,71.203451868,-0.115160688161,-0.338349115532,0.933947478138,0.612686207723,0.782742746835
479,-8.472478974,-4.640702631,-25.212714632,9.660177062,208.711215918,0.313795517538,0.171877875224,0.933804245643,0.612686207723,0.782742746835
480,9.391890433,-2.303570931,-25.208846762,9.670266022,346.218979968,-0.347847793821,0.085317441899,0.933660991175,0.612686207723,0.782742746835
481,-5.374843788,8.051094539,-25.204978298,9.680344468,123.726744018,0.199068288449,-0.298188686626,0.933517714723,0.612686207723,0.782742746835
482,-1.476727949,-9.577231733,-25.201109240,9.690412432,261.234508068,0.054693627723,0.354712286400,0.933374416278,0.612686207723,0.782742746835
483,7.566064860,6.070731398,-25.197239587,9.700469946,38.742272118,-0.280224624459,-0.224841903619,0.933231095830,0.612686207723,0.782742746835
484,-9.689726482,0.635092084,-25.193369341,9.710517043,176.250036168,0.358878758593,-0.023521929052,0.933087753367,0.612686207723,0.782742746835
485,6.722845711,-7.020862545,-25.189498500,9.720553756,313.757800218,-0.248994285588,0.260031946114,0.932944388881,0.612686207723,0.782742746835
486,-0.214914140,9.728206480,-25.185627064,9.730580117,91.265564268,0.007959782950,-0.360303943706,0.932801002361,0.612686207723,0.782742746835
487,-6.419439027,-7.325982259,-25.181755033,9.740596156,228.773328318,0.237757001005,0.271332676261,0.932657593796,0.612686207723,0.782742746835
488,9.692070153,1.066777254,-25.177882406,9.750601908,6.281092368,-0.358965561222,-0.039510268664,0.932514163177,0.612686207723,0.782742746835
489,-7.875293395,5.766195937,-25.174009183,9.760597402,143.788856418,0.291677533142,-0.213562812477,0.932370710494,0.612686207723,0.782742746835
490,1.913942862,-9.581289497,-25.170135365,9.770582670,281.296620469,-0.070886772675,0.354862573981,0.932227235736,0.612686207723,0.782742746835
491,5.065952866,8.366327232,-25.166260950,9.780557744,58.804384519,-0.187627883924,-0.309863971552,0.932083738893,0.612686207723,0.782742746835
492,-9.396412606,-2.749866179,-25.162385939,9.790522656,196.312148569,0.348015281709,0.101846895526,0.931940219954,0.612686207723,0.782742746835
493,8.795063672,-4.323911766,-25.158510331,9.800477435,333.819912619,-0.325743098950,0.160144880208,0.931796678911,0.612686207723,0.782742746835
494,-3.568062693,9.138561738,-25.154634125,9.810422112,111.327676669,0.132150470109,-0.338465249561,0.931653115752,0.612686207723,0.782742746835
495,-3.545618241,-9.157947226,-25.150757323,9.820356720,248.835440719,0.131319194109,0.339183230582,0.931509530467,0.612686207723,0.782742746835
496,8.809426932,4.362158560,-25.146879922,9.830281287,26.343204769,-0.326275071562,-0.161561428150,0.931365923046,0.612686207723,0.782742746835
497,-9.451916367,2.736920030,-25.143001924,9.840195844,163.850968819,0.350070976544,-0.101367408519,0.931222293479,0.612686207723,0.782742746835
498,5.125940341,-8.411255195,-25.139123327,9.850100422,301.358732869,-0.189849642251,0.311527970181,0.931078641755,0.612686207723,0.782742746835
499,1.903922979,9.674429166,-25.135244132,9.859995051,78.866496919,-0.070515665893,-0.358312191351,0.930934967864,0.612686207723,0.782742746835
500,-7.946835331,-5.853403686,-25.131364339,9.869879760,216.374260969,0.294327234482,0.216792729095,0.930791271797,0.612686207723,0.782742746835
501,9.823485008,-1.052944847,-25.127483946,9.879754580,353.882025019,-0.363832778092,0.038997957279,0.930647553542,0.612686207723,0.782742746835
502,-6.538800591,7.419478517,-25.123602953,9.889619540,131.389789069,0.242177799677,-0.274795500635,0.930503813090,0.612686207723,0.782742746835
503,-0.190467285,-9.897642190,-25.119721362,9.899474669,268.897553119,0.007054343885,0.366579340385,0.930360050429,0.612686207723,0.782742746835
504,6.832994753,7.176684855,-25.115839170,9.909319996,46.405317169,-0.253073879728,-0.265803142765,0.930216265551,0.612686207723,0.782742746835
505,-9.896031265,-0.676913632,-25.111956378,9.919155552,183.913081219,0.366519676495,0.025070875258,0.930072458444,0.612686207723,0.782742746835
506,7.761955364,-6.191665356,-25.108072986,9.928981365,321.420845269,-0.287479828281,0.229320939112,0.929928629098,0.612686207723,0.782742746835
507,-1.542537959,9.818364002,-25.104188993,9.938797464,98.928609319,0.057131035537,-0.363643111170,0.929784777504,0.612686207723,0.782742746835
508,-5.500211704,-8.289896882,-25.100304399,9.948603877,236.436373369,0.203711544587,0.307033217851,0.929640903649,0.612686207723,0.782742746835
509,9.664937875,2.399733122,-25.096419203,9.958400634,13.944137419,-0.357960662028,-0.088879004508,0.929497007525,0.612686207723,0.782742746835
510,-8.756218002,4.763760442,-25.092533406,9.968187762,151.451901469,0.324304370458,-0.176435571932,0.929353089121,0.612686207723,0.782742746835
511,3.241865445,-9.436636041,-25.088647008,9.977965290,288.959665519,-0.120069090546,0.349505038556,0.929209148427,0.612686207723,0.782742746835
512,3.987805425,9.157085961,-25.084760007,9.987733247,66.467429569,-0.147696497239,-0.339151331891,0.929065185431,0.612686207723,0.782742746835
513,-9.134922774,-4.062391585,-25.080872403,9.997491660,203.975193619,0.338330473125,0.150458947605,0.928921200124,0.612686207723,0.782742746835
514,9.489158034,-3.178166668,-25.076984197,10.007240557,341.482957669,-0.351450297560,0.117709876576,0.928777192496,0.612686207723,0.782742746835
515,-4.854909456,8.761834386,-25.073095388,10.016979966,118.990721719,0.179811461327,-0.324512384684,0.928633162536,0.612686207723,0.782742746835
516,-2.340946611,-9.749609258,-25.069205976,10.026709915,256.498485769,0.086701726328,0.361096639183,0.928489110234,0.612686207723,0.782742746835
517,8.319965683,5.613208248,-25.065315961,10.036430431,34.006249820,-0.308146877137,-0.207896601770,0.928345035578,0.612686207723,0.782742746835
518,-9.936156245,1.482484044,-25.061425341,10.046141541,171.514013870,0.368005786865,-0.054906816427,0.928200938560,0.612686207723,0.782742746835
519,6.331317164,-7.812452043,-25.057534118,10.055843274,309.021777920,-0.234493228283,0.289350075662,0.928056819168,0.612686207723,0.782742746835
520,0.609306013,10.047076899,-25.053642290,10.065535655,86.529541970,-0.022566889376,-0.372113959210,0.927912677392,0.612686207723,0.782742746835
521,-7.242947249,-7.003552473,-25.049749857,10.075218712,224.037306020,0.268257305534,0.259390832341,0.927768513221,0.612686207723,0.782742746835
522,10.081225851,0.271921897,-25.045856819,10.084892472,1.545070070,-0.373378735227,-0.010071181382,0.927624326646,0.612686207723,0.782742746835
523,-7.624562524,6.615597219,-25.041963177,10.094556962,139.052834120,0.282391204607,-0.245022119235,0.927480117656,0.612686207723,0.782742746835
524,1.154446552,-10.038045502,-25.038068928,10.104212207,276.560598170,-0.042757279717,0.371779463021,0.927335886239,0.612686207723,0.782742746835
525,5.935009829,8.189370351,-25.034174074,10.113858236,54.068362220,-0.219815178835,-0.303310013000,0.927191632386,0.612686207723,0.782742746835
526,-9.917572541,-2.031479114,-25.030278614,10.123495073,191.576126270,0.367317501503,0.075239967183,0.927047356087,0.612686207723,0.782742746835
527,8.693413539,-5.206221048,-25.026382548,10.133122745,329.083890320,-0.321978279229,0.192823001782,0.926903057330,0.612686207723,0.782742746835
528,-2.896247361,9.720439901,-25.022485875,10.142741278,106.591654370,0.107268420768,-0.360016292627,0.926758736106,0.612686207723,0.782742746835
529,-4.434657642,-9.132581033,-25.018588595,10.152350699,244.099418420,0.164246579330,0.338243741951,0.926614392404,0.612686207723,0.782742746835
530,9.447874101,3.742048072,-25.014690708,10.161951033,21.607182470,-0.349921262989,-0.138594373039,0.926470026213,0.612686207723,0.782742746835
531,-9.503246581,3.626096702,-25.010792213,10.171542306,159.114946520,0.351972095600,-0.134299877840,0.926325637522,0.612686207723,0.782742746835
532,4.562299071,-9.101687983,-25.006893111,10.181124543,296.622710570,-0.168974039672,0.337099554918,0.926181226322,0.612686207723,0.782742746835
533,2.786622323,9.802298560,-25.002993400,10.190697769,74.130474620,-0.103208234170,-0.363048094813,0.926036792602,0.612686207723,0.782742746835
534,-8.684268891,-5.350590523,-24.999093081,10.200262012,211.638238670,0.321639588538,0.198170019359,0.925892336350,0.612686207723,0.782742746835
535,10.027165916,-1.922579744,-24.995192154,10.209817294,349.146002720,-0.371376515413,0.071206657179,0.925747857558,0.612686207723,0.782742746835
536,-6.100735085,8.198562355,-24.991290618,10.219363643,126.653766770,0.225953151287,-0.303650457582,0.925603356214,0.612686207723,0.782742746835
537,-1.040527301,-10.175840028,-24.987388472,10.228901082,264.161530820,0.038538048202,0.376882963991,0.925458832307,0.612686207723,0.782742746835
538,7.648051402,6.806816522,-24.983485717,10.238429636,41.669294870,-0.283261163043,-0.252104315625,0.925314285827,0.612686207723,0.782742746835
539,-10.246892290,0.147186557,-24.979582353,10.247949331,179.177058920,0.379514529267,-0.005451353967,0.925169716763,0.612686207723,0.782742746835
540,7.463236398,-7.036731630,-24.975678378,10.257460191,316.684822970,-0.276416162879,0.260619690015,0.925025125105,0.612686207723,0.782742746835
541,-0.750609017,10.239487280,-24.971773793,10.266962240,94.192587020,0.027800333950,-0.379240269612,0.924880510843,0.612686207723,0.782742746835
542,-6.369082227,-8.064758478,-24.967868597,10.276455504,231.700351070,0.235891934335,0.298694758439,0.924735873965,0.612686207723,0.782742746835
543,10.153391374,1.645966403,-24.963962790,10.285940006,9.208115121,-0.376051532381,-0.060961718612,0.924591214461,0.612686207723,0.782742746835
544,-8.606550491,5.650033143,-24.960056373,10.295415770,146.715879171,0.318761129297,-0.209260486788,0.924446532320,0.612686207723,0.782742746835
545,2.531986054,-9.988976753,-24.956149343,10.304882821,284.223643221,-0.093777261249,0.369962101970,0.924301827532,0.612686207723,0.782742746835
546,4.884928663,9.084222916,-24.952241702,10.314341182,61.731407271,-0.180923283803,-0.336452700596,0.924157100086,0.612686207723,0.782742746835
547,-9.747220721,-3.401815150,-24.948333449,10.323790879,199.239171321,0.361008174861,0.125993153716,0.924012349972,0.612686207723,0.782742746835
548,9.493864483,-4.079487635,-24.944424584,10.333231933,336.746935371,-0.351624610482,0.151092134616,0.923867577178,0.612686207723,0.782742746835
549,-4.248700685,9.429700353,-24.940515106,10.342664369,114.254699421,0.157359284613,-0.349248161233,0.923722781694,0.612686207723,0.782742746835
550,-3.239760669,-9.832074102,-24.936605015,10.352088211,251.762463471,0.119991135877,0.364150892666,0.923577963510,0.612686207723,0.782742746835
551,9.038582479,5.066041964,-24.932694311,10.361503482,29.270227521,-0.334762314054,-0.187631183834,0.923433122615,0.612686207723,0.782742746835
552,-10.095988960,2.372084611,-24.928782993,10.370910206,166.777991571,0.373925517054,-0.087854985590,0.923288258998,0.612686207723,0.782742746835
553,5.847442120,-8.576609074,-24.924871061,10.380308404,304.285755621,-0.216571930389,0.317652187942,0.923143372648,0.612686207723,0.782742746835
554,1.483034645,10.283308557,-24.920958516,10.389698102,81.793519671,-0.054927209078,-0.380863279904,0.922998463554,0.612686207723,0.782742746835
555,-8.047078147,-6.586758233,-24.917045356,10.399079321,219.301283721,0.298039931382,0.243954008611,0.922853531707,0.612686207723,0.782742746835
556,10.392314474,-0.579374382,-24.913131582,10.408452085,356.809047771,-0.384900536072,0.021458310430,0.922708577095,0.612686207723,0.782742746835
557,-7.278149651,7.453820264,-24.909217192,10.417816416,134.316811821,0.269561098188,-0.276067417197,0.922563599708,0.612686207723,0.782742746835
558,0.331995687,-10.421885713,-24.905302187,10.427172337,271.824575871,-0.012296136541,0.385995767153,0.922418599534,0.612686207723,0.782742746835
559,6.801170871,7.916124166,-24.901386567,10.436519872,49.332339921,-0.251895217457,-0.293189783921,0.922273576563,0.612686207723,0.782742746835
560,-10.371509474,-1.244090967,-24.897470331,10.445859041,186.840103971,0.384129980525,0.046077443226,0.922128530785,0.612686207723,0.782742746835
561,8.495581636,-6.093938616,-24.893553479,10.455189868,324.347868021,-0.314651171699,0.225701430214,0.921983462188,0.612686207723,0.782742746835
562,-2.149896386,10.241287262,-24.889636011,10.464512376,101.855632071,0.079625792083,-0.379306935643,0.921838370762,0.612686207723,0.782742746835
563,-5.337369899,-9.011854742,-24.885717925,10.473826585,239.363396121,0.197680366645,0.333772397861,0.921693256495,0.612686207723,0.782742746835
564,10.031936271,3.042420430,-24.881799223,10.483132519,16.871160171,-0.371553195218,-0.112682238147,0.921548119378,0.612686207723,0.782742746835
565,-9.460746537,4.537109924,-24.877879904,10.492430200,154.378924221,0.350398019879,-0.168041108288,0.921402959399,0.612686207723,0.782742746835
566,3.914749190,-9.744786008,-24.873959967,10.501719648,291.886688271,-0.144990710753,0.360918000306,0.921257776548,0.612686207723,0.782742746835
567,3.699160517,9.838564484,-24.870039412,10.511000887,69.394452321,-0.137005945087,-0.364391277200,0.921112570814,0.612686207723,0.782742746835
568,-9.381770181,-4.760099999,-24.866118239,10.520273938,206.902216371,0.347472969651,0.176299999973,0.920967342185,0.612686207723,0.782742746835
569,10.142150725,-2.829835061,-24.862196448,10.529538822,344.409980421,-0.375635212042,0.104808705945,0.920822090652,0.612686207723,0.782742746835
570,-5.571874233,8.945413876,-24.858274037,10.538795561,121.917744472,0.206365712341,-0.331311625025,0.920676816203,0.612686207723,0.782742746835
571,-1.935710847,-10.368908307,-24.854351008,10.548044177,259.425508522,0.071692994331,0.384033640988,0.920531518827,0.612686207723,0.782742746835
572,8.438816132,6.343708877,-24.850427360,10.557284690,36.933272572,-0.312548745647,-0.234952180625,0.920386198513,0.612686207723,0.782742746835
573,-10.516823173,1.023579242,-24.846503092,10.566517123,174.441036622,0.389511969359,-0.037910342279,0.920240855252,0.612686207723,0.782742746835
574,7.069526443,-7.865628014,-24.842578204,10.575741496,311.948800672,-0.261834312698,0.291319556087,0.920095489031,0.612686207723,0.782742746835
575,0.100394013,10.584481721,-24.838652696,10.584957830,89.456564722,-0.003718296794,-0.392017841524,0.919950099840,0.612686207723,0.782742746835
576,-7.230026342,-7.743582855,-24.834726567,10.594166147,226.964328772,0.267778753401,0.286799365011,0.919804687668,0.612686207723,0.782742746835
577,10.571083782,0.826781762,-24.830799818,10.603366466,4.472092822,-0.391521621571,-0.030621546757,0.919659252504,0.612686207723,0.782742746835
578,-8.360512920,6.536683272,-24.826872447,10.612558810,141.979856872,0.309648626678,-0.242099380459,0.919513794338,0.612686207723,0.782742746835
579,1.750829829,-10.476450901,-24.822944455,10.621743198,279.487620922,-0.064845549230,0.388016700036,0.919368313158,0.612686207723,0.782742746835
580,5.790731950,8.915373023,-24.819015842,10.630919652,56.995384972,-0.214471553698,-0.330199000840,0.919222808953,0.612686207723,0.782742746835
581,-10.301029841,-2.664631481,-24.815086606,10.640088192,194.503149022,0.381519623756,0.098690054868,0.919077281712,0.612686207723,0.782742746835
582,9.403680710,-4.997728475,-24.811156748,10.649248837,332.010913072,-0.348284470737,0.185101054625,0.918931731425,0.612686207723,0.782742746835
583,-3.561122487,10.045891275,-24.807226268,10.658401610,109.518677122,0.131893425455,-0.372070047224,0.918786158081,0.612686207723,0.782742746835
584,-4.163610480,-9.821450846,-24.803295165,10.667546529,247.026441172,0.154207795552,0.363757438756,0.918640561668,0.612686207723,0.782742746835
585,9.712723642,4.433347774,-24.799363439,10.676683616,24.534205222,-0.359730505257,-0.164198065720,0.918494942175,0.612686207723,0.782742746835
586,-10.165228047,3.294652616,-24.795431089,10.685812890,162.041969272,0.376489927667,-0.122024170979,0.918349299593,0.612686207723,0.782742746835
587,5.274515457,-9.303822219,-24.791498116,10.694934370,299.549733322,-0.195352424316,0.344586008119,0.918203633908,0.612686207723,0.782742746835
588,2.397419290,10.432115127,-24.787564518,10.704048078,77.057497372,-0.088793307031,-0.386374634317,0.918057945112,0.612686207723,0.782742746835
589,-8.822073465,-6.078049779,-24.783630296,10.713154033,214.565261422,0.326743461665,0.225112954792,0.917912233192,0.612686207723,0.782742746835
590,10.619797332,-1.478714998,-24.779695450,10.722252255,352.073025472,-0.393325827114,0.054767222136,0.917766498138,0.612686207723,0.782742746835
591,-6.837642574,8.270934743,-24.775759978,10.731342763,129.580789522,0.253246021273,-0.306330916403,0.917620739938,0.612686207723,0.782742746835
592,-0.545532648,-10.726562157,-24.771823882,10.740425577,267.088553572,0.020204912889,0.397280079880,0.917474958582,0.612686207723,0.782742746835
593,7.654409569,7.547302816,-24.767887160,10.749500716,44.596317622,-0.283496650721,-0.279529733918,0.917329154059,0.612686207723,0.782742746835
594,-10.751314567,-0.394999749,-24.763949812,10.758568201,182.104081672,0.398196835826,0.014629620337,0.917183326357,0.612686207723,0.782742746835
595,8.201403893,-6.977018561,-24.760011838,10.767628049,319.611845722,-0.303755699728,0.258408094834,0.917037475465,0.612686207723,0.782742746835
596,-1.335673610,10.693587513,-24.756073237,10.776680281,97.119609773,0.049469392966,-0.396058796761,0.916891601373,0.612686207723,0.782742746835
597,-6.243766288,-8.794728222,-24.752134010,10.785724916,234.627373823,0.231250603254,0.325730674893,0.916745704069,0.612686207723,0.782742746835
598,10.553547616,2.269255109,-24.748194156,10.794761972,12.135137873,-0.390872133934,-0.084046485501,0.916599783542,0.612686207723,0.782742746835
599,-9.322508850,5.460104289,-24.744253674,10.803791469,149.642901923,0.345278105571,-0.202226084776,0.916453839781,0.612686207723,0.782742746835
600,3.188540882,-10.331995994,-24.740312565,10.812813426,287.150665973,-0.118094106759,0.382666518314,0.916307872775,0.612686207723,0.782742746835
601,4.631890503,9.780467710,-24.736370828,10.821827862,64.658430023,-0.171551500118,-0.362239544827,0.916161882513,0.612686207723,0.782742746835
602,-10.030364176,-4.086413689,-24.732428463,10.830834794,202.166194073,0.371494969482,0.151348655158,0.916015868984,0.612686207723,0.782742746835
603,10.164850228,-3.765345437,-24.728485469,10.839834243,339.673958123,-0.376475934375,0.139457238409,0.915869832177,0.612686207723,0.782742746835
604,-4.955897577,9.650705140,-24.724541846,10.848826227,117.181722173,0.183551762103,-0.357433523717,0.915723772080,0.612686207723,0.782742746835
605,-2.867005386,-10.472456001,-24.720597594,10.857810763,254.689486223,0.106185384679,0.387868740772,0.915577688682,0.612686207723,0.782742746835
606,9.195679528,5.790212144,-24.716652713,10.866787872,32.197250273,-0.340580723265,-0.214452301612,0.915431581973,0.612686207723,0.782742746835
607,-10.700665294,1.943673068,-24.712707202,10.875757570,169.705014323,0.396320936814,-0.071987891404,0.915285451941,0.612686207723,0.782742746835
608,6.582825465,-8.668537115,-24.708761061,10.884719877,307.212778373,-0.243808350545,0.321056930169,0.915139298574,0.612686207723,0.782742746835
609,1.002366034,10.847461141,-24.704814290,10.893674811,84.720542423,-0.037124667938,-0.401757820055,0.914993121862,0.612686207723,0.782742746835
610,-8.073093674,-7.327505271,-24.700866888,10.902622389,222.228306473,0.299003469395,0.271389084110,0.914846921794,0.612686207723,0.782742746835
611,10.911446863,-0.050263263,-24.696918856,10.911562630,359.736070523,-0.404127661588,0.001861602332,0.914700698358,0.612686207723,0.782742746835
612,-8.018367979,7.413703398,-24.692970192,10.920495553,137.243834573,0.296976591796,-0.274581607338,0.914554451543,0.612686207723,0.782742746835
613,0.905349673,-10.891858848,-24.689020896,10.929421174,274.751598623,-0.033531469379,0.403402179548,0.914408181338,0.612686207723,0.782742746835
614,6.695227073,8.649925185,-24.685070969,10.938339511,52.259362673,-0.247971373092,-0.320367599437,0.914261887731,0.612686207723,0.782742746835
615,-10.788574494,-1.857136434,-24.681120409,10.947250584,189.767126723,0.399576833109,0.068782830881,0.914115570712,0.612686207723,0.782742746835
616,9.217127263,-5.922996239,-24.677169217,10.956154408,327.274890773,-0.341375083797,0.219370231079,0.913969230269,0.612686207723,0.782742746835
617,-2.797766309,10.602115222,-24.673217393,10.965051003,104.782654823,0.103620974426,-0.392670934141,0.913822866391,0.612686207723,0.782742746835
618,-5.102773601,-9.715403705,-24.669264935,10.973940385,242.290418873,0.188991614847,0.359829766859,0.913676479067,0.612686207723,0.782742746835
619,10.333644527,3.719970758,-24.665311844,10.982822572,19.798182923,-0.382727575085,-0.137776694723,0.913530068285,0.612686207723,0.782742746835
620,-10.140699903,4.240709989,-24.661358119,10.991697582,157.305946973,0.375581477890,-0.157063332910,0.913383634034,0.612686207723,0.782742746835
621,4.616599637,-9.984961072,-24.657403760,11.000565431,294.813711023,-0.170985171725,0.369813373025,0.913237176303,0.612686207723,0.782742746835
622,3.343298182,10.489510053,-24.653448767,11.009426138,72.321475073,-0.123825858579,-0.388500372335,0.913090695080,0.612686207723,0.782742746835
623,-9.558486847,-5.480676706,-24.649493140,11.018279719,209.829239124,0.354018031369,0.202988026156,0.912944190355,0.612686207723,0.782742746835
624,10.758905937,-2.417323948,-24.645536877,11.027126191,347.337003174,-0.398477997676,0.089530516609,0.912797662116,0.612686207723,0.782742746835
625,-6.305453960,9.057250492,-24.641579979,11.035965572,124.844767224,0.233535331834,-0.335453721936,0.912651110351,0.612686207723,0.782742746835
626,-1.469814670,-10.946561334,-24.637622446,11.044797879,262.352531274,0.054437580374,0.405428197537,0.912504535049,0.612686207723,0.782742746835
627,8.484865876,7.084464365,-24.633664277,11.053623129,39.860295324,-0.314254291692,-0.262387569080,0.912357936199,0.612686207723,0.782742746835
628,-11.050771857,0.507985937,-24.629705472,11.062441338,177.368059374,0.409287846553,-0.018814293980,0.912211313790,0.612686207723,0.782742746835
629,7.811572607,-7.845506092,-24.625746031,11.071252523,314.875823424,-0.289317503952,0.290574299690,0.912064667809,0.612686207723,0.782742746835
630,-0.460813472,11.070470064,-24.621785953,11.080056701,92.383587474,0.017067165611,-0.410017409790,0.911917998247,0.612686207723,0.782742746835
631,-7.143873061,-8.481023421,-24.617825237,11.088853889,229.891351524,0.264587891159,0.314111978543,0.911771305091,0.612686207723,0.782742746835
632,11.005235690,1.429157815,-24.613863885,11.097644104,7.399115574,-0.407601321857,-0.052931770914,0.911624588330,0.612686207723,0.782742746835
633,-9.087487153,6.385162957,-24.609901895,11.106427361,144.906879624,0.336573598245,-0.236487516913,0.911477847953,0.612686207723,0.782742746835
634,2.389601378,-10.855300920,-24.605939267,11.115203678,282.414643674,-0.088503754731,0.402048182224,0.911331083948,0.612686207723,0.782742746835
635,5.575027703,9.626102170,-24.601976000,11.123973071,59.922407724,-0.206482507519,-0.356522302611,0.911184296303,0.612686207723,0.782742746835
636,-10.621550646,-3.334735797,-24.598012095,11.132735556,197.430171774,0.393390764666,0.123508733235,0.911037485008,0.612686207723,0.782742746835
637,10.092513798,-4.719532845,-24.594047551,11.141491150,334.937935824,-0.373796807337,0.174797512779,0.910890650051,0.612686207723,0.782742746835
638,-4.257247274,10.305517685,-24.590082368,11.150239868,112.445699874,0.157675824961,-0.381685840203,0.910743791421,0.612686207723,0.782742746835
639,-3.825112091,-10.482909457,-24.586116546,11.158981727,249.953463924,0.141670818177,0.388255905821,0.910596909105,0.612686207723,0.782742746835
640,9.909372987,5.149973231,-24.582150084,11.167716744,27.461227974,-0.367013814319,-0.190739749308,0.910450003093,0.612686207723,0.782742746835
641,-10.794049735,2.898518875,-24.578182981,11.176444933,164.968992024,0.399779619811,-0.107352550925,0.910303073374,0.612686207723,0.782742746835
642,6.005957984,-9.435910879,-24.574215238,11.185166312,302.476756074,-0.222442888298,0.349478180709,0.910156119934,0.612686207723,0.782742746835
643,1.946775306,11.023295125,-24.570246855,11.193880895,79.984520124,-0.072102789114,-0.408270189810,0.910009142764,0.612686207723,0.782742746835
644,-8.888529470,-6.818506980,-24.566277830,11.202588700,217.492284174,0.329204795203,0.252537295544,0.909862141852,0.612686207723,0.782742746835
645,11.168628221,-0.977118884,-24.562308164,11.211289741,355.000048224,-0.413652897080,0.036189588303,0.909715117185,0.612686207723,0.782742746835
646,-7.581239192,8.271206324,-24.558337856,11.219984034,132.507812274,0.280786636741,-0.306340974948,0.909568068754,0.612686207723,0.782742746835
647,0.003052606,-11.228671181,-24.554366907,11.228671596,270.015576324,-0.000113059475,0.415876710409,0.909420996545,0.612686207723,0.782742746835
648,7.588469590,8.288137256,-24.550395315,11.237352441,47.523340374,-0.281054429261,-0.306968046506,0.909273900548,0.612686207723,0.782742746835
649,-11.202698307,-0.986237606,-24.546423080,11.246026586,185.031104425,0.414914752098,0.036527318728,0.909126780751,0.612686207723,0.782742746835
650,8.933594948,-6.845364808,-24.542450203,11.254694045,322.538868475,-0.330873886955,0.253532029915,0.908979637142,0.612686207723,0.782742746835
651,-1.964888267,11.090643634,-24.538476682,11.263354834,100.046632525,0.072773639527,-0.410764579037,0.908832469710,0.612686207723,0.782742746835
652,-6.047417606,-9.512461642,-24.534502518,11.272008969,237.554396575,0.223978429866,0.352313394147,0.908685278443,0.612686207723,0.782742746835
653,10.893103456,2.931468468,-24.530527710,11.280656465,15.062160625,-0.403448276137,-0.108572906205,0.908538063330,0.612686207723,0.782742746835
654,-10.020083382,5.200592597,-24.526552258,11.289297336,152.569924675,0.371114199341,-0.192614540642,0.908390824360,0.612686207723,0.782742746835
655,3.878511908,-10.611333743,-24.522576161,11.297931599,290.077688725,-0.143648589201,0.393012360848,0.908243561519,0.612686207723,0.782742746835
656,4.311248752,10.452340250,-24.518599420,11.306559269,67.585452775,-0.159675879718,-0.387123712958,0.908096274798,0.612686207723,0.782742746835
657,-10.247242471,-4.798679853,-24.514622033,11.315180360,205.093216825,0.379527498916,0.177728883426,0.907948964184,0.612686207723,0.782742746835
658,10.805679723,-3.386091607,-24.510644001,11.323794888,342.600980875,-0.400210360127,0.125410800269,0.907801629665,0.612686207723,0.782742746835
659,-5.684818049,9.803376892,-24.506665323,11.332402867,120.108744925,0.210548816626,-0.363088033036,0.907654271231,0.612686207723,0.782742746835
660,-2.432122648,-11.077145762,-24.502685999,11.341004312,257.616508975,0.090078616603,0.410264657857,0.907506888869,0.612686207723,0.782742746835
661,9.282905842,6.530012406,-24.498706029,11.349599239,35.124273025,-0.343811327466,-0.241852311342,0.907359482567,0.612686207723,0.782742746835
662,-11.264403376,1.456586265,-24.494725412,11.358187662,172.632037075,0.417200125038,-0.053947639457,0.907212052315,0.612686207723,0.782742746835
663,7.327642980,-8.689597195,-24.490744149,11.366769596,310.139801125,-0.271394184432,0.321836933136,0.907064598100,0.612686207723,0.782742746835
664,0.466914673,11.365758479,-24.486762238,11.375345055,87.647565175,-0.017293136043,-0.420954017750,0.906917119910,0.612686207723,0.782742746835
665,-8.027790637,-8.071435850,-24.482779679,11.383914054,225.155329225,0.297325579154,0.298942068525,0.906769617735,0.612686207723,0.782742746835
666,11.380172860,0.529328780,-24.478796472,11.392476608,2.663093275,-0.421487883694,-0.019604769615,0.906622091562,0.612686207723,0.782742746835
667,-8.755512489,7.302365946,-24.474812617,11.401032732,140.170857325,0.324278240334,-0.270457997991,0.906474541379,0.612686207723,0.782742746835
668,1.524507481,-11.307274135,-24.470828114,11.409582439,277.678621375,-0.056463240026,0.418787930935,0.906326967175,0.612686207723,0.782742746835
669,6.518707009,9.374436219,-24.466842961,11.418125744,55.186385425,-0.241433592935,-0.347201341462,0.906179368938,0.612686207723,0.782742746835
670,-11.147360604,-2.510970160,-24.462857160,11.426662662,192.694149475,0.412865207556,0.092998894831,0.906031746657,0.612686207723,0.782742746835
671,9.923255408,-5.682661856,-24.458870709,11.435193206,330.201913525,-0.367527978074,0.210468957622,0.905884100319,0.612686207723,0.782742746835
672,-3.481109784,10.901400938,-24.454883608,11.443717392,107.709677575,0.128929991990,-0.403755590295,0.905736429913,0.612686207723,0.782742746835
673,-4.800498984,-10.397543042,-24.450895857,11.452235232,245.217441625,0.177796258659,0.385094186759,0.905588735427,0.612686207723,0.782742746835
674,10.571028706,4.427422274,-24.446907455,11.460746742,22.725205675,-0.391519581695,-0.163978602742,0.905441016849,0.612686207723,0.782742746835
675,-10.793432381,3.878860322,-24.442918403,11.469251936,160.232969725,0.399756754859,-0.143661493422,0.905293274167,0.612686207723,0.782742746835
676,5.342564616,-10.158531753,-24.438928699,11.477750827,297.740733776,-0.197872763540,0.376241916772,0.905145507371,0.612686207723,0.782742746835
677,2.924711175,11.107648386,-24.434938344,11.486243430,75.248497826,-0.108322636105,-0.411394384665,0.904997716447,0.612686207723,0.782742746835
678,-9.666836506,-6.219411883,-24.430947337,11.494729758,212.756261876,0.358030981690,0.230348588265,0.904849901384,0.612686207723,0.782742746835
679,11.337534685,-1.945287522,-24.426955679,11.503209825,350.264025926,-0.419908692033,0.072047686015,0.904702062170,0.612686207723,0.782742746835
680,-7.051112757,9.099487307,-24.422963367,11.511683645,127.771789976,0.261152324331,-0.337018048390,0.904554198794,0.612686207723,0.782742746835
681,-0.948041088,-11.481075844,-24.418970404,11.520151233,265.279554026,0.035112632906,0.425225031242,0.904406311243,0.612686207723,0.782742746835
682,8.460620925,7.831143089,-24.414976787,11.528612601,42.787318076,-0.313356330542,-0.290042336621,0.904258399506,0.612686207723,0.782742746835
683,-11.536914759,-0.059417421,-24.410982516,11.537067764,180.295082126,0.427293139219,0.002200645208,0.904110463570,0.612686207723,0.782742746835
684,8.553357101,-7.754936425,-24.406987592,11.545516734,317.802846176,-0.316791003754,0.287219867598,0.903962503425,0.612686207723,0.782742746835
685,-1.069376464,11.504365029,-24.402992015,11.553959526,95.310610226,0.039606535714,-0.426087593660,0.903814519057,0.612686207723,0.782742746835
686,-6.987660617,-9.212035818,-24.398995782,11.562396154,232.818374276,0.258802245073,0.341186511789,0.903666510455,0.612686207723,0.782742746835
687,11.383418186,2.074082761,-24.394998895,11.570826630,10.326138326,-0.421608080953,-0.076817880052,0.903518477608,0.612686207723,0.782742746835
688,-9.801932343,6.164509332,-24.391001354,11.579250968,147.833902376,0.363034531235,-0.228315160450,0.903370420503,0.612686207723,0.782742746835
689,3.065800876,-11.174745726,-24.387003156,11.587669181,285.341666426,-0.113548180600,0.413879471322,0.903222339128,0.612686207723,0.782742746835
690,5.291644824,10.318313630,-24.383004304,11.596081283,62.849430476,-0.195986845344,-0.382159764092,0.903074233472,0.612686207723,0.782742746835
691,-10.879695901,-4.036872837,-24.379004795,11.604487287,200.357194526,0.402951700038,0.149513808775,0.902926103522,0.612686207723,0.782742746835
692,10.756998413,-4.375629604,-24.375004630,11.612887207,337.864958576,-0.398407348615,0.162060355694,0.902777949267,0.612686207723,0.782742746835
693,-4.979777328,10.500285287,-24.371003809,11.621281055,115.372722626,0.184436197349,-0.388899455084,0.902629770694,0.612686207723,0.782742746835
694,-3.423377055,-11.114390985,-24.367002330,11.629668844,252.880486676,0.126791742793,0.411644110557,0.902481567791,0.612686207723,0.782742746835
695,10.039185174,5.887188000,-24.363000195,11.638050589,30.388250726,-0.371821673123,-0.218043999991,0.902333340548,0.612686207723,0.782742746835
696,-11.387510572,2.442099212,-24.358997402,11.646426301,167.896014776,0.421759650814,-0.090448118946,0.902185088950,0.612686207723,0.782742746835
697,6.752030435,-9.499702873,-24.354993951,11.654795994,305.403778826,-0.250075201299,0.351840847132,0.902036812988,0.612686207723,0.782742746835
698,1.439252074,11.574016036,-24.350989841,11.663159681,82.911542876,-0.053305632374,-0.428667260602,0.901888512648,0.612686207723,0.782742746835
699,-8.885758063,-7.567537344,-24.346985074,11.671517374,220.419306926,0.329102150493,0.280279160900,0.901740187918,0.612686207723,0.782742746835
700,11.672225729,-0.422478902,-24.342979647,11.679869087,357.927070976,-0.432304656634,0.015647366737,0.901591838787,0.612686207723,0.782742746835
701,-8.327301543,8.201854363,-24.338973562,11.688214833,135.434835026,0.308418575649,-0.303772383813,0.901443465242,0.612686207723,0.782742746835
702,0.600448106,-11.681132313,-24.334966816,11.696554623,272.942599077,-0.022238818732,0.432634530122,0.901295067271,0.612686207723,0.782742746835
703,7.453046306,9.025326304,-24.330959411,11.704888471,50.450363127,-0.276038752071,-0.334271344579,0.901146644863,0.612686207723,0.782742746835
704,-11.600412430,-1.621687283,-24.326951346,11.713216390,187.958127177,0.429644904832,0.060062491980,0.900998198005,0.612686207723,0.782742746835
705,9.656072692,-6.644901989,-24.322942621,11.721538392,325.465891227,-0.357632321924,0.246107481085,0.900849726686,0.612686207723,0.782742746835
706,-2.633387676,11.430431125,-24.318933234,11.729854490,102.973655277,0.097532876905,-0.423349300924,0.900701230892,0.612686207723,0.782742746835
707,-5.783461654,-10.214503499,-24.314923187,11.738164696,240.481419327,0.214202283491,0.378314944400,0.900552710612,0.612686207723,0.782742746835
708,11.172240974,3.627749457,-24.310912478,11.746469023,17.989183377,-0.413786702746,-0.134361091018,0.900404165834,0.612686207723,0.782742746835
709,-10.696123435,4.875192513,-24.306901107,11.754767483,155.496947427,0.396152719827,-0.180562685684,0.900255596546,0.612686207723,0.782742746835
710,4.597084119,-10.827575918,-24.302889074,11.763060089,293.004711477,-0.170262374769,0.401021330312,0.900107002735,0.612686207723,0.782742746835
711,3.926940162,11.097015261,-24.298876379,11.771346853,70.512475527,-0.145442228220,-0.411000565228,0.899958384389,0.612686207723,0.782742746835
712,-10.398839823,-5.533873973,-24.294863020,11.779627788,208.020239577,0.385142215668,0.204958295311,0.899809741497,0.612686207723,0.782742746835
713,11.413871559,-2.945876937,-24.290848999,11.787902905,345.528003627,-0.422735983673,0.109106553214,0.899661074046,0.612686207723,0.782742746835
714,-6.430830506,9.889089846,-24.286834315,11.796172217,123.035767677,0.238178907626,-0.366262586879,0.899512382024,0.612686207723,0.782742746835
715,-1.939447616,-11.644021899,-24.282818966,11.804435736,260.543531727,0.071831393186,0.431260070349,0.899363665419,0.612686207723,0.782742746835
716,9.302014724,7.280951119,-24.278802954,11.812693475,38.051295777,-0.344519063870,-0.269664856246,0.899214924218,0.612686207723,0.782742746835
717,-11.785455170,0.915312868,-24.274786277,11.820945445,175.559059827,0.436498339620,-0.033900476582,0.899066158409,0.612686207723,0.782742746835
718,8.077573832,-8.641908138,-24.270768935,11.829191658,313.066823877,-0.299169401177,0.320070671793,0.898917367980,0.612686207723,0.782742746835
719,-0.118709120,11.836836888,-24.266750929,11.837432127,90.574587927,0.004396634085,-0.438401366206,0.898768552920,0.612686207723,0.782742746835
720,-7.913637334,-8.814429510,-24.262732257,11.845666863,228.082351977,0.293097679042,0.326460352205,0.898619713215,0.612686207723,0.782742746835
721,11.797521346,1.154702385,-24.258712919,11.853895879,5.590116027,-0.436945235044,-0.042766755010,0.898470848853,0.612686207723,0.782742746835
722,-9.485691203,7.122607247,-24.254692915,11.862119186,143.097880077,0.351321896409,-0.263800268393,0.898321959822,0.612686207723,0.782742746835
723,2.184713851,-11.667558487,-24.250672245,11.870336797,280.605644127,-0.080915327833,0.432131795824,0.898173046111,0.612686207723,0.782742746835
724,6.274720379,10.086020222,-24.246650908,11.878548722,58.113408177,-0.232397051069,-0.373556304503,0.898024107706,0.612686207723,0.782742746835
725,-11.447695432,-3.200814444,-24.242628904,11.886754974,195.621172227,0.423988719718,0.118548683125,0.897875144595,0.612686207723,0.782742746835
726,10.610608568,-5.376332738,-24.238606233,11.894955565,333.128936277,-0.392985502517,0.199123434758,0.897726156766,0.612686207723,0.782742746835
727,-4.195160186,11.139372648,-24.234582894,11.903150506,110.636700327,0.155376303203,-0.412569357322,0.897577144207,0.612686207723,0.782742746835
728,-4.434206160,-11.055217401,-24.230558886,11.911339809,248.144464378,0.164229857776,0.409452496332,0.897428106905,0.612686207723,0.782742746835
729,10.744714756,5.160052804,-24.226534211,11.919523486,25.652228428,-0.397952398368,-0.191113066821,0.897279044848,0.612686207723,0.782742746835
730,-11.416211217,3.455457371,-24.222508867,11.927701547,163.159992478,0.422822637683,-0.127979902638,0.897129958024,0.612686207723,0.782742746835
731,6.087999376,-10.266516053,-24.218482853,11.935874006,300.667756528,-0.225481458383,0.380241335314,0.896980846420,0.612686207723,0.782742746835
732,2.447504187,11.690587479,-24.214456171,11.944040872,78.175520578,-0.090648303239,-0.432984721457,0.896831710024,0.612686207723,0.782742746835
733,-9.708220828,-6.971770563,-24.210428818,11.952202158,215.683284628,0.359563734387,0.258213724555,0.896682548824,0.612686207723,0.782742746835
734,11.876001444,-1.418009240,-24.206400796,11.960357876,353.191048678,-0.439851905349,0.052518860755,0.896533362807,0.612686207723,0.782742746835
735,-7.804456960,9.073898619,-24.202372103,11.968508035,130.698812728,0.289053961486,-0.336070319223,0.896384151961,0.612686207723,0.782742746835
736,-0.374821670,-11.970785997,-24.198342739,11.976652649,268.206576778,0.013882284060,0.443362444330,0.896234916273,0.612686207723,0.782742746835
737,8.368214588,8.579523142,-24.194312705,11.984791727,45.714340828,-0.309933873640,-0.317760116381,0.896085655731,0.612686207723,0.782742746835
738,-11.973966311,-0.674082779,-24.190281999,11.992925282,183.222104878,0.443480233758,0.024966028870,0.895936370323,0.612686207723,0.782742746835
739,9.290858969,-7.596395231,-24.186250621,12.001053325,320.729868928,-0.344105887753,0.281347971531,0.895787060037,0.612686207723,0.782742746835
740,-1.720662794,11.885269224,-24.182218571,12.009175866,98.237632978,0.063728251633,-0.440195156441,0.895637724858,0.612686207723,0.782742746835
741,-6.764189667,-9.932827755,-24.178185849,12.017292917,235.745397028,0.250525543216,0.367882509433,0.895488364776,0.612686207723,0.782742746835
742,11.705127222,2.756873200,-24.174152454,12.025404489,13.253161078,-0.433523230451,-0.102106414825,0.895338979778,0.612686207723,0.782742746835
743,-10.500310916,5.877826799,-24.170118386,12.033510594,150.760925128,0.388900404286,-0.217697288856,0.895189569852,0.612686207723,0.782742746835
744,3.774726864,-11.434677013,-24.166083645,12.041611241,288.268689178,-0.139804698672,0.423506556027,0.895040134984,0.612686207723,0.782742746835
745,4.943968671,10.988748752,-24.162048229,12.049706443,65.776453228,-0.183109950782,-0.406990694528,0.894890675162,0.612686207723,0.782742746835
746,-11.075752659,-4.766356311,-24.158012140,12.057796210,203.284217278,0.410213061437,0.176531715206,0.894741190375,0.612686207723,0.782742746835
747,11.394177029,-3.969660357,-24.153975376,12.065880553,340.791981328,-0.422006556630,0.147024457654,0.894591680608,0.612686207723,0.782742746835
748,-5.724074584,10.630873330,-24.149937938,12.073959483,118.299745378,0.212002762367,-0.393736049245,0.894442145851,0.612686207723,0.782742746835
749,-2.962276770,-11.713259069,-24.145899824,12.082033011,255.807509428,0.109713954440,0.433824409948,0.894292586089,0.612686207723,0.782742746835
750,10.103225740,6.640434880,-24.141861035,12.090101147,33.315273478,-0.374193545932,-0.245942032576,0.894143001312,0.612686207723,0.782742746835
751,-11.943313096,1.929466794,-24.137821571,12.098163903,170.823037528,0.442344929490,-0.071461733105,0.893993391506,0.612686207723,0.782742746835
752,7.508288484,-9.496641404,-24.133781430,12.106221289,308.330801578,-0.278084758649,0.351727459393,0.893843756658,0.612686207723,0.782742746835
753,0.879095151,12.082334613,-24.129740612,12.114273316,85.838565628,-0.032559079682,-0.447493874543,0.893694096756,0.612686207723,0.782742746835
754,-8.815568858,-8.320840569,-24.125699118,12.122319995,223.346329678,0.326502550282,0.308179280325,0.893544411788,0.612686207723,0.782742746835
755,12.129013610,0.180817539,-24.121656947,12.130361336,0.854093729,-0.449222726293,-0.006696945887,0.893394701740,0.612686207723,0.782742746835
756,-9.071703413,8.065041066,-24.117614098,12.138397349,138.361857779,0.335989015294,-0.298705224667,0.893244966601,0.612686207723,0.782742746835
757,1.242156065,-12.082746484,-24.113570572,12.146428046,275.869621829,-0.046005780194,0.447509129035,0.893095206358,0.612686207723,0.782742746835
758,7.250638234,9.754946620,-24.109526367,12.154453437,53.377385879,-0.268542156818,-0.361294319263,0.892945420997,0.612686207723,0.782742746835
759,-11.943642538,-2.296772813,-24.105481484,12.162473533,190.885149929,0.442357131052,0.085065659739,0.892795610507,0.612686207723,0.782742746835
760,10.365143952,-6.378446312,-24.101435922,12.170488343,328.392913979,-0.383894220462,0.236238752314,0.892645774874,0.612686207723,0.782742746835
761,-3.336550368,11.712525015,-24.097389680,12.178497879,105.900678029,0.123575939561,-0.433797222790,0.892495914087,0.612686207723,0.782742746835
762,-5.455011498,-10.897416401,-24.093342760,12.186502151,243.408442079,0.202037462900,0.403608014865,0.892346028131,0.612686207723,0.782742746835
763,11.390926631,4.353464051,-24.089295159,12.194501168,20.916206129,-0.421886171509,-0.161239409287,0.892196116996,0.612686207723,0.782742746835
764,-11.347471156,4.487291074,-24.085246878,12.202494943,158.423970179,0.420276709495,-0.166195965693,0.892046180667,0.612686207723,0.782742746835
765,5.339643896,-10.981079636,-24.081197917,12.210483484,295.931734229,-0.197764588755,0.406706653168,0.891896219133,0.612686207723,0.782742746835
766,3.482600952,11.711636162,-24.077148274,12.218466801,73.439498279,-0.128985220426,-0.433764302297,0.891746232380,0.612686207723,0.782742746835
767,-10.485900464,-6.287435607,-24.073097951,12.226444907,210.947262329,0.388366683849,0.232867985459,0.891596220396,0.612686207723,0.782742746835
768,11.986889983,-2.448560323,-24.069046946,12.234417809,348.455026379,-0.443958888277,0.090687419385,0.891446183168,0.612686207723,0.782742746835
769,-7.189460001,9.908969074,-24.064995258,12.242385520,125.962790429,0.266276296325,-0.366998854589,0.891296120684,0.612686207723,0.782742746835
770,-1.393033830,-12.170886740,-24.060942889,12.250348048,263.470554479,0.051593845565,0.450773582959,0.891146032930,0.612686207723,0.782742746835
771,9.254503126,8.038670491,-24.056889837,12.258305403,40.978318529,-0.342759375025,-0.297728536700,0.890995919894,0.612686207723,0.782742746835
772,-12.261975900,0.324071694,-24.052836102,12.266257597,178.486082579,0.454147255566,-0.012002655318,0.890845781562,0.612686207723,0.782742746835
773,8.828408159,-8.527327183,-24.048781684,12.274204639,315.993846629,-0.326978079979,0.315826932711,0.890695617923,0.612686207723,0.782742746835
774,-0.750151736,12.259216776,-24.044726582,12.282146539,93.501610679,0.027783397619,-0.454045065790,0.890545428964,0.612686207723,0.782742746835
775,-7.732837164,-9.552453981,-24.040670796,12.290083306,231.009374729,0.286401376455,0.353794591896,0.890395214671,0.612686207723,0.782742746835
776,12.162387587,1.821400542,-24.036614326,12.298014952,8.517138779,-0.450458799518,-0.067459279323,0.890244975032,0.612686207723,0.782742746835
777,-10.205077797,6.876960301,-24.032557171,12.305941485,146.024902829,0.377965844348,-0.254702233355,0.890094710034,0.612686207723,0.782742746835
778,2.881440442,-11.971989011,-24.028499331,12.313862916,283.532666879,-0.106720016358,0.443407000416,0.889944419664,0.612686207723,0.782742746835
779,5.966110905,10.781083649,-24.024440806,12.321779254,61.040430929,-0.220967070540,-0.399299394422,0.889794103909,0.612686207723,0.782742746835
780,-11.689242188,-3.922102133,-24.020381594,12.329690509,198.548194979,0.432934895836,0.145263041947,0.889643762757,0.612686207723,0.782742746835
781,11.275851116,-5.007142274,-24.016321697,12.337596692,336.055959030,-0.417624115391,0.185449713861,0.889493396194,0.612686207723,0.782742746835
782,-4.935344299,11.316081162,-24.012261114,12.345497811,113.563723080,0.182790529588,-0.419114117108,0.889343004208,0.612686207723,0.782742746835
783,-4.007295096,-11.685372322,-24.008199843,12.353393877,251.071487130,0.148418336885,0.432791567481,0.889192586785,0.612686207723,0.782742746835
784,10.855139828,5.913315794,-24.004137886,12.361284899,28.579251180,-0.402042215847,-0.219011696086,0.889042143914,0.612686207723,0.782742746835
785,-12.006284331,2.974142734,-24.000075241,12.369170887,166.087015230,0.444677197452,-0.110153434587,0.888891675580,0.612686207723,0.782742746835
786,6.848416517,-10.309733446,-23.996011908,12.377051851,303.594779280,-0.253645056191,0.381841979482,0.888741181771,0.612686207723,0.782742746835
787,1.915533821,12.235896648,-23.991947887,12.384927799,81.102543330,-0.070945697073,-0.453181357329,0.888590662474,0.612686207723,0.782742746835
788,-9.683834871,-7.733356507,-23.987883177,12.392798743,218.610307380,0.358660550794,0.286420611352,0.888440117676,0.612686207723,0.782742746835
789,12.372213617,-0.839532585,-23.983817779,12.400664690,356.118071430,-0.458230133970,0.031093799457,0.888289547365,0.612686207723,0.782742746835
790,-8.561212800,8.982045659,-23.979751691,12.408525651,133.625835480,0.317081955549,-0.332668357749,0.888138951526,0.612686207723,0.782742746835
791,0.245642633,-12.413951531,-23.975684914,12.416381635,271.133599530,-0.009097875282,0.459775982612,0.887988330148,0.612686207723,0.782742746835
792,8.209562257,9.325483608,-23.971617447,12.424232652,48.641363580,-0.304057861388,-0.345388281778,0.887837683216,0.612686207723,0.782742746835
793,-12.360550294,-1.331682204,-23.967549289,12.432078710,186.149127630,0.457798159033,0.049321563102,0.887687010719,0.612686207723,0.782742746835
794,10.020139384,-7.372137536,-23.963480441,12.439919820,323.656891680,-0.371116273492,0.273042130979,0.887536312643,0.612686207723,0.782742746835
795,-2.410248894,12.212179555,-23.959410902,12.447755991,101.164655730,0.089268477538,-0.452302946483,0.887385588975,0.612686207723,0.782742746835
796,-6.476037939,-10.639670385,-23.955340672,12.455587232,238.672419780,0.239853256983,0.394061866125,0.887234839702,0.612686207723,0.782742746835
797,11.969739229,3.473041917,-23.951269750,12.463413552,16.180183830,-0.443323675152,-0.128631182100,0.887084064811,0.612686207723,0.782742746835
798,-11.179130350,5.527996568,-23.947198136,12.471234961,153.687947880,0.414041864822,-0.204740613636,0.886933264289,0.612686207723,0.782742746835
799,4.511860871,-11.634854404,-23.943125829,12.479051467,291.195711930,-0.167105958189,0.430920533480,0.886782438123,0.612686207723,0.782742746835
800,4.535162573,11.634175950,-23.939052830,12.486863081,68.703475980,-0.167968984191,-0.430895405553,0.886631586299,0.612686207723,0.782742746835
801,-11.209864652,-5.518669057,-23.934979138,12.494669811,206.211240030,0.415180172286,0.204395150276,0.886480708805,0.612686207723,0.782742746835
802,12.001101695,-3.505047198,-23.930904752,12.502471666,343.719004080,-0.444485247961,0.129816562889,0.886329805628,0.612686207723,0.782742746835
803,-6.485655696,10.697807814,-23.926829672,12.510268655,121.226768130,0.240209470220,-0.396215104219,0.886178876754,0.612686207723,0.782742746835
804,-2.445466917,-12.276870019,-23.922753899,12.518060789,258.734532180,0.090572848776,0.454698889595,0.886027922170,0.612686207723,0.782742746835
805,10.102398372,7.405296558,-23.918677430,12.525848074,36.242296230,-0.374162902683,-0.274270242880,0.885876941864,0.612686207723,0.782742746835
806,-12.459136297,1.364484077,-23.914600267,12.533630522,173.750060280,0.461449492476,-0.050536447308,0.885725935821,0.612686207723,0.782742746835
807,8.270412541,-9.428000559,-23.910522409,12.541408140,311.257824330,-0.306311575579,0.349185205899,0.885574904030,0.612686207723,0.782742746835
808,0.270345504,12.546268590,-23.906443855,12.549180938,88.765588381,-0.010012796452,-0.464676614431,0.885423846476,0.612686207723,0.782742746835
809,-8.679596399,-9.074225732,-23.902364605,12.556948924,226.273352431,0.321466533303,0.336082434527,0.885272763146,0.612686207723,0.782742746835
810,12.537361955,0.828580465,-23.898284659,12.564712108,3.781116481,-0.464346739061,-0.030688165382,0.885121654028,0.612686207723,0.782742746835
811,-9.810412523,7.862748920,-23.894204016,12.572470499,141.288880531,0.363348611969,-0.291212922945,0.884970519108,0.612686207723,0.782742746835
812,1.923868037,-12.432247194,-23.890122676,12.580224105,278.796644581,-0.071254371758,0.460453599785,0.884819358372,0.612686207723,0.782742746835
813,6.983560798,10.473153354,-23.886040639,12.587972935,56.304408631,-0.258650399933,-0.387894568670,0.884668171808,0.612686207723,0.782742746835
814,-12.231493964,-3.007098616,-23.881957904,12.595716997,193.812172681,0.453018294964,0.111374022810,0.884516959403,0.612686207723,0.782742746835
815,11.057178705,-6.048628758,-23.877874471,12.603456302,331.319936731,-0.409525137204,0.224023287330,0.884365721143,0.612686207723,0.782742746835
816,-4.069925558,11.936408203,-23.873790339,12.611190857,108.827700781,0.150737983626,-0.442089192697,0.884214457014,0.612686207723,0.782742746835
817,-5.064994047,-11.557810961,-23.869705509,12.618920671,246.335464831,0.187592372106,0.428067072635,0.884063167004,0.612686207723,0.782742746835
818,11.549023890,5.104138535,-23.865619980,12.626645754,23.843228881,-0.427741625541,-0.189042167957,0.883911851099,0.612686207723,0.782742746835
819,-11.971001833,4.040089379,-23.861533751,12.634366112,161.350992931,0.443370438243,-0.149632939950,0.883760509286,0.612686207723,0.782742746835
820,6.101726999,-11.072089178,-23.857446822,12.642081757,298.858756981,-0.225989888859,0.410077376965,0.883609141552,0.612686207723,0.782742746835
821,2.981682731,12.293365012,-23.853359193,12.649792695,76.366521031,-0.110432693723,-0.455309815249,0.883457747883,0.612686207723,0.782742746835
822,-10.509047002,-7.054942268,-23.849270863,12.657498935,213.874285081,0.389223963027,0.261294158085,0.883306328267,0.612686207723,0.782742746835
823,12.522203823,-1.897818426,-23.845181833,12.665200487,351.382049131,-0.463785326788,0.070289571342,0.883154882688,0.612686207723,0.782742746835
824,-7.956357743,9.864010286,-23.841092101,12.672897358,128.889813181,0.294679916400,-0.365333714285,0.883003411136,0.612686207723,0.782742746835
825,-0.796755950,-12.655533631,-23.837001667,12.680589557,266.397577231,0.029509479626,0.468723467809,0.882851913595,0.612686207723,0.782742746835
826,9.141731943,8.798926792,-23.832910531,12.688277094,43.905341281,-0.338582664552,-0.325886177471,0.882700390052,0.612686207723,0.782742746835
827,-12.692098819,-0.313093043,-23.828818693,12.695959975,181.413105331,0.470077734029,0.011596038623,0.882548840495,0.612686207723,0.782742746835
828,9.576037853,-8.347569874,-23.824726153,12.703638209,318.920869381,-0.354668068623,0.309169254584,0.882397264909,0.612686207723,0.782742746835
829,-1.423229036,12.631384205,-23.820632909,12.711311806,96.428633431,0.052712186520,-0.467829044644,0.882245663282,0.612686207723,0.782742746835
830,-7.487447227,-10.281566317,-23.816538961,12.718980773,233.936397481,0.277312860241,0.380798752499,0.882094035600,0.612686207723,0.782742746835
831,12.473620786,2.525129795,-23.812444310,12.726645119,11.444161531,-0.461985955028,-0.093523325730,0.881942381849,0.612686207723,0.782742746835
832,-10.909922793,6.567808213,-23.808348954,12.734304852,148.951925581,0.404071214542,-0.243252156038,0.881790702016,0.612686207723,0.782742746835
833,3.610315836,-12.219785747,-23.804252894,12.741959980,286.459689631,-0.133715401350,0.452584657296,0.881638996087,0.612686207723,0.782742746835
834,5.595569810,11.456097360,-23.800156129,12.749610512,63.967453682,-0.207243326303,-0.424299902216,0.881487264050,0.612686207723,0.782742746835
835,-11.871596742,-4.670415730,-23.796058659,12.757256456,201.475217732,0.439688768217,0.172978360383,0.881335505891,0.612686207723,0.782742746835
836,11.915699481,-4.578069708,-23.791960483,12.764897821,338.982981782,-0.441322202998,0.169558137337,0.881183721595,0.612686207723,0.782742746835
837,-5.697230720,11.431500452,-23.787861601,12.772534613,116.490745832,0.211008545177,-0.423388905615,0.881031911150,0.612686207723,0.782742746835
838,-3.523010898,-12.284993233,-23.783762013,12.780166843,253.998509882,0.130481885119,0.454999749374,0.880880074542,0.612686207723,0.782742746835
839,10.902655512,6.682798170,-23.779661717,12.787794517,31.506273932,-0.403802056014,-0.247511043337,0.880728211757,0.612686207723,0.782742746835
840,-12.560927591,2.438403319,-23.775560715,12.795417644,169.014037982,0.465219540390,-0.090311234035,0.880576322783,0.612686207723,0.782742746835
841,7.619453350,-10.288909923,-23.771459005,12.803036232,306.521802032,-0.282201975908,0.381070737905,0.880424407605,0.612686207723,0.782742746835
842,1.332503002,12.741161508,-23.767356588,12.810650289,84.029566082,-0.049351963037,-0.471894870683,0.880272466210,0.612686207723,0.782742746835
843,-9.594773098,-8.499889064,-23.763253462,12.818259824,221.537330132,0.355361966601,0.314810706085,0.880120498584,0.612686207723,0.782742746835
844,12.824083604,-0.213749182,-23.759149627,12.825864844,359.045094182,-0.474966059398,0.007916636358,0.879968504714,0.612686207723,0.782742746835
845,-9.317212683,8.825382761,-23.755045084,12.833465357,136.552858232,0.345081951238,-0.326866028185,0.879816484586,0.612686207723,0.782742746835
846,0.909300153,-12.808826268,-23.750939831,12.841061371,274.060622282,-0.033677783457,0.474400972904,0.879664438186,0.612686207723,0.782742746835
847,7.986466931,10.065000108,-23.746833869,12.848652895,51.568386332,-0.295795071533,-0.372777781777,0.879512365502,0.612686207723,0.782742746835
848,-12.695274094,-2.028033773,-23.742727196,12.856239936,189.076150382,0.470195336800,0.075112361968,0.879360266518,0.612686207723,0.782742746835
849,10.737346263,-7.084301279,-23.738619813,12.863822502,326.583914432,-0.397679491208,0.262381528849,0.879208141222,0.612686207723,0.782742746835
850,-3.133853283,12.484066527,-23.734511719,12.871400602,104.091678482,0.116068640109,-0.462372834336,0.879055989600,0.612686207723,0.782742746835
851,-6.125662164,-11.328911712,-23.730402914,12.878974242,241.599442532,0.226876376450,0.419589322667,0.878903811638,0.612686207723,0.782742746835
852,12.176594729,4.218239255,-23.726293398,12.886543431,19.107206582,-0.450984989962,-0.156231083515,0.878751607323,0.612686207723,0.782742746835
853,-11.834965035,5.117775718,-23.722183169,12.894108177,156.614970632,0.438332038330,-0.189547248832,0.878599376641,0.612686207723,0.782742746835
854,5.272816907,-11.774992638,-23.718072229,12.901668487,294.122734682,-0.195289515075,0.436110838443,0.878447119578,0.612686207723,0.782742746835
855,4.068263345,12.251420619,-23.713960575,12.909224370,71.630498732,-0.150676420194,-0.453756319232,0.878294836120,0.612686207723,0.782742746835
856,-11.282122302,-6.289420822,-23.709848209,12.916775833,209.138262782,0.417856381561,0.232941511917,0.878142526254,0.612686207723,0.782742746835
857,12.574871577,-2.985084054,-23.705735129,12.924322883,346.646026832,-0.465735984341,0.110558668652,0.877990189966,0.612686207723,0.782742746835
858,-7.260158204,10.701553575,-23.701621336,12.931865529,124.153790882,0.268894748312,-0.396353836103,0.877837827242,0.612686207723,0.782742746835
859,-1.876474061,-12.802617515,-23.697506828,12.939403779,261.661554932,0.069499039308,0.474171019083,0.877685438068,0.612686207723,0.782742746835
860,10.037538318,8.177470191,-23.693391606,12.946937639,39.169318983,-0.371760678459,-0.302869266341,0.877533022431,0.612686207723,0.782742746835
861,-12.932686934,0.750884126,-23.689275669,12.954467118,176.677083033,0.478988404957,-0.027810523172,0.877380580317,0.612686207723,0.782742746835
862,9.034190730,-9.294979303,-23.685159016,12.961992222,314.184847083,-0.334599656651,0.344258492692,0.877228111712,0.612686207723,0.782742746835
863,-0.383084921,12.963854072,-23.681041648,12.969512961,91.692611133,0.014188330404,-0.480142743402,0.877075616603,0.612686207723,0.782742746835
864,-8.479394024,-9.823602573,-23.676923564,12.977029341,229.200375183,0.314051630513,0.363837132344,0.876923094975,0.612686207723,0.782742746835
865,12.895650053,1.516747938,-23.672804764,12.984541371,6.708139233,-0.477616668645,-0.056175849543,0.876770546814,0.612686207723,0.782742746835
866,-10.539489954,7.596873712,-23.668685247,12.992049056,144.215903283,0.390351479767,-0.281365693046,0.876617972107,0.612686207723,0.782742746835
867,2.641402042,-12.728368238,-23.664565013,12.999552406,281.723667333,-0.097829705268,0.471421045866,0.876465370840,0.612686207723,0.782742746835
868,6.654037833,11.176187515,-23.660444061,13.007051428,59.231431383,-0.246445845650,-0.413932870910,0.876312742999,0.612686207723,0.782742746835
869,-12.463063722,-3.748393467,-23.656322391,13.014546128,196.739195433,0.461594952661,0.138829387650,0.876160088570,0.612686207723,0.782742746835
870,11.728625125,-5.657984417,-23.652200004,13.022036515,334.246959483,-0.434393523160,0.209554978404,0.876007407539,0.612686207723,0.782742746835
871,-4.829184187,12.101546974,-23.648076897,13.029522596,111.754723533,0.178858673611,-0.448205443464,0.875854699892,0.612686207723,0.782742746835
872,-4.616236603,-12.192368218,-23.643953072,13.037004378,249.262487583,0.170971726046,0.451569193268,0.875701965616,0.612686207723,0.782742746835
873,11.646371652,5.875417820,-23.639828527,13.044481869,26.770251633,-0.431347098240,-0.217608067393,0.875549204697,0.612686207723,0.782742746835
874,-12.563653329,3.536685782,-23.635703262,13.051955076,164.278015683,0.465320493677,-0.130988362305,0.875396417119,0.612686207723,0.782742746835
875,6.878984261,-11.100816678,-23.631577278,13.059424006,301.785779733,-0.254777194847,0.411141358440,0.875243602871,0.612686207723,0.782742746835
876,2.427531782,12.839418558,-23.627450572,13.066888668,79.293543783,-0.089908584534,-0.475534020655,0.875090761936,0.612686207723,0.782742746835
877,-10.468862681,-7.832082591,-23.623323146,13.074349067,216.801307833,0.387735654833,0.290077132990,0.874937894303,0.612686207723,0.782742746835
878,13.017328699,-1.297220547,-23.619194999,13.081805212,354.309071883,-0.482123285151,0.048045205459,0.874784999956,0.612686207723,0.782742746835
879,-8.727281733,9.755163004,-23.615066130,13.089257110,131.816835933,0.323232656778,-0.361302333488,0.874632078881,0.612686207723,0.782742746835
880,-0.154379779,-13.095794846,-23.610936539,13.096704767,269.324599983,0.005717769583,0.485029438738,0.874479131065,0.612686207723,0.782742746835
881,8.965009467,9.557578411,-23.606806225,13.104148192,46.832364033,-0.332037387682,-0.353984385604,0.874326156494,0.612686207723,0.782742746835
882,-13.073988293,-0.992246964,-23.602675189,13.111587391,184.340128083,0.484221788620,0.036749887561,0.874173155153,0.612686207723,0.782742746835
883,10.316451945,-8.104293137,-23.598543430,13.119022372,321.847892133,-0.382090812786,0.300159005085,0.874020127028,0.612686207723,0.782742746835
884,-2.133867204,12.951848626,-23.594410947,13.126453141,99.355656183,0.079032118664,-0.479698097253,0.873867072106,0.612686207723,0.782742746835
885,-7.179460406,-10.997915458,-23.590277740,13.133879707,236.863420233,0.265905940977,0.407330202147,0.873713990372,0.612686207723,0.782742746835
886,12.730085922,3.261707012,-23.586143809,13.141302075,14.371184283,-0.471484663794,-0.120803963406,0.873560881812,0.612686207723,0.782742746835
887,-11.596563094,6.197464700,-23.582009153,13.148720253,151.878948334,0.429502336817,-0.229535729628,0.873407746412,0.612686207723,0.782742746835
888,4.367078484,-12.410177029,-23.577873772,13.156134249,289.386712384,-0.161743647545,0.459636186266,0.873254584158,0.612686207723,0.782742746835
889,5.165714176,12.107612874,-23.573737666,13.163544069,66.894476434,-0.191322747248,-0.448430106451,0.873101395036,0.612686207723,0.782742746835
890,-11.994355935,-5.441446704,-23.569600834,13.170949720,204.402240484,0.444235405013,0.201535063099,0.872948179032,0.612686207723,0.782742746835
891,12.526944848,-4.092015809,-23.565463276,13.178351210,341.910004534,-0.463960920301,0.151556141079,0.872794936131,0.612686207723,0.782742746835
892,-6.476495683,11.485598302,-23.561324991,13.185748545,119.417768584,0.239870210493,-0.425392529697,0.872641666319,0.612686207723,0.782742746835
893,-2.984516287,-12.851134242,-23.557185979,13.193141732,256.925532634,0.110537640271,0.475967934873,0.872488369582,0.612686207723,0.782742746835
894,10.887600252,7.464192763,-23.553046239,13.200530779,34.433296684,-0.403244453774,-0.276451583796,0.872335045907,0.612686207723,0.782742746835
895,-13.077479331,1.851640158,-23.548905772,13.207915692,171.941060734,0.484351086318,-0.068579265126,0.872181695278,0.612686207723,0.782742746835
896,8.396850975,-10.204751574,-23.544764577,13.215296478,309.448824784,-0.310994480564,0.377953762015,0.872028317681,0.612686207723,0.782742746835
897,0.702025707,13.204023818,-23.540622654,13.222673144,86.956588834,-0.026000952113,-0.489037919175,0.871874913103,0.612686207723,0.782742746835
898,-9.442103533,-9.267188895,-23.536480001,13.230045697,224.464352884,0.349707538256,0.343229218348,0.871721481529,0.612686207723,0.782742746835
899,13.229573525,0.455540956,-23.532336620,13.237414144,1.972116934,-0.489984204644,-0.016871887267,0.871568022945,0.612686207723,0.782742746835
900,-10.068387497,8.605331517,-23.528192508,13.244778492,139.479880984,0.372903240617,-0.318715982118,0.871414537336,0.612686207723,0.782742746835
901,1.612193088,-13.153707266,-23.524047667,13.252138747,276.987645034,-0.059710855106,0.487174343169,0.871261024688,0.612686207723,0.782742746835
902,7.700692812,10.794143582,-23.519902095,13.259494917,54.495409084,-0.285210844901,-0.399783095627,0.871107484988,0.612686207723,0.782742746835
903,-12.976781789,-2.759051273,-23.515755792,13.266847008,192.003173134,0.480621547753,0.102187084183,0.870953918219,0.612686207723,0.782742746835
904,11.438719364,-6.734979801,-23.511608758,13.274195027,329.510937184,-0.423656272755,0.249443696318,0.870800324370,0.612686207723,0.782742746835
905,-3.887291633,12.699930765,-23.507460992,13.281538980,107.018701234,0.143973764202,-0.470367806125,0.870646703424,0.612686207723,0.782742746835
906,-5.715468945,-11.996987810,-23.503312495,13.288878875,244.526465284,0.211684035004,0.444332881836,0.870493055368,0.612686207723,0.782742746835
907,12.325057782,4.988213760,-23.499163265,13.296214719,22.034229334,-0.456483621551,-0.184748657779,0.870339380187,0.612686207723,0.782742746835
908,-12.464473381,4.649865940,-23.495013302,13.303546517,159.541993384,0.461647162254,-0.172217257029,0.870185677867,0.612686207723,0.782742746835
909,6.053307843,-11.854823413,-23.490862607,13.310874276,297.049757434,-0.224196586769,0.439067533821,0.870031948393,0.612686207723,0.782742746835
910,3.546247438,12.837387864,-23.486711177,13.318198004,74.557521484,-0.131342497706,-0.475458809794,0.869878191752,0.612686207723,0.782742746835
911,-11.292626437,-7.074320484,-23.482559014,13.325517707,212.065285534,0.418245423593,0.262011869763,0.869724407928,0.612686207723,0.782742746835
912,13.112660988,-2.412999802,-23.478406117,13.332833391,349.573049584,-0.485654110661,0.089370363046,0.869570596908,0.612686207723,0.782742746835
913,-8.043318681,10.642579335,-23.474252484,13.340145063,127.080813635,0.297900691882,-0.394169605004,0.869416758676,0.612686207723,0.782742746835
914,-1.258755338,-13.287965585,-23.470098117,13.347452730,264.588577685,0.046620568061,0.492146873510,0.869262893219,0.612686207723,0.782742746835
915,9.909478252,8.952751489,-23.465943014,13.354756398,42.096341735,-0.367017713041,-0.331583388494,0.869109000522,0.612686207723,0.782742746835
916,-13.361737101,0.092326497,-23.461787175,13.362056074,179.604105785,0.494879151886,-0.003419499887,0.868955080570,0.612686207723,0.782742746835
917,9.795508878,-9.098767633,-23.457630600,13.369351765,317.111869835,-0.362796625099,0.336991393817,0.868801133350,0.612686207723,0.782742746835
918,-1.077361443,13.333187279,-23.453473289,13.376643476,94.619633885,0.039902275685,-0.493821751065,0.868647158845,0.612686207723,0.782742746835
919,-8.216499799,-10.564977322,-23.449315240,13.383931215,232.127397935,0.304314807377,0.391295456376,0.868493157043,0.612686207723,0.782742746835
920,13.202311903,2.241338721,-23.445156454,13.391214988,9.635161985,-0.488974514926,-0.083012545208,0.868339127928,0.612686207723,0.782742746835
921,-11.255091704,7.269289762,-23.440996930,13.398494801,147.142926035,0.416855248305,-0.269232954165,0.868185071487,0.612686207723,0.782742746835
922,3.390659912,-12.969892535,-23.436836668,13.405770660,284.650690085,-0.125579996728,0.480366390174,0.868030987703,0.612686207723,0.782742746835
923,6.264265616,11.860383104,-23.432675667,13.413042573,62.158454135,-0.232009837643,-0.439273448280,0.867876876563,0.612686207723,0.782742746835
924,-12.637492208,-4.516472722,-23.428513927,13.420310546,199.666218185,0.468055266953,0.167276767497,0.867722738053,0.612686207723,0.782742746835
925,12.376022110,-5.209014875,-23.424351448,13.427574585,337.173982235,-0.458371189256,0.192926476840,0.867568572157,0.612686207723,0.782742746835
926,-5.610086208,12.207445107,-23.420188229,13.434834696,114.681746285,0.207780970653,-0.452127596570,0.867414378861,0.612686207723,0.782742746835
927,-4.111527163,-12.797857312,-23.416024270,13.442090886,252.189510335,0.152278783813,0.473994715250,0.867260158151,0.612686207723,0.782742746835
928,11.682840298,6.663037897,-23.411859570,13.449343161,29.697274385,-0.432697788829,-0.246779181388,0.867105910011,0.612686207723,0.782742746835
929,-13.122448655,2.980133695,-23.407694130,13.456591527,167.205038435,0.486016616844,-0.110375322039,0.866951634428,0.612686207723,0.782742746835
930,7.667159312,-11.067499614,-23.403527947,13.463835992,304.712802485,-0.283968863391,0.409907393112,0.866797331386,0.612686207723,0.782742746835
931,1.823443994,13.347095403,-23.399361024,13.471076560,82.220566535,-0.067534962750,-0.494336866771,0.866643000870,0.612686207723,0.782742746835
932,-10.365949865,-8.614639353,-23.395193357,13.478313239,219.728330585,0.383924069056,0.319060716762,0.866488642867,0.612686207723,0.782742746835
933,13.469858475,-0.650280339,-23.391024949,13.485546034,357.236094635,-0.498883647208,0.024084457005,0.866334257362,0.612686207723,0.782742746835
934,-9.498085088,9.583389566,-23.386855797,13.492774953,134.743858685,0.351780929195,-0.354940354307,0.866179844339,0.612686207723,0.782742746835
935,0.530389566,-13.489576973,-23.382685902,13.500000000,272.251622735,-0.019644057991,0.499613961960,0.866025403784,0.612686207723,0.782742746835
936,8.725650436,10.310579448,-23.378515263,13.507221183,49.759386785,-0.323172238375,-0.381873312871,0.865870935683,0.612686207723,0.782742746835
937,-13.405878766,-1.709521181,-23.374343881,13.514438507,187.267150835,0.496514028367,0.063315599289,0.865716440020,0.612686207723,0.782742746835
938,11.045735381,-7.799153936,-23.370171753,13.521651979,324.774914885,-0.409101310423,0.288857553180,0.865561916781,0.612686207723,0.782742746835
939,-2.878062458,13.219185028,-23.365998881,13.528861604,102.282678935,0.106594905866,-0.489599445467,0.865407365951,0.612686207723,0.782742746835
940,-6.810863191,-11.697746064,-23.361825263,13.536067390,239.790442986,0.252254192255,0.433249854226,0.865252787515,0.612686207723,0.782742746835
941,12.930708689,4.027023375,-23.357650899,13.543269342,17.298207036,-0.478915136633,-0.149149013877,0.865098181459,0.612686207723,0.782742746835
942,-12.261430740,5.768230643,-23.353475790,13.550467466,154.805971086,0.454127064440,-0.213638171962,0.864943547767,0.612686207723,0.782742746835
943,5.147545132,-12.542446800,-23.349299933,13.557661768,292.313735136,-0.190649819697,0.464535066669,0.864788886425,0.612686207723,0.782742746835
944,4.679141831,12.732275854,-23.345123330,13.564852255,69.821499186,-0.173301549290,-0.471565772368,0.864634197418,0.612686207723,0.782742746835
945,-12.057166846,-6.230968497,-23.340945980,13.572038932,207.329263236,0.446561735046,0.230776611005,0.864479480731,0.612686207723,0.782742746835
946,13.106471141,-3.551855723,-23.336767881,13.579221806,344.837027286,-0.485424857078,0.131550211951,0.864324736350,0.612686207723,0.782742746835
947,-7.268900753,11.478387116,-23.332589035,13.586400882,122.344791336,0.269218546391,-0.425125448724,0.864169964259,0.612686207723,0.782742746835
948,-2.394942053,-13.380940384,-23.328409440,13.593576167,259.852555386,0.088701557513,0.495590384599,0.864015164443,0.612686207723,0.782742746835
949,10.810351251,8.253280736,-23.324229096,13.600747666,37.360319436,-0.400383379683,-0.305677064279,0.863860336888,0.612686207723,0.782742746835
950,-13.553366594,1.217216138,-23.320048003,13.607915386,174.868083486,0.501976540516,-0.045082079176,0.863705481578,0.612686207723,0.782742746835
951,9.176441468,-10.057997177,-23.315866159,13.615079333,312.375847536,-0.339868202526,0.372518413964,0.863550598500,0.612686207723,0.782742746835
952,0.027671668,13.622211406,-23.311683566,13.622239512,89.883611586,-0.001024876575,-0.504526348369,0.863395687637,0.612686207723,0.782742746835
953,-9.226920617,-10.031169887,-23.307500222,13.629395929,227.391375636,0.341737800643,0.371524810640,0.863240748975,0.612686207723,0.782742746835
954,13.586728533,1.164588014,-23.303316127,13.636548591,4.899139686,-0.503212167878,-0.043132889407,0.863085782498,0.612686207723,0.782742746835
955,-10.810763210,8.323333489,-23.299131281,13.643697503,142.406903736,0.400398637393,-0.308271610698,0.862930788193,0.612686207723,0.782742746835
956,2.350419616,-13.446971155,-23.294945683,13.650842671,279.914667786,-0.087052578357,0.498035968711,0.862775766043,0.612686207723,0.782742746835
957,7.354017466,11.509081493,-23.290759333,13.657984101,57.422431836,-0.272371017248,-0.426262277513,0.862620716035,0.612686207723,0.782742746835
958,-13.203793185,-3.520710057,-23.286572230,13.665121799,194.930195886,0.489029377211,0.130396668791,0.862465638152,0.612686207723,0.782742746835
959,12.120595979,-6.326273070,-23.282384374,13.672255770,332.437959936,-0.448910962193,0.234306410005,0.862310532380,0.612686207723,0.782742746835
960,-4.666446542,12.858844372,-23.278195765,13.679386022,109.945723986,0.172831353424,-0.476253495273,0.862155398704,0.612686207723,0.782742746835
961,-5.247864669,-12.640432842,-23.274006402,13.686512558,247.453488036,0.194365358103,0.468164179316,0.862000237108,0.612686207723,0.782742746835
962,12.414559291,5.778786004,-23.269816285,13.693635386,24.961252086,-0.459798492273,-0.214029111264,0.861845047578,0.612686207723,0.782742746835
963,-13.064411986,4.126961790,-23.265625413,13.700754511,162.469016136,0.483867110597,-0.152850436657,0.861689830099,0.612686207723,0.782742746835
964,6.849123391,-11.874140264,-23.261433786,13.707869938,299.976780186,-0.253671236716,0.439782972734,0.861534584655,0.612686207723,0.782742746835
965,2.972077204,13.389080603,-23.257241403,13.714981674,77.484544236,-0.110076933491,-0.495891874199,0.861379311231,0.612686207723,0.782742746835
966,-11.241534351,-7.869158266,-23.253048265,13.722089724,214.992308287,0.416353124124,0.291450306150,0.861224009813,0.612686207723,0.782742746835
967,13.611741198,-1.792002242,-23.248854370,13.729194094,352.500072337,-0.504138562872,0.066370453420,0.861068680384,0.612686207723,0.782742746835
968,-8.830959197,10.521404574,-23.244659719,13.736294789,130.007836387,0.327072562838,-0.389681650890,0.860913322930,0.612686207723,0.782742746835
969,-0.595739834,-13.730473869,-23.240464311,13.743391816,267.515600437,0.022064438297,0.508536069226,0.860757937436,0.612686207723,0.782742746835
970,9.719095567,9.727025447,-23.236268145,13.750485180,45.023364487,-0.359966502489,-0.360260201751,0.860602523887,0.612686207723,0.782742746835
971,-13.744152666,-0.607564213,-23.232071221,13.757574887,182.531128537,0.509042691326,0.022502378267,0.860447082266,0.612686207723,0.782742746835
972,10.550345484,-8.840593929,-23.227873539,13.764660942,320.038892587,-0.390753536449,0.327429404776,0.860291612560,0.612686207723,0.782742746835
973,-1.808691176,13.652455865,-23.223675098,13.771743351,97.546656637,0.066988562073,-0.505646513535,0.860136114753,0.612686207723,0.782742746835
974,-7.892483552,-11.294451841,-23.219475898,13.778822120,235.054420687,0.292314205634,0.418313031141,0.859980588829,0.612686207723,0.782742746835
975,13.455870098,2.998420080,-23.215275939,13.785897253,12.562184737,-0.498365559197,-0.111052595571,0.859825034773,0.612686207723,0.782742746835
976,-11.953471915,6.881896275,-23.211075219,13.792968758,150.069948787,0.442721182038,-0.254885047210,0.859669452571,0.612686207723,0.782742746835
977,4.167598529,-13.155688265,-23.206873740,13.800036639,287.577712837,-0.154355501078,0.487247713533,0.859513842206,0.612686207723,0.782742746835
978,5.816458218,12.522174297,-23.202671499,13.807100902,65.085476887,-0.215424378432,-0.463784233208,0.859358203664,0.612686207723,0.782742746835
979,-12.754001255,-5.307213145,-23.198468497,13.814161552,202.593240937,0.472370416866,0.196563449819,0.859202536929,0.612686207723,0.782742746835
980,12.996010262,-4.704232215,-23.194264734,13.821218596,340.101004987,-0.481333713409,0.174230822790,0.859046841986,0.612686207723,0.782742746835
981,-6.408459091,12.253683512,-23.190060208,13.828272038,117.608769037,0.237350336716,-0.453840130084,0.858891118819,0.612686207723,0.782742746835
982,-3.553656772,-13.371150106,-23.185854920,13.835321884,255.116533087,0.131616917472,0.495227781721,0.858735367413,0.612686207723,0.782742746835
983,11.658372551,7.462808128,-23.181648869,13.842368139,32.624297137,-0.431791575976,-0.276400301029,0.858579587754,0.612686207723,0.782742746835
984,-13.644514024,2.373482006,-23.177442055,13.849410810,170.132061187,0.505352371245,-0.087906740980,0.858423779824,0.612686207723,0.782742746835
985,8.462074681,-10.972442569,-23.173234477,13.856449901,307.639825237,-0.313410173384,0.406386761831,0.858267943610,0.612686207723,0.782742746835
986,1.172703076,13.813797285,-23.169026136,13.863485418,85.147589287,-0.043433447249,-0.511622121659,0.858112079095,0.612686207723,0.782742746835
987,-10.200972340,-9.398479416,-23.164817029,13.870517366,222.655353337,0.377813790370,0.348091830207,0.857956186264,0.612686207723,0.782742746835
988,13.877489512,0.039508424,-23.160607158,13.877545751,0.163117387,-0.513981093053,-0.001463274961,0.857800265103,0.612686207723,0.782742746835
989,-10.264709807,9.349707629,-23.156396521,13.884570579,137.670881437,0.380174437284,-0.346285467736,0.857644315594,0.612686207723,0.782742746835
990,1.253874547,-13.834887887,-23.152185119,13.891591854,275.178645487,-0.046439798022,0.512403255092,0.857488337723,0.612686207723,0.782742746835
991,8.425018408,11.053977254,-23.147972950,13.898609582,52.686409537,-0.312037718828,-0.409406564966,0.857332331475,0.612686207723,0.782742746835
992,-13.686104177,-2.461082046,-23.143760014,13.905623769,190.194173587,0.506892747313,0.091151186878,0.857176296833,0.612686207723,0.782742746835
993,11.760070280,-7.433851188,-23.139546312,13.912634419,327.701937638,-0.435558158502,0.275327821786,0.857020233783,0.612686207723,0.782742746835
994,-3.651853837,13.432065519,-23.135331842,13.919641538,105.209701688,0.135253845827,-0.497483908097,0.856864142308,0.612686207723,0.782742746835
995,-6.383676821,-12.377403398,-23.131116605,13.926645132,242.717465738,0.236432474837,0.458422348068,0.856708022394,0.612686207723,0.782742746835
996,13.074508934,4.817020328,-23.126900599,13.933645205,20.225229788,-0.484241071617,-0.178408160308,0.856551874024,0.612686207723,0.782742746835
997,-12.901061274,5.282434171,-23.122683824,13.940641763,157.732993838,0.477817084240,-0.195645710031,0.856395697184,0.612686207723,0.782742746835
998,5.947590061,-12.615969615,-23.118466280,13.947634812,295.240757888,-0.220281113378,0.467258133876,0.856239491857,0.612686207723,0.782742746835
999,4.138470079,13.326837822,-23.114247967,13.954624356,72.748521938,-0.153276669607,-0.493586585999,0.856083258028,0.612686207723,0.782742746835
1000,-12.059763049,-7.034819131,-23.110028883,13.961610402,210.256285988,0.446657890705,0.260548856712,0.855926995682,0.612686207723,0.782742746835
1001,13.651269924,-2.960476069,-23.105809030,13.968592953,347.764050038,-0.505602589770,0.109647261800,0.855770704802,0.612686207723,0.782742746835
1002,-8.070278839,11.409961114,-23.101588405,13.975572016,125.271814088,0.298899216273,-0.422591152361,0.855614385373,0.612686207723,0.782742746835
1003,-1.757422275,-13.871665516,-23.097367009,13.982547595,262.779578138,0.065089713896,0.513765389479,0.855458037380,0.612686207723,0.782742746835
1004,10.671362309,9.045921058,-23.093144842,13.989519696,40.287342188,-0.395235641086,-0.335034113242,0.855301660807,0.612686207723,0.782742746835
1005,-13.986125799,0.538489110,-23.088921902,13.996488324,177.795106238,0.518004659230,-0.019944041120,0.855145255638,0.612686207723,0.782742746835
1006,9.954140799,-9.849456351,-23.084698190,14.003453484,315.302870288,-0.368671881454,0.364794679683,0.854988821857,0.612686207723,0.782742746835
1007,-0.687002832,13.993561400,-23.080473705,14.010415181,92.810634338,0.025444549337,-0.518280051852,0.854832359449,0.612686207723,0.782742746835
1008,-8.950383381,-10.787835509,-23.076248447,14.017373421,230.318398388,0.331495680766,0.399549463286,0.854675868398,0.612686207723,0.782742746835
1009,13.893702343,1.909664082,-23.072022415,14.024328209,7.826162438,-0.514581568261,-0.070728299318,0.854519348688,0.612686207723,0.782742746835
1010,-11.540460607,7.980888094,-23.067795608,14.031279549,145.333926488,0.427424466914,-0.295588447915,0.854362800304,0.612686207723,0.782742746835
1011,3.120108269,-13.687101747,-23.063568027,14.038227447,282.841690538,-0.115559565521,0.506929694350,0.854206223229,0.612686207723,0.782742746835
1012,6.948269139,12.206080858,-23.059339671,14.045171908,60.349454588,-0.257343301433,-0.452077068810,0.854049617448,0.612686207723,0.782742746835
1013,-13.375133206,-4.309024222,-23.055110540,14.052112938,197.857218638,0.495375303910,0.159593489691,0.853892982946,0.612686207723,0.782742746835
1014,12.779417158,-5.860324154,-23.050880632,14.059050540,335.364982688,-0.473311746587,0.217049042747,0.853736319706,0.612686207723,0.782742746835
1015,-5.467247622,12.959981852,-23.046649948,14.065984721,112.872746738,0.202490652665,-0.479999327852,0.853579627712,0.612686207723,0.782742746835
1016,-4.725290866,-13.255888370,-23.042418488,14.072915485,250.380510788,0.175010772819,0.490958828510,0.853422906949,0.612686207723,0.782742746835
1017,12.444629179,6.585831679,-23.038186250,14.079842837,27.888274838,-0.460912191825,-0.243919691826,0.853266157401,0.612686207723,0.782742746835
1018,-13.631647880,3.551784687,-23.033953234,14.086766783,165.396038888,0.504875847413,-0.131547581018,0.853109379052,0.612686207723,0.782742746835
1019,7.656116268,-11.832831705,-23.029719441,14.093687327,302.903802939,-0.283559861796,0.438253026106,0.852952571886,0.612686207723,0.782742746835
1020,2.348733294,13.903614583,-23.025484869,14.100604475,80.411566989,-0.086990122002,-0.514948688246,0.852795735888,0.612686207723,0.782742746835
1021,-11.129093641,-8.669795000,-23.021249518,14.107518231,217.919331039,0.412188653380,0.321103518536,0.852638871040,0.612686207723,0.782742746835
1022,14.069498040,-1.125308673,-23.017013388,14.114428600,355.427095089,-0.521092519996,0.041678098988,0.852481977328,0.612686207723,0.782742746835
1023,-9.618979707,10.338633768,-23.012776478,14.121335588,132.934859139,0.356258507648,-0.382912361772,0.852325054736,0.612686207723,0.782742746835
1024,0.109142840,-14.127817620,-23.008538788,14.128239199,270.442623189,-0.004042327400,0.523252504436,0.852168103246,0.612686207723,0.782742746835
1025,9.467346748,10.496261834,-23.004300317,14.135139438,47.950387239,-0.350642472140,-0.388750438303,0.852011122845,0.612686207723,0.782742746835
1026,-14.077915446,-1.345171994,-23.000061065,14.142036311,185.458151289,0.521404275796,0.049821184950,0.851854113515,0.612686207723,0.782742746835
1027,11.294770278,-8.521759176,-22.995821031,14.148929821,322.965915339,-0.418324825102,0.315620710238,0.851697075240,0.612686207723,0.782742746835
1028,-2.573298993,13.919963055,-22.991580216,14.155819975,100.473679389,0.095307370096,-0.515554187232,0.851540008005,0.612686207723,0.782742746835
1029,-7.508980689,-12.008225191,-22.987338618,14.162706777,237.981443439,0.278110395903,0.444749081165,0.851382911793,0.612686207723,0.782742746835
1030,13.654961687,3.784086235,-22.983096238,14.169590231,15.489207489,-0.505739321753,-0.140151342051,0.851225786589,0.612686207723,0.782742746835
1031,-12.630987364,6.436650496,-22.978853074,14.176470343,152.996971539,0.467814346814,-0.238394462814,0.851068632376,0.612686207723,0.782742746835
1032,4.968210874,-13.284736211,-22.974609127,14.183347118,290.504735589,-0.184007810136,0.492027267063,0.850911449139,0.612686207723,0.782742746835
1033,5.312879741,13.158102766,-22.970364395,14.190220560,68.012499639,-0.196773323724,-0.487337139499,0.850754236860,0.612686207723,0.782742746835
1034,-12.811922701,-6.116536629,-22.966118879,14.197090675,205.520263689,0.474515655596,0.226538393652,0.850596995525,0.612686207723,0.782742746835
1035,13.585341922,-4.146190127,-22.961872578,14.203957466,343.028027739,-0.503160811924,0.153562597292,0.850439725117,0.612686207723,0.782742746835
1036,-7.220184312,12.239949766,-22.957625492,14.210820940,120.535791789,0.267414233780,-0.453331472826,0.850282425619,0.612686207723,0.782742746835
1037,-2.945449270,-13.909233784,-22.953377619,14.217681100,258.043555839,0.109090713692,0.515156806816,0.850125097017,0.612686207723,0.782742746835
1038,11.573013746,8.270600509,-22.949128961,14.224537952,35.551319889,-0.428630138731,-0.306318537364,0.849967739293,0.612686207723,0.782742746835
1039,-14.127093853,1.719803265,-22.944879516,14.231391500,173.059083939,0.523225698276,-0.063696417206,0.849810352431,0.612686207723,0.782742746835
1040,9.259623887,-10.816047964,-22.940629283,14.238241749,310.566847989,-0.342949032859,0.400594369034,0.849652936416,0.612686207723,0.782742746835
1041,0.478606989,14.237046306,-22.936378263,14.245088703,88.074612039,-0.017726184778,-0.527298011331,0.849495491230,0.612686207723,0.782742746835
1042,-9.974686263,-10.179548625,-22.932126455,14.251932369,225.582376089,0.369432824545,0.377020319437,0.849338016858,0.612686207723,0.782742746835
1043,14.238039949,0.768647334,-22.927873859,14.258772749,3.090140139,-0.527334812935,-0.028468419788,0.849180513284,0.612686207723,0.782742746835
1044,-11.023184456,9.055221082,-22.923620473,14.265609850,140.597904189,0.408266090962,-0.335378558601,0.849022980491,0.612686207723,0.782742746835
1045,2.012402765,-14.129857876,-22.919366299,14.272443676,278.105668240,-0.074533435758,0.523328069467,0.848865418463,0.612686207723,0.782742746835
1046,8.064556402,11.783912873,-22.915111334,14.279274231,55.613432290,-0.298687274133,-0.436441217517,0.848707827184,0.612686207723,0.782742746835
1047,-13.913120723,-3.243110912,-22.910855579,14.286101520,193.121196340,0.515300767507,0.120115218948,0.848550206637,0.612686207723,0.782742746835
1048,12.455739042,-7.010155892,-22.906599034,14.292925547,330.628960390,-0.461323668210,0.259635403413,0.848392556806,0.612686207723,0.782742746835
1049,-4.451305264,13.589283507,-22.902341697,14.299746319,108.136724440,0.164863157939,-0.503306796546,0.848234877675,0.612686207723,0.782742746835
1050,-5.899986672,-13.033339025,-22.898083569,14.306563838,245.644488490,0.218518024884,0.482716260173,0.848077169228,0.612686207723,0.782742746835
1051,13.160626039,5.627674048,-22.893824649,14.313378111,23.152252540,-0.487430594047,-0.208432372153,0.847919431447,0.612686207723,0.782742746835
1052,-13.512101940,4.742459086,-22.889564937,14.320189140,160.660016590,0.500448219999,-0.175646632799,0.847761664317,0.612686207723,0.782742746835
1053,6.763132018,-12.630236989,-22.885304431,14.326996932,298.167780640,-0.250486371021,0.467786555157,0.847603867822,0.612686207723,0.782742746835
1054,3.546362966,13.888166721,-22.881043133,14.333801490,75.675544690,-0.131346776511,-0.514376545240,0.847446041945,0.612686207723,0.782742746835
1055,-12.001991701,-7.848890651,-22.876781040,14.340602820,213.183308740,0.444518211164,0.290699653725,0.847288186669,0.612686207723,0.782742746835
1056,14.158453189,-2.320800858,-22.872518153,14.347400926,350.691072790,-0.524387155141,0.085955587335,0.847130301978,0.612686207723,0.782742746835
1057,-8.876526195,11.280523929,-22.868254472,14.354195812,128.198836840,0.328760229436,-0.417797182557,0.846972387855,0.612686207723,0.782742746835
1058,-1.075118717,-14.320687177,-22.863989996,14.360987483,265.706600890,0.039819211754,0.530395821369,0.846814444285,0.612686207723,0.782742746835
1059,10.471191687,9.838045040,-22.859724724,14.367775943,43.214364940,-0.387821914339,-0.364372038510,0.846656471250,0.612686207723,0.782742746835
1060,-14.373419521,-0.181165395,-22.855458656,14.374561198,180.722128990,0.532348871153,0.006709829457,0.846498468735,0.612686207723,0.782742746835
1061,10.725945908,-9.580037478,-22.851191792,14.381343251,318.229893040,-0.397257255867,0.354816202885,0.846340436722,0.612686207723,0.782742746835
1062,-1.438434073,14.316038740,-22.846924130,14.388122108,95.737657090,0.053275336049,-0.530223657032,0.846182375196,0.612686207723,0.782742746835
1063,-8.613743183,-11.533278382,-22.842655672,14.394897772,233.245421140,0.319027525283,0.427158458606,0.846024284139,0.612686207723,0.782742746835
1064,14.148777307,2.687044224,-22.838386415,14.401670248,10.753185190,-0.524028789142,-0.099520156435,0.845866163535,0.612686207723,0.782742746835
1065,-12.253697306,7.579579958,-22.834116361,14.408439541,148.260949240,0.453840640977,-0.280725183630,0.845708013367,0.612686207723,0.782742746835
1066,3.917401063,-13.872711451,-22.829845508,14.415205656,285.768713290,-0.145088928252,0.513804127820,0.845549833620,0.612686207723,0.782742746835
1067,6.485353511,12.881512644,-22.825573855,14.421968596,63.276477340,-0.240198278195,-0.477093060898,0.845391624275,0.612686207723,0.782742746835
1068,-13.489754476,-5.120031878,-22.821301404,14.428728366,200.784241390,0.499620536138,0.189630810297,0.845233385318,0.612686207723,0.782742746835
1069,13.411734396,-5.339345167,-22.817028152,14.435484970,338.292005440,-0.496730903556,0.197753524714,0.845075116730,0.612686207723,0.782742746835
1070,-6.285658991,13.002643633,-22.812754099,14.442238414,115.799769490,0.232802184841,-0.481579393825,0.844916818496,0.612686207723,0.782742746835
1071,-4.150249172,-13.840112221,-22.808479246,14.448988701,253.307533540,0.153712932294,0.512596748925,0.844758490598,0.612686207723,0.782742746835
1072,12.414920648,7.405271356,-22.804203592,14.455735836,30.815297591,-0.459811875857,-0.274269309482,0.844600133020,0.612686207723,0.782742746835
1073,-14.163169453,2.927106707,-22.799927135,14.462479823,168.323061641,0.524561831598,-0.108411359516,0.844441745746,0.612686207723,0.782742746835
1074,8.470194248,-11.730906022,-22.795649876,14.469220667,305.830825691,-0.313710898079,0.434478000833,0.844283328758,0.612686207723,0.782742746835
1075,1.679237117,14.378231237,-22.791371815,14.475958372,83.338589741,-0.062193967299,-0.532527082834,0.844124882040,0.612686207723,0.782742746835
1076,-10.955667313,-9.472156491,-22.787092951,14.482692942,220.846353791,0.405765456026,0.350820610791,0.843966405575,0.612686207723,0.782742746835
1077,14.483446554,-0.416166873,-22.782813282,14.489424383,358.354117841,-0.536423946434,0.015413587891,0.843807899347,0.612686207723,0.782742746835
1078,-10.403354716,10.094981608,-22.778532810,14.496152697,135.861881891,0.385309433921,-0.373888207717,0.843649363338,0.612686207723,0.782742746835
1079,0.852443188,-14.477803967,-22.774251533,14.502877890,273.369645941,-0.031571969928,0.536214961739,0.843490797532,0.612686207723,0.782742746835
1080,9.155292492,11.256514139,-22.769969452,14.509599966,50.877409991,-0.339084907102,-0.416907931075,0.843332201912,0.612686207723,0.782742746835
1081,-14.361140939,-2.116871789,-22.765686564,14.516318929,188.385174041,0.531894108862,0.078402658850,0.843173576461,0.612686207723,0.782742746835
1082,12.024945399,-8.143661798,-22.761402871,14.523034784,325.892938091,-0.445368348098,0.301617103642,0.843014921163,0.612686207723,0.782742746835
1083,-3.367411739,14.134146652,-22.757118372,14.529747534,103.400702141,0.124718953292,-0.523486913042,0.842856236000,0.612686207723,0.782742746835
1084,-7.067716539,-12.702596994,-22.752833066,14.536457185,240.908466191,0.261767279236,0.470466555343,0.842697520955,0.612686207723,0.782742746835
1085,13.798358286,4.594444490,-22.748546952,14.543163740,18.416230241,-0.511050306889,-0.170164610726,0.842538776013,0.612686207723,0.782742746835
1086,-13.284102925,5.935591386,-22.744260031,14.549867203,155.923994291,0.492003812054,-0.219836717995,0.842380001155,0.612686207723,0.782742746835
1087,5.788514147,-13.356150781,-22.739972302,14.556567580,293.431758341,-0.214389412856,0.494672251141,0.842221196365,0.612686207723,0.782742746835
1088,4.755867147,13.764825152,-22.735683764,14.563264874,70.939522391,-0.176143227675,-0.509808338964,0.842062361626,0.612686207723,0.782742746835
1089,-12.810720142,-6.940400370,-22.731394417,14.569959089,208.447286441,0.474471116384,0.257051865564,0.841903496921,0.612686207723,0.782742746835
1090,14.140890541,-3.537505711,-22.727104260,14.576650230,345.955050491,-0.523736686699,0.131018730026,0.841744602233,0.612686207723,0.782742746835
1091,-8.041189593,12.166060412,-22.722813294,14.583338302,123.462814541,0.297821836783,-0.450594830071,0.841585677545,0.612686207723,0.782742746835
1092,-2.289781935,-14.409222005,-22.718521517,14.590023307,260.970578591,0.084806738316,0.533674889073,0.841426722840,0.612686207723,0.782742746835
1093,11.426934464,9.082344022,-22.714228929,14.596705251,38.478342641,-0.423219794959,-0.336383111920,0.841267738101,0.612686207723,0.782742746835
1094,-14.567563585,1.022213013,-22.709935529,14.603384137,175.986106691,0.539539392042,-0.037859741220,0.841108723311,0.612686207723,0.782742746835
1095,10.055767870,-10.598838845,-22.705641318,14.610059970,313.493870741,-0.372435847052,0.392549586855,0.840949678453,0.612686207723,0.782742746835
1096,-0.255514149,14.614499270,-22.701346295,14.616732754,91.001634791,0.009463487001,-0.541277750755,0.840790603510,0.612686207723,0.782742746835
1097,-9.687962915,-10.953870323,-22.697050459,14.623402493,228.509398841,0.358813441284,0.405698900839,0.840631498465,0.612686207723,0.782742746835
1098,14.549465401,1.533616996,-22.692753809,14.630069192,6.017162892,-0.538869088942,-0.056800629488,0.840472363301,0.612686207723,0.782742746835
1099,-11.769624730,8.701142589,-22.688456346,14.636732854,143.524926942,0.435912027040,-0.322264540321,0.840313198000,0.612686207723,0.782742746835
1100,2.802292253,-14.372756550,-22.684158069,14.643393484,281.032690992,-0.103788601975,0.532324316659,0.840154002546,0.612686207723,0.782742746835
1101,7.645809035,12.496623584,-22.679858977,14.650051085,58.540455042,-0.283178112390,-0.462837910514,0.839994776921,0.612686207723,0.782742746835
1102,-14.085524816,-4.051791150,-22.675559070,14.656705662,196.048219092,0.521686104297,0.150066338891,0.839835521108,0.612686207723,0.782742746835
1103,13.129128831,-6.529932701,-22.671258347,14.663357219,333.555983142,-0.486264030786,0.241849359290,0.839676235090,0.612686207723,0.782742746835
1104,-5.272494363,13.689772540,-22.666956809,14.670005761,111.063747192,0.195277569012,-0.507028612610,0.839516918850,0.612686207723,0.782742746835
1105,-5.361963104,-13.662117141,-22.662654454,14.676651290,248.571511242,0.198591226075,0.506004338548,0.839357572371,0.612686207723,0.782742746835
1106,13.188338470,6.454986101,-22.658351282,14.683293812,26.079275292,-0.488456980387,-0.239073559296,0.839198195635,0.612686207723,0.782742746835
1107,-14.091319761,4.150764827,-22.654047293,14.689933330,163.587039342,0.521900731885,-0.153732030626,0.839038788625,0.612686207723,0.782742746835
1108,7.590126756,-12.584877479,-22.649742486,14.696569849,301.094803392,-0.281115805780,0.466106573288,0.838879351324,0.612686207723,0.782742746835
1109,2.905550214,14.413256654,-22.645436860,14.703203372,78.602567442,-0.107612970887,-0.533824320501,0.838719883715,0.612686207723,0.782742746835
1110,-11.883833978,-8.669123570,-22.641130416,14.709833904,216.110331492,0.440141999172,0.321078650747,0.838560385780,0.612686207723,0.782742746835
1111,14.625264633,-1.635809275,-22.636823153,14.716461448,353.618095542,-0.541676467878,0.060585528697,0.838400857502,0.612686207723,0.782742746835
1112,-9.683598760,11.090409221,-22.632515069,14.723086009,131.125859592,0.358651805943,-0.410755897065,0.838241298864,0.612686207723,0.782742746835
1113,-0.351237329,-14.725519280,-22.628206166,14.729707591,268.633623642,0.013008789971,0.545389602947,0.838081709848,0.612686207723,0.782742746835
1114,10.210522734,10.625654581,-22.623896442,14.736326197,46.141387692,-0.378167508677,-0.393542762275,0.837922090437,0.612686207723,0.782742746835
1115,-14.713050455,-0.938339054,-22.619585897,14.742941832,183.649151742,0.544927794625,0.034753298308,0.837762440613,0.612686207723,0.782742746835
1116,11.487934817,-9.250768162,-22.615274530,14.749554500,321.156915792,-0.425479067284,0.342621043050,0.837602760360,0.612686207723,0.782742746835
1117,-2.223037260,14.587751278,-22.610962341,14.756164204,98.664679842,0.082334713352,-0.540287084386,0.837443049660,0.612686207723,0.782742746835
1118,-8.218363856,-12.263682221,-22.606649329,14.762770949,236.172443892,0.304383846528,0.454210452642,0.837283308495,0.612686207723,0.782742746835
1119,14.350380495,3.492994394,-22.602335495,14.769374739,13.680207942,-0.531495573875,-0.129370162739,0.837123536848,0.612686207723,0.782742746835
1120,-12.946791467,7.121098578,-22.598020837,14.775975577,151.187971992,0.479510795083,-0.263744391776,0.836963734701,0.612686207723,0.782742746835
1121,4.738443029,-14.002558194,-22.593705355,14.782573468,288.695736042,-0.175497889978,0.518613266459,0.836803902038,0.612686207723,0.782742746835
1122,5.967272726,13.531857176,-22.589389049,14.789168415,66.203500092,-0.221010100964,-0.501179895393,0.836644038840,0.612686207723,0.782742746835
1123,-13.546754914,-5.949786364,-22.585071917,14.795760423,203.711264142,0.501731663497,0.220362457914,0.836484145090,0.612686207723,0.782742746835
1124,14.014216659,-4.765635528,-22.580753961,14.802349495,341.219028193,-0.519045061460,0.176505019551,0.836324220770,0.612686207723,0.782742746835
1125,-7.117672191,12.986274186,-22.576435178,14.808935635,118.726792243,0.263617488541,-0.480973117989,0.836164265864,0.612686207723,0.782742746835
1126,-3.525318674,-14.389987038,-22.572115570,14.815518847,256.234556293,0.130567358282,0.532962482904,0.836004280353,0.612686207723,0.782742746835
1127,12.325228654,8.233065129,-22.567795134,14.822099136,33.742320343,-0.456489950152,-0.304928338107,0.835844264220,0.612686207723,0.782742746835
1128,-14.656096431,2.255766895,-22.563473871,14.828676504,171.250084393,0.542818386321,-0.083546922043,0.835684217447,0.612686207723,0.782742746835
1129,9.287316545,-11.568509945,-22.559151780,14.835250957,308.757848443,-0.343974686838,0.428463331295,0.835524140016,0.612686207723,0.782742746835
1130,0.966666018,14.810308972,-22.554828862,14.841822497,86.265612493,-0.035802445128,-0.548529961909,0.835364031911,0.612686207723,0.782742746835
1131,-10.721752492,-10.272231627,-22.550505114,14.848391128,223.773376543,0.397101944146,0.380453023229,0.835203893113,0.612686207723,0.782742746835
1132,14.851243456,0.332130963,-22.546180537,14.854956855,1.281140593,-0.550046053941,-0.012301146768,0.835043723605,0.612686207723,0.782742746835
1133,-11.180133098,9.791291598,-22.541855131,14.861519682,138.788904643,0.414079003648,-0.362640429552,0.834883523369,0.612686207723,0.782742746835
1134,1.630679227,-14.778385453,-22.537528894,14.868079611,276.296668693,-0.060395526932,0.547347609361,0.834723292387,0.612686207723,0.782742746835
1135,8.784116040,12.003921060,-22.533201827,14.874636648,53.804432743,-0.325337631093,-0.444589668887,0.834563030641,0.612686207723,0.782742746835
1136,-14.592092777,-2.919018304,-22.528873929,14.881190795,191.312196793,0.540447880647,0.108111789044,0.834402738115,0.612686207723,0.782742746835
1137,12.737128511,-7.707815570,-22.524545199,14.887742057,328.819960843,-0.471745500396,0.285474650751,0.834242414790,0.612686207723,0.782742746835
1138,-4.187248506,14.293594285,-22.520215638,14.894290438,106.327724893,0.155083277988,-0.529392380936,0.834082060648,0.612686207723,0.782742746835
1139,-6.570523716,-13.373972103,-22.515885243,14.900835940,243.835488943,0.243352730236,0.495332300109,0.833921675672,0.612686207723,0.782742746835
1140,13.884981966,5.425607025,-22.511554016,14.907378569,21.343252993,-0.514258591341,-0.200948408344,0.833761259844,0.612686207723,0.782742746835
1141,-13.909397736,5.380856296,-22.507221955,14.913918327,158.851017043,0.515162879125,-0.199290973941,0.833600813145,0.612686207723,0.782742746835
1142,6.624543120,-13.369196401,-22.502889060,14.920455219,296.358781093,-0.245353448879,0.495155422252,0.833440335559,0.612686207723,0.782742746835
1143,4.147846130,14.339120632,-22.498555331,14.926989249,73.866545143,-0.153623930748,-0.531078541935,0.833279827068,0.612686207723,0.782742746835
1144,-12.750005674,-7.774791793,-22.494220767,14.933520419,211.374309193,0.472222432360,0.287955251589,0.833119287652,0.612686207723,0.782742746835
1145,14.659659569,-2.880874431,-22.489885367,14.940048734,348.882073243,-0.542950354424,0.106699053005,0.832958717296,0.612686207723,0.782742746835
1146,-8.867445414,12.031977896,-22.485549131,14.946574198,126.389837293,0.328423904234,-0.445628810949,0.832798115980,0.612686207723,0.782742746835
1147,-1.589599404,-14.868365010,-22.481212060,14.953096814,263.897601343,0.058874051999,0.550680185553,0.832637483687,0.612686207723,0.782742746835
1148,11.220447534,9.894022718,-22.476874151,14.959616586,41.405365393,-0.415572130902,-0.366445285843,0.832476820399,0.612686207723,0.782742746835
1149,-14.963440886,0.283882591,-22.472535405,14.966133518,178.913129443,0.554201514313,-0.010514170037,0.832316126097,0.612686207723,0.782742746835
1150,10.846534646,-10.321475802,-22.468195821,14.972647614,316.420893493,-0.401723505413,0.382276881562,0.832155400765,0.612686207723,0.782742746835
1151,-1.026286471,14.943959874,-22.463855398,14.979158876,93.928657544,0.038010610029,-0.553479995341,0.831994644383,0.612686207723,0.782742746835
1152,-9.341805394,-11.717546531,-22.459514137,14.985667310,231.436421594,0.345992792369,0.433983204843,0.831833856935,0.612686207723,0.782742746835
1153,14.809872018,2.330866706,-22.455172037,14.992172918,8.944185644,-0.548513778450,-0.086328396524,0.831673038401,0.612686207723,0.782742746835
1154,-12.500236121,8.288809914,-22.450829097,14.998675704,146.451949694,0.462971708189,-0.306992959777,0.831512188765,0.612686207723,0.782742746835
1155,3.619842486,-14.562006638,-22.446485316,15.005175672,283.959713744,-0.134068240226,0.539333579186,0.831351308007,0.612686207723,0.782742746835
1156,7.170438370,13.188447013,-22.442140695,15.011672826,61.467477794,-0.265571791498,-0.488461000465,0.831190396110,0.612686207723,0.782742746835
1157,-14.202067485,-4.883300550,-22.437795233,15.018167169,198.975241844,0.526002499436,0.180862983335,0.831029453056,0.612686207723,0.782742746835
1158,13.776737053,-5.995155156,-22.433448928,15.024658704,336.483005894,-0.510249520495,0.222042783553,0.830868478826,0.612686207723,0.782742746835
1159,-6.111506274,13.732621174,-22.429101782,15.031147437,113.990769944,0.226352084237,-0.508615599048,0.830707473403,0.612686207723,0.782742746835
1160,-4.771875967,-14.260421350,-22.424753793,15.037633369,251.498533994,0.176736146926,0.528163753719,0.830546436768,0.612686207723,0.782742746835
1161,13.157078975,7.294978701,-22.420404960,15.044116505,29.006298044,-0.487299221312,-0.270184396331,0.830385368903,0.612686207723,0.782742746835
1162,-14.635609534,3.509900148,-22.416055284,15.050596848,166.514062094,0.542059612382,-0.129996301776,0.830224269790,0.612686207723,0.782742746835
1163,8.424563746,-12.479672081,-22.411704764,15.057074403,304.021826144,-0.312020879496,0.462210077074,0.830063139411,0.612686207723,0.782742746835
1164,2.218839973,14.899236988,-22.407353399,15.063549172,81.529590194,-0.082179258253,-0.551823592141,0.829901977748,0.612686207723,0.782742746835
1165,-11.705420541,-9.491505027,-22.403001189,15.070021159,219.037354244,0.433534094100,0.351537223238,0.829740784782,0.612686207723,0.782742746835
1166,15.049089787,-0.908547403,-22.398648133,15.076490367,356.545118294,-0.557373695811,0.033649903815,0.829579560495,0.612686207723,0.782742746835
1167,-10.487511754,10.840096083,-22.394294231,15.082956801,134.052882344,0.388426361243,-0.401485040120,0.829418304869,0.612686207723,0.782742746835
1168,0.410961121,-15.083823153,-22.389939483,15.089420464,271.560646394,-0.015220782247,0.558660116776,0.829257017885,0.612686207723,0.782742746835
1169,9.890179103,11.404823161,-22.385583887,15.095881360,49.068410444,-0.366302929756,-0.422400857811,0.829095699526,0.612686207723,0.782742746835
1170,-15.002973262,-1.729581277,-22.381227444,15.102339491,186.576174494,0.555665676383,0.064058565830,0.828934349773,0.612686207723,0.782742746835
1171,12.236268986,-8.862810134,-22.376870152,15.108794862,324.083938544,-0.453195147638,0.328252227202,0.828772968607,0.612686207723,0.782742746835
1172,-3.037198271,14.806962312,-22.372512012,15.115247476,101.591702594,0.112488824865,-0.548406011570,0.828611556011,0.612686207723,0.782742746835
1173,-7.765736169,-12.975325510,-22.368153023,15.121697337,239.099466644,0.287619858098,0.480567611490,0.828450111965,0.612686207723,0.782742746835
1174,14.497096792,4.323764449,-22.363793184,15.128144447,16.607230694,-0.536929510828,-0.160139424025,0.828288636452,0.612686207723,0.782742746835
1175,-13.616166731,6.607252230,-22.359432495,15.134588811,154.114994744,0.504302471534,-0.244713045563,0.828127129453,0.612686207723,0.782742746835
1176,5.579376531,-14.075558962,-22.355070956,15.141030433,291.622758794,-0.206643575225,0.521316998593,0.827965590950,0.612686207723,0.782742746835
1177,5.396138641,14.153710270,-22.350708565,15.147469315,69.130522844,-0.199856986710,-0.524211491486,0.827804020924,0.612686207723,0.782742746835
1178,-13.545391591,-6.794351872,-22.346345323,15.153905461,206.638286895,0.501681170051,0.251642661920,0.827642419356,0.612686207723,0.782742746835
1179,14.583657640,-4.141594454,-22.341981228,15.160338875,344.146050945,-0.540135468166,0.153392387201,0.827480786229,0.612686207723,0.782742746835
1180,-7.959303147,12.910476067,-22.337616281,15.166769560,121.653814995,0.294789005448,-0.478165780277,0.827319121524,0.612686207723,0.782742746835
1181,-2.853167559,-14.902528572,-22.333250481,15.173197519,259.161579045,0.105672872567,0.551945502658,0.827157425222,0.612686207723,0.782742746835
1182,12.175504025,9.065210906,-22.328883827,15.179622757,36.669343095,-0.450944593521,-0.335748552065,0.826995697304,0.612686207723,0.782742746835
1183,-15.107689106,1.540681991,-22.324516319,15.186045275,174.177107145,0.559544040948,-0.057062295944,0.826833937753,0.612686207723,0.782742746835
1184,10.103493418,-11.345942709,-22.320147957,15.192465079,311.684871195,-0.374203459911,0.420220100315,0.826672146550,0.612686207723,0.782742746835
1185,0.214162994,15.197373243,-22.315778739,15.198882171,89.192635245,-0.007931962748,-0.562865675650,0.826510323675,0.612686207723,0.782742746835
1186,-10.427994320,-11.066073278,-22.311408666,15.205296555,226.700399295,0.386222011856,0.409854565859,0.826348469111,0.612686207723,0.782742746835
1187,15.170697961,1.116239577,-22.307037737,15.211708235,4.208163345,-0.561877702258,-0.041342206553,0.826186582839,0.612686207723,0.782742746835
1188,-11.945440254,9.428549657,-22.302665951,15.218117212,141.715927395,0.442423713104,-0.349205542854,0.826024664840,0.612686207723,0.782742746835
1189,2.440328954,-15.027671482,-22.298293308,15.224523492,279.223691445,-0.090382553860,0.556580425252,0.825862715095,0.612686207723,0.782742746835
1190,8.355136384,12.734709877,-22.293919807,15.230927078,56.731455495,-0.309449495696,-0.471655921376,0.825700733586,0.612686207723,0.782742746835
1191,-14.769194705,-3.747939634,-22.289545448,15.237327972,194.239219545,0.547007211282,0.138812579042,0.825538720294,0.612686207723,0.782742746835
1192,13.427677337,-7.215862328,-22.285170230,15.243726178,331.746983595,-0.497321382858,0.267254160280,0.825376675201,0.612686207723,0.782742746835
1193,-5.029015450,14.397055792,-22.280794154,15.250121700,109.254747645,0.186259831497,-0.533224288592,0.825214598287,0.612686207723,0.782742746835
1194,-6.019354225,-14.018866241,-22.276417217,15.256514542,246.762511695,0.222939045369,0.519217268167,0.825052489534,0.612686207723,0.782742746835
1195,13.913917933,6.273686937,-22.272039421,15.262904705,24.270275745,-0.515330293814,-0.232358775454,0.824890348924,0.612686207723,0.782742746835
1196,-14.503571862,4.774692382,-22.267660764,15.269292194,161.778039795,0.537169328235,-0.176840458593,0.824728176436,0.612686207723,0.782742746835
1197,7.472347388,-13.323300368,-22.263281245,15.275677012,299.285803845,-0.276753606981,0.493455569180,0.824565972054,0.612686207723,0.782742746835
1198,3.491341743,14.877898544,-22.258900865,15.282059163,76.793567895,-0.129308953435,-0.551033279424,0.824403735756,0.612686207723,0.782742746835
1199,-12.629552809,-8.615727026,-22.254519623,15.288438650,214.301331945,0.467761215146,0.319101000963,0.824241467526,0.612686207723,0.782742746835
1200,15.138790944,-2.179079890,-22.250137518,15.294815475,351.809095995,-0.560695960893,0.080706662597,0.824079167344,0.612686207723,0.782742746835
1201,-9.694964705,11.837823443,-22.245754550,15.301189643,129.316860045,0.359072766857,-0.438437905285,0.823916835191,0.612686207723,0.782742746835
1202,-0.847922527,-15.284058884,-22.241370718,15.307561157,266.824624095,0.031404538019,0.566076254952,0.823754471048,0.612686207723,0.782742746835
1203,10.954020749,10.701676602,-22.236986022,15.313930020,44.332388145,-0.405704472172,-0.396358392655,0.823592074896,0.612686207723,0.782742746835
1204,-15.312395599,-0.491952997,-22.232600461,15.320296235,181.840152196,0.567125762918,0.018220481380,0.823429646717,0.612686207723,0.782742746835
1205,11.628021349,-9.984769418,-22.228214035,15.326659806,319.347916246,-0.430667457352,0.369806274723,0.823267186491,0.612686207723,0.782742746835
1206,-1.830285521,15.223389235,-22.223826743,15.333020736,96.855680296,0.067788352634,-0.563829230914,0.823104694200,0.612686207723,0.782742746835
1207,-8.937360698,-12.466761115,-22.219438585,15.339379028,234.363444346,0.331013359191,0.461731893162,0.822942169824,0.612686207723,0.782742746835
1208,15.017527491,3.156808687,-22.215049560,15.345734685,11.871208396,-0.556204721895,-0.116918840256,0.822779613344,0.612686207723,0.782742746835
1209,-13.211318156,7.819697545,-22.210659668,15.352087712,149.378972446,0.489308079857,-0.289618427576,0.822617024742,0.612686207723,0.782742746835
1210,4.461329719,-14.696195369,-22.206268908,15.358438110,286.886736496,-0.165234434054,0.544303532183,0.822454403998,0.612686207723,0.782742746835
1211,6.640234976,13.855826382,-22.201877280,15.364785884,64.394500546,-0.245934628754,-0.513178754883,0.822291751094,0.612686207723,0.782742746835
1212,-14.261666023,-5.733807773,-22.197484782,15.371131037,201.902264596,0.528209852722,0.212363250847,0.822129066009,0.612686207723,0.782742746835
1213,14.395177555,-5.407916103,-22.193091416,15.377473571,339.410028646,-0.533154724265,0.200293188991,0.821966348726,0.612686207723,0.782742746835
1214,-6.964431239,13.717084785,-22.188697179,15.383813490,116.917792696,0.257941897747,-0.508040177238,0.821803599224,0.612686207723,0.782742746835
1215,-4.132104294,-14.825061743,-22.184302072,15.390150798,254.425556746,0.153040899766,0.549076360846,0.821640817486,0.612686207723,0.782742746835
1216,13.066446459,8.143693424,-22.179906094,15.396485497,31.933320796,-0.483942461435,-0.301618274977,0.821478003491,0.612686207723,0.782742746835
1217,-15.142001706,2.822512013,-22.175509245,15.402817591,169.441084846,0.560814877996,-0.104537481981,0.821315157220,0.612686207723,0.782742746835
1218,9.262466008,-12.314566060,-22.171111524,15.409147082,306.948848896,-0.343054296595,0.456095039271,0.821152278655,0.612686207723,0.782742746835
1219,1.489126858,15.343380953,-22.166712930,15.415473975,84.456612946,-0.055152846585,-0.568273368646,0.820989367776,0.612686207723,0.782742746835
1220,-11.467043215,-10.312069718,-22.162313463,15.421798273,221.964376996,0.424705304245,0.381928508081,0.820826424563,0.612686207723,0.782742746835
1221,15.427465235,-0.142135357,-22.157913123,15.428119977,359.472141046,-0.571387601295,0.005264272476,0.820663448999,0.612686207723,0.782742746835
1222,-11.284341675,10.530220467,-22.153511909,15.434439093,136.979905096,0.417938580543,-0.390008165442,0.820500441062,0.612686207723,0.782742746835
1223,1.208154873,-15.393417294,-22.149109820,15.440755622,274.487669146,-0.044746476764,0.570126566452,0.820337400734,0.612686207723,0.782742746835
1224,9.511135825,12.171698878,-22.144706856,15.447069569,51.995433196,-0.352264289814,-0.450803662161,0.820174327996,0.612686207723,0.782742746835
1225,-15.241304762,-2.551394032,-22.140303016,15.453380936,189.503197246,0.564492768947,0.094496075274,0.820011222828,0.612686207723,0.782742746835
1226,12.967197352,-8.417469884,-22.135898301,15.459689726,327.010961296,-0.480266568597,0.311758143861,0.819848085212,0.612686207723,0.782742746835
1227,-3.877269500,14.972101112,-22.131492708,15.465995943,104.518725346,0.143602574079,-0.554522263423,0.819684915126,0.612686207723,0.782742746835
1228,-7.257487934,-13.664586472,-22.127086239,15.472299589,242.026489396,0.268795849409,0.506095795274,0.819521712553,0.612686207723,0.782742746835
1229,14.587679673,5.175585030,-22.122678892,15.478600668,19.534253446,-0.540284432336,-0.191688334461,0.819358477473,0.612686207723,0.782742746835
1230,-14.258358067,6.039977481,-22.118270666,15.484899184,157.042017497,0.528087335800,-0.223702869674,0.819195209866,0.612686207723,0.782742746835
1231,6.436339191,-14.090800709,-22.113861562,15.491195138,294.549781547,-0.238382933007,0.521881507742,0.819031909713,0.612686207723,0.782742746835
1232,4.774181663,14.743789890,-22.109451579,15.497488535,72.057545597,-0.176821543076,-0.546066292235,0.818868576994,0.612686207723,0.782742746835
1233,-13.485091684,-7.649802432,-22.105040716,15.503779377,209.565309647,0.499447840138,0.283326015982,0.818705211690,0.612686207723,0.782742746835
1234,15.116983142,-3.469729055,-22.100628972,15.510067667,347.073073697,-0.559888264525,0.128508483525,0.818541813782,0.612686207723,0.782742746835
1235,-8.806592188,12.775020828,-22.096216348,15.516353409,124.580837747,0.326170081023,-0.473148919554,0.818378383250,0.612686207723,0.782742746835
1236,-2.136560406,-15.374893717,-22.091802842,15.522636606,262.088601797,0.079131866903,0.569440508051,0.818214920073,0.612686207723,0.782742746835
1237,11.965864212,9.897745446,-22.087388454,15.528917260,39.596365847,-0.443180156017,-0.366583164672,0.818051424234,0.612686207723,0.782742746835
1238,-15.515356952,0.784852859,-22.082973184,15.535195375,177.104129897,0.574642850058,-0.029068624415,0.817887895712,0.612686207723,0.782742746835
1239,10.914788204,-11.063666566,-22.078557031,15.541470954,314.611893947,-0.404251414965,0.409765428369,0.817724334487,0.612686207723,0.782742746835
1240,-0.575057767,15.537105653,-22.074139995,15.547744000,92.119657997,0.021298435804,-0.575448357509,0.817560740540,0.612686207723,0.782742746835
1241,-10.075196129,-11.849801287,-22.069722074,15.554014516,229.627422047,0.373155412201,0.438881529130,0.817397113852,0.612686207723,0.782742746835
1242,15.439781273,1.932756034,-22.065303269,15.560282506,7.135186097,-0.571843750861,-0.071583556822,0.817233454402,0.612686207723,0.782742746835
1243,-12.695482012,9.007893884,-22.060883579,15.566547971,144.642950147,0.470203037471,-0.333625699397,0.817069762171,0.612686207723,0.782742746835
1244,3.277826687,-15.223938125,-22.056463003,15.572810915,282.150714197,-0.121400988398,0.563849560167,0.816906037140,0.612686207723,0.782742746835
1245,7.869817532,13.445201222,-22.052041541,15.579071342,59.658478247,-0.291474723390,-0.497970415636,0.816742279288,0.612686207723,0.782742746835
1246,-14.891040591,-4.599934573,-22.047619192,15.585329254,197.166242297,0.551520021892,0.170367947150,0.816578488595,0.612686207723,0.782742746835
1247,14.093055237,-6.669580655,-22.043195956,15.591584655,334.674006347,-0.521965008788,0.247021505752,0.816414665043,0.612686207723,0.782742746835
1248,-5.888904085,14.443453354,-22.038771832,15.597837546,112.181770397,0.218107558701,-0.534942716821,0.816250808611,0.612686207723,0.782742746835
1249,-5.416287511,-14.633912320,-22.034346821,15.604087932,249.689534447,0.200603241133,0.541996752600,0.816086919279,0.612686207723,0.782742746835
1250,13.884424689,7.134797498,-22.029920920,15.610335815,27.197298497,-0.514237951436,-0.264251759170,0.815922997028,0.612686207723,0.782742746835
1251,-15.063453293,4.119463949,-22.025494130,15.616581199,164.705062547,0.557905677533,-0.152572738841,0.815759041837,0.612686207723,0.782742746835
1252,8.327991609,-13.218062951,-22.021066450,15.622824086,302.212826597,-0.308444133664,0.489557887087,0.815595053688,0.612686207723,0.782742746835
1253,2.788984993,15.378205982,-22.016637879,15.629064479,79.720590647,-0.103295740475,-0.569563184501,0.815431032559,0.612686207723,0.782742746835
1254,-12.449306428,-9.459252087,-22.012208418,15.635302382,217.228354697,0.461085423255,0.350342669883,0.815266978432,0.612686207723,0.782742746835
1255,15.575573208,-1.434999618,-22.007778065,15.641537797,354.736118747,-0.576873081768,0.053148134018,0.815102891285,0.612686207723,0.782742746835
1256,-10.519804950,11.583886763,-22.003346820,15.647770727,132.243882797,0.389622405551,-0.429032843091,0.814938771100,0.612686207723,0.782742746835
1257,-0.067853311,-15.653854118,-21.998914682,15.654001176,269.751646848,0.002513085606,0.579772374728,0.814774617856,0.612686207723,0.782742746835
1258,10.628286244,11.501404628,-21.994481651,15.660229145,47.259410898,-0.393640231243,-0.425977949175,0.814610431533,0.612686207723,0.782742746835
1259,-15.612258657,-1.301991006,-21.990047727,15.666454639,184.767174948,0.578231802123,0.048221889119,0.814446212112,0.612686207723,0.782742746835
1260,12.396398074,-9.589689246,-21.985612908,15.672677660,322.274938998,-0.459125854591,0.355173675773,0.814281959572,0.612686207723,0.782742746835
1261,-2.664033076,15.450915083,-21.981177195,15.678898211,99.782703048,0.098667891694,-0.572256114169,0.814117673893,0.612686207723,0.782742746835
1262,-8.475928226,-13.197784432,-21.976740586,15.685116295,237.290467098,0.313923267621,0.488806830804,0.813953355055,0.612686207723,0.782742746835
1263,15.170870432,4.007815816,-21.972303082,15.691331915,14.798231148,-0.561884090060,-0.148437622830,0.813789003038,0.612686207723,0.782742746835
1264,-13.899269788,7.295424642,-21.967864681,15.697545074,152.305995198,0.514787769932,-0.270200912659,0.813624617822,0.612686207723,0.782742746835
1265,5.323005635,-14.774083946,-21.963425383,15.703755775,289.813759248,-0.197148356844,0.547188294289,0.813460199387,0.612686207723,0.782742746835
1266,6.057125267,14.495316589,-21.958985188,15.709964020,67.321523298,-0.224337972843,-0.536863577357,0.813295747713,0.612686207723,0.782742746835
1267,-14.263413478,-6.599471914,-21.954544095,15.716169813,204.829287348,0.528274573256,0.244424885687,0.813131262779,0.612686207723,0.782742746835
1268,14.981187323,-4.770434366,-21.950102103,15.722373156,342.337051398,-0.554858789752,0.176682754297,0.812966744565,0.612686207723,0.782742746835
1269,-7.827365067,13.642594982,-21.945659212,15.728574053,119.844815448,0.289902409901,-0.505281295621,0.812802193052,0.612686207723,0.782742746835
1270,-3.445142257,-15.352982141,-21.941215422,15.734772506,257.352579498,0.127597861387,0.568628968203,0.812637608218,0.612686207723,0.782742746835
1271,12.916215229,8.997192564,-21.936770731,15.740968518,34.860343548,-0.478378341823,-0.333229354235,0.812472990044,0.612686207723,0.782742746835
1272,-15.607670096,2.091350796,-21.932325140,15.747162092,172.368107598,0.578061855393,-0.077457436882,0.812308338509,0.612686207723,0.782742746835
1273,10.099892327,-12.089677954,-21.927878647,15.753353232,309.875871648,-0.374070086179,0.447765850143,0.812143653593,0.612686207723,0.782742746835
1274,0.719396349,15.743113765,-21.923431252,15.759541939,87.383635698,-0.026644309215,-0.583078287586,0.811978935276,0.612686207723,0.782742746835
1275,-11.169163671,-11.126902943,-21.918982956,15.765728216,224.891399748,0.413672728540,0.412107516395,0.811814183538,0.612686207723,0.782742746835
1276,15.758087059,0.660229147,-21.914533756,15.771912068,2.399163798,-0.583632854021,-0.024452931388,0.811649398357,0.612686207723,0.782742746835
1277,-12.070230144,10.161583470,-21.910083652,15.778093495,139.906927848,0.447045560884,-0.376354943345,0.811484579714,0.612686207723,0.782742746835
1278,2.036958451,-15.652286053,-21.905632645,15.784272502,277.414691898,-0.075442905588,0.579714298273,0.811319727589,0.612686207723,0.782742746835
1279,9.074527135,12.922509036,-21.901180733,15.790449091,54.922455948,-0.336093597581,-0.478611445778,0.811154841960,0.612686207723,0.782742746835
1280,-15.426332768,-3.400229979,-21.896727916,15.796623265,192.430219998,0.571345658077,0.125934443665,0.810989922808,0.612686207723,0.782742746835
1281,13.677061594,-7.916205960,-21.892274193,15.802795027,329.937984048,-0.506557836822,0.293192813346,0.810824970111,0.612686207723,0.782742746835
1282,-4.739568857,15.081771838,-21.887819564,15.808964379,107.445748098,0.175539587314,-0.558584142157,0.810659983851,0.612686207723,0.782742746835
1283,-6.695390724,-14.327948976,-21.883364028,15.815131325,244.953512149,0.247977434215,0.530664776901,0.810494964005,0.612686207723,0.782742746835
1284,14.621060104,6.044667430,-21.878907585,15.821295866,22.461276199,-0.541520744576,-0.223876571477,0.810329910554,0.612686207723,0.782742746835
1285,-14.870018244,5.421345256,-21.874450234,15.827458007,159.969040249,0.550741416457,-0.200790565019,0.810164823476,0.612686207723,0.782742746835
1286,7.305464608,-14.047549178,-21.869991974,15.833617750,297.476804299,-0.270572763271,0.520279599174,0.809999702752,0.612686207723,0.782742746835
1287,4.103756126,15.298943126,-21.865532806,15.839775097,74.984568349,-0.151990967636,-0.566627523191,0.809834548361,0.612686207723,0.782742746835
1288,-13.365461123,-8.512223455,-21.861072728,15.845930052,212.492332399,0.495017078645,0.315267535387,0.809669360282,0.612686207723,0.782742746835
1289,15.611258496,-2.752658979,-21.856611739,15.852082616,350.000096449,-0.578194759098,0.101950332569,0.809504138495,0.612686207723,0.782742746835
1290,-9.655606399,12.579857409,-21.852149840,15.858232794,127.507860499,0.357615051804,-0.465920644769,0.809338882979,0.612686207723,0.782742746835
1291,-1.378362071,-15.804388297,-21.847687030,15.864380588,265.015624549,0.051050447066,0.585347714690,0.809173593713,0.612686207723,0.782742746835
1292,11.696601373,10.726747496,-21.843223308,15.870526000,42.523388599,-0.433207458248,-0.397286944281,0.809008270676,0.612686207723,0.782742746835
1293,-15.876666686,-0.008632403,-21.838758674,15.876669033,180.031152649,0.588024692081,0.000319718638,0.808842913849,0.612686207723,0.782742746835
1294,11.717321191,-10.722314478,-21.834293127,15.882809690,317.538916699,-0.433974858922,0.397122758452,0.808677523209,0.612686207723,0.782742746835
1295,-1.397708587,15.827352225,-21.829826666,15.888947975,95.046680749,0.051766984709,-0.586198230542,0.808512098737,0.612686207723,0.782742746835
1296,-9.664326679,-12.619607033,-21.825359291,15.895083888,232.554444799,0.357938025148,0.467392853056,0.808346640412,0.612686207723,0.782742746835
1297,15.656634992,2.778218244,-21.820891002,15.901217434,10.062208849,-0.579875370083,-0.102896971996,0.808181148212,0.612686207723,0.782742746835
1298,-13.426549843,8.530621272,-21.816421797,15.907348615,147.569972899,0.497279623805,-0.315948936004,0.808015622117,0.612686207723,0.782742746835
1299,4.139562406,-15.365636568,-21.811951677,15.913477434,285.077736949,-0.153317126159,0.569097650654,0.807850062107,0.612686207723,0.782742746835
1300,7.329774651,14.131814876,-21.807480640,15.919603893,62.585500999,-0.271473135219,-0.523400550962,0.807684468160,0.612686207723,0.782742746835
1301,-14.956402857,-5.471272776,-21.803008687,15.925727996,200.093265049,0.553940846546,0.202639732431,0.807518840255,0.612686207723,0.782742746835
1302,14.729837532,-6.070891414,-21.798535816,15.931849744,337.601029099,-0.545549538219,0.224847830144,0.807353178372,0.612686207723,0.782742746835
1303,-6.763092243,14.431889816,-21.794062027,15.937969141,115.108793149,0.250484897879,-0.534514437640,0.807187482490,0.612686207723,0.782742746835
1304,-4.763535320,-15.215867234,-21.789587320,15.944086190,252.616557199,0.176427234057,0.563550638305,0.807021752587,0.612686207723,0.782742746835
1305,13.795942171,8.005053911,-21.785111693,15.950200892,30.124321249,-0.510960821152,-0.296483478187,0.806855988643,0.612686207723,0.782742746835
1306,-15.586005129,3.417656612,-21.780635147,15.956313252,167.632085299,0.577259449208,-0.126579874505,0.806690190637,0.612686207723,0.782742746835
1307,9.187558014,-13.053265277,-21.776157681,15.962423270,305.139849349,-0.340279926440,0.483454269535,0.806524358548,0.612686207723,0.782742746835
1308,2.043516267,15.837235302,-21.771679294,15.968530951,82.647613399,-0.075685787674,-0.586564270436,0.806358492354,0.612686207723,0.782742746835
1309,-12.209390338,-10.301446131,-21.767199985,15.974636297,220.155377450,0.452199642149,0.381535041888,0.806192592035,0.612686207723,0.782742746835
1310,15.967449272,-0.651607744,-21.762719754,15.980739310,357.663141500,-0.591387010059,0.024133620138,0.806026657570,0.612686207723,0.782742746835
1311,-11.338072132,11.270633226,-21.758238601,15.986839993,135.170905550,0.419928597464,-0.417430860214,0.805860688937,0.612686207723,0.782742746835
1312,0.747423177,-15.975463550,-21.753756525,15.992938349,272.678669600,-0.027682339892,0.591683835189,0.805694686115,0.612686207723,0.782742746835
1313,10.244047223,12.289369293,-21.749273525,15.999034381,50.186433650,-0.379409156396,-0.455161825671,0.805528649084,0.612686207723,0.782742746835
1314,-15.861030134,-2.142859836,-21.744789601,16.005128091,187.694197700,0.587445560531,0.079365179128,0.805362577821,0.612686207723,0.782742746835
1315,13.147913076,-9.137370027,-21.740304752,16.011219481,325.201961750,-0.486959743569,0.338421112119,0.805196472307,0.612686207723,0.782742746835
1316,-3.523996814,15.624839833,-21.735818978,16.017308555,102.709725800,0.130518400513,-0.578697771597,0.805030332519,0.612686207723,0.782742746835
1317,-7.958965428,-13.906979066,-21.731332278,16.023395315,240.217489850,0.294776497352,0.515073298738,0.804864158437,0.612686207723,0.782742746835
1318,15.268518394,4.880222080,-21.726844651,16.029479764,17.725253900,-0.565500681269,-0.180748965935,0.804697950039,0.612686207723,0.782742746835
1319,-14.560595626,6.717760087,-21.722356097,16.035561904,155.233017950,0.539281319498,-0.248805929156,0.804531707304,0.612686207723,0.782742746835
1320,6.201098560,-14.794615450,-21.717866616,16.041641738,292.740782000,-0.229670317021,0.547948720376,0.804365430211,0.612686207723,0.782742746835
1321,5.423175901,15.103590861,-21.713376206,16.047719269,70.248546050,-0.200858366688,-0.559392254105,0.804199118738,0.612686207723,0.782742746835
1322,-14.206586356,-7.476444470,-21.708884867,16.053794499,207.756310100,0.526169865046,0.276905350758,0.804032772864,0.612686207723,0.782742746835
1323,15.531633502,-4.085058465,-21.704392599,16.059867431,345.264074150,-0.575245685252,0.151298461653,0.803866392568,0.612686207723,0.782742746835
1324,-8.696411831,13.508767051,-21.699899401,16.065938067,122.771838200,0.322089327058,-0.500324705601,0.803699977828,0.612686207723,0.782742746835
1325,-2.713602177,-15.841267414,-21.695405273,16.072006410,260.279602250,0.100503784316,0.586713607919,0.803533528623,0.612686207723,0.782742746835
1326,12.706342121,9.851562517,-21.690910213,16.078072463,37.787366300,-0.470605263742,-0.364872685819,0.803367044931,0.612686207723,0.782742746835
1327,-16.029939431,1.319272547,-21.686414222,16.084136228,175.295130350,0.593701460392,-0.048861946194,0.803200526732,0.612686207723,0.782742746835
1328,10.932941297,-11.805306302,-21.681917298,16.090197708,312.802894400,-0.404923751737,0.437233566731,0.803033974003,0.612686207723,0.782742746835
1329,-0.087273683,16.096020305,-21.677419442,16.096256905,90.310658450,0.003232358647,-0.596148900187,0.802867386723,0.612686207723,0.782742746835
1330,-10.812419707,-11.932145260,-21.672920652,16.102313822,227.818422500,0.400459989160,0.441931305927,0.802700764871,0.612686207723,0.782742746835
1331,16.038818600,1.495270020,-21.668420927,16.108368462,5.326186550,-0.594030318513,-0.055380371098,0.802534108424,0.612686207723,0.782742746835
1332,-12.841389119,9.735157116,-21.663920269,16.114420827,142.833950600,0.475607004421,-0.360561374666,0.802367417363,0.612686207723,0.782742746835
1333,2.893922646,-15.858587402,-21.659418675,16.120470919,280.341714650,-0.107182320239,0.587355088956,0.802200691664,0.612686207723,0.782742746835
1334,8.581651696,13.653565868,-21.654916145,16.126518742,57.849478700,-0.317838951712,-0.505687624733,0.802033931306,0.612686207723,0.782742746835
1335,-15.556523798,-4.272493200,-21.650412679,16.132564298,195.357242750,0.576167548066,0.158240488905,0.801867136268,0.612686207723,0.782742746835
1336,14.362302321,-7.360633596,-21.645908276,16.138607589,332.865006801,-0.531937123010,0.272616059096,0.801700306528,0.612686207723,0.782742746835
1337,-5.620381238,15.134761105,-21.641402936,16.144648617,110.372770851,0.208162268091,-0.560546707595,0.801533442065,0.612686207723,0.782742746835
1338,-6.081363856,-14.962009113,-21.636896657,16.150687386,247.880534901,0.225235698386,0.554148485664,0.801366542856,0.612686207723,0.782742746835
1339,14.596353905,6.927205771,-21.632389440,16.156723898,25.388298951,-0.540605700203,-0.256563176702,0.801199608880,0.612686207723,0.782742746835
1340,-15.447924747,4.753564159,-21.627881283,16.162758156,162.896063001,0.572145361006,-0.176057931798,0.801032640115,0.612686207723,0.782742746835
1341,8.182885233,-13.945255987,-21.623372187,16.168790161,300.403827051,-0.303069823450,0.516490962480,0.800865636540,0.612686207723,0.782742746835
1342,3.387342922,15.816153366,-21.618862150,16.174819917,77.911591101,-0.125457145274,-0.585783457985,0.800698598132,0.612686207723,0.782742746835
1343,-13.186291352,-9.377715277,-21.614351172,16.180847426,215.419355151,0.488381161175,0.347322788049,0.800531524870,0.612686207723,0.782742746835
1344,16.063695926,-1.993118334,-21.609839252,16.186872691,352.927119201,-0.594951700981,0.073819197553,0.800364416733,0.612686207723,0.782742746835
1345,-10.502443786,12.325118503,-21.605326390,16.192895714,130.434883251,0.388979399477,-0.456485870483,0.800197273697,0.612686207723,0.782742746835
1346,-0.581538878,-16.188474548,-21.600812585,16.198916497,267.942647301,0.021538476972,0.599573131417,0.800030095742,0.612686207723,0.782742746835
1347,11.368188275,11.548342526,-21.596297837,16.204935043,45.450411351,-0.421044010183,-0.427716389837,0.799862882845,0.612686207723,0.782742746835
1348,-16.189349820,-0.836598012,-21.591782145,16.210951355,182.958175401,0.599605548879,0.030985111567,0.799695634985,0.612686207723,0.782742746835
1349,12.507274888,-10.322695519,-21.587265508,16.216965434,320.465939451,-0.463232403250,0.382322056261,0.799528352139,0.612686207723,0.782742746835
1350,-2.250428573,16.066130935,-21.582747926,16.222977285,97.973703501,0.083349206425,-0.595041886469,0.799361034286,0.612686207723,0.782742746835
1351,-9.196525010,-13.371759188,-21.578229398,16.228986908,235.481467551,0.340612037413,0.495250340307,0.799193681404,0.612686207723,0.782742746835
1352,15.819578561,3.649105956,-21.573709924,16.234994306,12.989231601,-0.585910317079,-0.135152072438,0.799026293470,0.612686207723,0.782742746835
1353,-14.135027036,7.998191977,-21.569189502,16.240999483,150.496995651,0.523519519843,-0.296229332489,0.798858870463,0.612686207723,0.782742746835
1354,5.021883465,-15.451400414,-21.564668134,16.247002440,288.004759701,-0.185995683878,0.572274089402,0.798691412360,0.612686207723,0.782742746835
1355,6.736777709,14.791076312,-21.560145817,16.253003180,65.512523751,-0.249510285509,-0.547817641179,0.798523919140,0.612686207723,0.782742746835
1356,-14.964239552,-6.358197154,-21.555622551,16.259001705,203.020287801,0.554231094536,0.235488783492,0.798356390780,0.612686207723,0.782742746835
1357,15.334718349,-5.421860719,-21.551098336,16.264998018,340.528051851,-0.567952531459,0.200809656266,0.798188827258,0.612686207723,0.782742746835
1358,-7.647747141,14.361655485,-21.546573171,16.270992121,118.035815901,0.283249894112,-0.531913166095,0.798021228552,0.612686207723,0.782742746835
1359,-4.063443998,-15.761618938,-21.542047055,16.276984016,255.543579951,0.150497925860,0.583763664364,0.797853594640,0.612686207723,0.782742746835
1360,13.648098208,8.880577010,-21.537519989,16.282973707,33.051344001,-0.505485118830,-0.328910259645,0.797685925500,0.612686207723,0.782742746835
1361,-16.068332832,2.671878896,-21.532991970,16.288961195,170.559108051,0.595123438207,-0.098958477628,0.797518221109,0.612686207723,0.782742746835
1362,10.047150705,-12.828875384,-21.528462999,16.294946483,308.066872101,-0.372116692762,0.475143532741,0.797350481446,0.612686207723,0.782742746835
1363,1.257786223,16.252331488,-21.523933075,16.300929574,85.574636152,-0.046584674923,-0.601938203256,0.797182706488,0.612686207723,0.782742746835
1364,-11.910112874,-11.138426297,-21.519402198,16.306910469,223.082400202,0.441115291648,0.412534307290,0.797014896212,0.612686207723,0.782742746835
1365,16.312023810,0.168024833,-21.514870366,16.312889172,0.590164252,-0.604149030008,-0.006223141969,0.796847050596,0.612686207723,0.782742746835
1366,-12.145926083,10.898708951,-21.510337580,16.318865684,138.097928302,0.449849114176,-0.403655887075,0.796679169619,0.612686207723,0.782742746835
1367,1.594639355,-16.246769729,-21.505803838,16.324840008,275.605692352,-0.059060716854,0.601732212167,0.796511253257,0.612686207723,0.782742746835
1368,9.802282504,13.061802444,-21.501269140,16.330812146,53.113456402,-0.363047500131,-0.483770460883,0.796343301488,0.612686207723,0.782742746835
1369,-16.056886502,-3.011120276,-21.496733486,16.336782102,190.621220452,0.594699500058,0.111522973169,0.796175314291,0.612686207723,0.782742746835
1370,13.878898972,-8.629115646,-21.492196874,16.342749876,328.128984502,-0.514033295272,0.319596875775,0.796007291642,0.612686207723,0.782742746835
1371,-4.406592249,15.743647682,-21.487659305,16.348715472,105.636748552,0.163207120344,-0.583098062303,0.795839233518,0.612686207723,0.782742746835
1372,-7.388091148,-14.590806381,-21.483120777,16.354678892,243.144512602,0.273633005494,0.540400236340,0.795671139899,0.612686207723,0.782742746835
1373,15.309274743,5.770325173,-21.478581291,16.360640139,20.652276652,-0.567010175653,-0.213715747143,0.795503010760,0.612686207723,0.782742746835
1374,-15.191912762,6.088625169,-21.474040844,16.366599214,158.160040702,0.562663435637,-0.225504635890,0.795334846080,0.612686207723,0.782742746835
1375,7.091816712,-14.756921414,-21.469499438,16.372556120,295.667804752,-0.262659878229,0.546552644966,0.795166645836,0.612686207723,0.782742746835
1376,4.740595795,15.677447799,-21.464957070,16.378510860,73.175568802,-0.175577622055,-0.580646214767,0.794998410005,0.612686207723,0.782742746835
1377,-14.090650849,-8.360873202,-21.460413741,16.384463435,210.683332852,0.521875957383,0.309661970438,0.794830138565,0.612686207723,0.782742746835
1378,16.043520584,-3.354267937,-21.455869450,16.390413849,348.191096902,-0.594204466084,0.124232145820,0.794661831493,0.612686207723,0.782742746835
1379,-9.567688293,13.315405774,-21.451324197,16.396362103,125.698860952,0.354358825673,-0.493163176825,0.794493488766,0.612686207723,0.782742746835
1380,-1.940215141,-16.287150748,-21.446777980,16.402308200,263.206625002,0.071859820034,0.603227805487,0.794325110362,0.612686207723,0.782742746835
1381,12.436971846,10.702918745,-21.442230799,16.408252142,40.714389052,-0.460628586904,-0.396404397949,0.794156696259,0.612686207723,0.782742746835
1382,-16.406292639,0.509238925,-21.437682654,16.414193932,178.222153102,0.607640468111,-0.018860700936,0.793988246433,0.612686207723,0.782742746835
1383,11.757756768,-11.461934492,-21.433133543,16.420133572,315.729917152,-0.435472472877,0.424516092313,0.793819760861,0.612686207723,0.782742746835
1384,-0.927713752,16.399852371,-21.428583467,16.426071064,93.237681202,0.034359768586,-0.607401939664,0.793651239522,0.612686207723,0.782742746835
1385,-10.397629546,-12.723998369,-21.424032425,16.432006410,230.745445252,0.385097390603,0.471259198844,0.793482682392,0.612686207723,0.782742746835
1386,16.267697591,2.359634260,-21.419480415,16.437939614,8.253209302,-0.602507318180,-0.087393861475,0.793314089447,0.612686207723,0.782742746835
1387,-13.594107157,9.252088058,-21.414927438,16.443870676,145.760973352,0.503485450253,-0.342669928076,0.793145460667,0.612686207723,0.782742746835
1388,3.775536657,-16.010659882,-21.410373493,16.449799601,283.268737402,-0.139834690994,0.592987403035,0.792976796027,0.612686207723,0.782742746835
1389,8.033975689,14.361273120,-21.405818579,16.455726389,60.776501453,-0.297554655132,-0.531899004428,0.792808095505,0.612686207723,0.782742746835
1390,-15.630529774,-5.164541998,-21.401262695,16.461651043,198.284265503,0.578908510139,0.191279333255,0.792639359077,0.612686207723,0.782742746835
1391,15.019465911,-6.752527147,-21.396705841,16.467573565,335.792029553,-0.556276515228,0.250093598054,0.792470586721,0.612686207723,0.782742746835
1392,-6.515961944,15.130044387,-21.392148017,16.473493959,113.299793603,0.241331923843,-0.560372014339,0.792301778415,0.612686207723,0.782742746835
1393,-5.417476170,-15.563482233,-21.387589222,16.479412225,250.807557653,0.200647265569,0.576425267905,0.792132934134,0.612686207723,0.782742746835
1394,14.512867798,7.819381027,-21.383029454,16.485328367,28.315321703,-0.537513622146,-0.289606704700,0.791964053856,0.612686207723,0.782742746835
1395,-15.988986939,4.038981567,-21.378468714,16.491242386,165.823085753,0.592184701455,-0.149591909880,0.791795137558,0.612686207723,0.782742746835
1396,9.064736942,-13.783564260,-21.373907001,16.497154285,303.330849803,-0.335730997836,0.510502379985,0.791626185217,0.612686207723,0.782742746835
1397,2.627549900,16.292547533,-21.369344314,16.503064067,80.838613853,-0.097316662965,-0.603427686411,0.791457196810,0.612686207723,0.782742746835
1398,-12.947564481,-10.242398239,-21.364780652,16.508971733,218.346377903,0.479539425208,0.379348082938,0.791288172313,0.612686207723,0.782742746835
1399,16.471661795,-1.193955389,-21.360216016,16.514877285,355.854141953,-0.610061547952,0.044220569954,0.791119111704,0.612686207723,0.782742746835
1400,-11.343238829,12.011125205,-21.355650404,16.520780727,133.361906003,0.420119956631,-0.444856489080,0.790950014959,0.612686207723,0.782742746835
1401,0.250842360,-16.524778305,-21.351083815,16.526682060,270.869670053,-0.009290457795,0.612028826094,0.790780882055,0.612686207723,0.782742746835
1402,10.981282398,12.358708706,-21.346516250,16.532581286,48.377434103,-0.406714162880,-0.457729952077,0.790611712970,0.612686207723,0.782742746835
1403,-16.451309702,-1.695782160,-21.341947707,16.538478408,185.885198153,0.609307766756,0.062806746652,0.790442507679,0.612686207723,0.782742746835
1404,13.280900362,-9.865798382,-21.337378186,16.544373428,323.392962203,-0.491885198577,0.365399940086,0.790273266159,0.612686207723,0.782742746835
1405,-3.129785945,16.251638568,-21.332807686,16.550266349,100.900726253,0.115917997957,-0.601912539563,0.790103988388,0.612686207723,0.782742746835
1406,-8.673103333,-14.102610357,-21.328236207,16.556157172,238.408490303,0.321226049353,0.522318902099,0.789934674342,0.612686207723,0.782742746835
1407,15.927115868,4.541843732,-21.323663748,16.562045899,15.916254353,-0.589893180302,-0.168216434527,0.789765323997,0.612686207723,0.782742746835
1408,-14.817395582,7.412231555,-21.319090308,16.567932534,153.424018403,0.548792428949,-0.274527094618,0.789595937330,0.612686207723,0.782742746835
1409,5.921098172,-15.480051969,-21.314515887,16.573817078,290.931782453,-0.219299932280,0.573335258111,0.789426514318,0.612686207723,0.782742746835
1410,6.092753045,15.419623761,-21.309940483,16.579699533,68.439546503,-0.225657520171,-0.571097176338,0.789257054938,0.612686207723,0.782742746835
1411,-14.913700278,-7.256928049,-21.305364097,16.585579902,205.947310553,0.552359269539,0.268775112918,0.789087559166,0.612686207723,0.782742746835
1412,15.904517809,-4.724700837,-21.300786728,16.591458186,343.455074603,-0.589056215163,0.174988919899,0.788918026978,0.612686207723,0.782742746835
1413,-8.539030095,14.232233622,-21.296208375,16.597334389,120.962838653,0.316260373901,-0.527119763762,0.788748458351,0.612686207723,0.782742746835
1414,-3.318494701,-16.268193687,-21.291629038,16.603208512,258.470602703,0.122907211141,0.602525692098,0.788578853262,0.612686207723,0.782742746835
1415,13.440713542,9.757498473,-21.287048716,16.609080558,35.978366754,-0.497804205278,-0.361388832334,0.788409211687,0.612686207723,0.782742746835
1416,-16.507691456,1.884861755,-21.282467407,16.614950528,173.486130804,0.611395979870,-0.069809694639,0.788239533602,0.612686207723,0.782742746835
1417,10.902901322,-12.545052726,-21.277885113,16.620818426,310.993894854,-0.403811160085,0.464631582436,0.788069818984,0.612686207723,0.782742746835
1418,0.434754621,16.620999297,-21.273301831,16.626684252,88.501658904,-0.016102023004,-0.615592566558,0.787900067809,0.612686207723,0.782742746835
1419,-11.551970848,-11.966353781,-21.268717561,16.632548010,226.009422954,0.427850772143,0.443198288199,0.787730280054,0.612686207723,0.782742746835
1420,16.607070271,1.020732278,-21.264132304,16.638409701,3.517187004,-0.615076676702,-0.037804899180,0.787560455695,0.612686207723,0.782742746835
1421,-12.939586911,10.468944169,-21.259546057,16.644269327,141.024951054,0.479243959678,-0.387738672918,0.787390594709,0.612686207723,0.782742746835
1422,2.470447617,-16.465831716,-21.254958821,16.650126892,278.532715104,-0.091498059899,0.609845619102,0.787220697071,0.612686207723,0.782742746835
1423,9.304149249,13.815011992,-21.250370594,16.655982397,56.040479154,-0.344598120342,-0.511667110825,0.787050762757,0.612686207723,0.782742746835
1424,-16.198187172,-3.903268631,-21.245781377,16.661835844,193.548243204,0.599932858233,0.144565504858,0.786880791745,0.612686207723,0.782742746835
1425,14.585779691,-8.066401215,-21.241191168,16.667687235,331.056007254,-0.540214062629,0.298755600550,0.786710784010,0.612686207723,0.782742746835
1426,-5.308186471,15.806010825,-21.236599967,16.673536572,108.563771304,0.196599498937,-0.585407808352,0.786540739529,0.612686207723,0.782742746835
1427,-6.765087035,-15.245833638,-21.232007773,16.679383859,246.071535354,0.250558779077,0.564660505108,0.786370658277,0.612686207723,0.782742746835
1428,15.292134490,6.674390813,-21.227414586,16.685229096,23.579299404,-0.566375351487,-0.247199659726,0.786200540231,0.612686207723,0.782742746835
1429,-15.789957996,5.410094320,-21.222820405,16.691072286,161.087063454,0.584813259098,-0.200373863722,0.786030385367,0.612686207723,0.782742746835
1430,7.991353053,-14.660327231,-21.218225229,16.696913431,298.594827504,-0.295976039013,0.542975082623,0.785860193661,0.612686207723,0.782742746835
1431,4.011736180,16.213818645,-21.213629057,16.702752534,76.102591554,-0.148582821469,-0.600511801652,0.785689965089,0.612686207723,0.782742746835
1432,-13.915267762,-9.248907470,-21.209031890,16.708589596,213.610355604,0.515380287494,0.342552128530,0.785519699627,0.612686207723,0.782742746835
1433,16.513997661,-2.580672706,-21.204433726,16.714424620,351.118119654,-0.611629543005,0.095580470603,0.785349397251,0.612686207723,0.782742746835
1434,-10.437329703,13.062509832,-21.199834564,16.720257607,128.625883704,0.386567766777,-0.483796660453,0.785179057937,0.612686207723,0.782742746835
1435,-1.127829695,-16.688020814,-21.195234405,16.726088560,266.133647754,0.041771470173,0.618074844979,0.785008681661,0.612686207723,0.782742746835
1436,12.108440841,11.547411961,-21.190633247,16.731917481,43.641411804,-0.448460771903,-0.427681924472,0.784838268399,0.612686207723,0.782742746835
1437,-16.734377861,-0.335684797,-21.186031089,16.737744372,181.149175854,0.619791772629,0.012432770250,0.784667818127,0.612686207723,0.782742746835
1438,12.570534371,-11.060234011,-21.181427932,16.743569236,318.656939904,-0.465575347085,0.409638296698,0.784497330821,0.612686207723,0.782742746835
1439,-1.798665396,16.652535471,-21.176823774,16.749392073,96.164703954,0.066617236894,-0.616760573013,0.784326806456,0.612686207723,0.782742746835
1440,-9.925794453,-13.498731918,-21.172218615,16.755212888,233.672468004,0.367622016778,0.499953033988,0.784156245009,0.612686207723,0.782742746835
1441,16.442942679,3.249895234,-21.167612454,16.761031680,11.180232054,-0.608997877012,-0.120366490139,0.783985646455,0.612686207723,0.782742746835
1442,-14.324756444,8.713699553,-21.163005291,16.766848453,148.687996105,0.530546534948,-0.322729613063,0.783815010769,0.612686207723,0.782742746835
1443,4.678231965,-16.107028802,-21.158397124,16.772663210,286.195760155,-0.173267850541,0.596556622292,0.783644337929,0.612686207723,0.782742746835
1444,7.433134107,15.042133245,-21.153787954,16.778475950,63.703524205,-0.275301263238,-0.557116046108,0.783473627909,0.612686207723,0.782742746835
1445,-15.647193835,-6.072693338,-21.149177778,16.784286678,201.211288255,0.579525697594,0.224914568090,0.783302880685,0.612686207723,0.782742746835
1446,15.645211805,-6.093820718,-21.144566598,16.790095395,338.719052305,-0.579452289080,0.225697063627,0.783132096233,0.612686207723,0.782742746835
1447,-7.422541660,15.066791389,-21.139954412,16.795902103,116.226816355,0.274908950367,-0.558029310698,0.782961274528,0.612686207723,0.782742746835
1448,-4.705945956,-16.129210278,-21.135341220,16.801706804,253.734580405,0.174294294669,0.597378158435,0.782790415546,0.612686207723,0.782742746835
1449,14.370104283,8.717366489,-21.130727020,16.807509500,31.242344455,-0.532226084548,-0.322865425518,0.782619519263,0.612686207723,0.782742746835
1450,-16.490253365,3.280082871,-21.126111813,16.813310194,168.750108505,0.610750124624,-0.121484550786,0.782448585654,0.612686207723,0.782742746835
1451,9.947164945,-13.562312978,-21.121495597,16.819108887,306.257872555,-0.368413516470,0.502307888082,0.782277614695,0.612686207723,0.782742746835
1452,1.827110425,16.725403293,-21.116878372,16.824905582,83.765636605,-0.067670756468,-0.619459381240,0.782106606361,0.612686207723,0.782742746835
1453,-12.649457080,-11.102418993,-21.112260137,16.830700280,221.273400655,0.468498410379,0.411200703427,0.781935560627,0.612686207723,0.782742746835
1454,16.832683641,-0.358130466,-21.107640892,16.836492984,358.781164705,-0.623432727443,0.013264091333,0.781764477470,0.612686207723,0.782742746835
1455,-12.174169119,11.638390195,-21.103020635,16.842283695,136.288928755,0.450895152538,-0.431051488715,0.781593356865,0.612686207723,0.782742746835
1456,1.115617114,-16.811095818,-21.098399367,16.848072416,273.796692805,-0.041319152386,0.622633178437,0.781422198786,0.612686207723,0.782742746835
1457,10.536728482,13.154083819,-21.093777087,16.853859149,51.304456855,-0.390249203028,-0.487188289597,0.781251003210,0.612686207723,0.782742746835
1458,-16.660628071,-2.582840409,-21.089153793,16.859643896,188.812220905,0.617060298924,0.095660755881,0.781079770111,0.612686207723,0.782742746835
1459,14.034524369,-9.352793279,-21.084529486,16.865426658,326.319984955,-0.519797198835,0.346399751076,0.780908499465,0.612686207723,0.782742746835
1460,-4.032282032,16.382256928,-21.079904164,16.871207439,103.827749005,0.149343778965,-0.606750256602,0.780737191248,0.612686207723,0.782742746835
1461,-8.095548249,-14.808604360,-21.075277827,16.876986239,241.335513055,0.299835120316,0.548466828137,0.780565845434,0.612686207723,0.782742746835
1462,15.977941063,5.452805516,-21.070650474,16.882763062,18.843277105,-0.591775594923,-0.201955759844,0.780394461999,0.612686207723,0.782742746835
1463,-15.470243555,6.774531500,-21.066022105,16.888537908,156.351041155,0.572971983502,-0.250908574072,0.780223040918,0.612686207723,0.782742746835
1464,6.833480892,-15.450607614,-21.061392718,16.894310781,293.858805205,-0.253091884905,0.572244726455,0.780051582166,0.612686207723,0.782742746835
1465,5.399783218,16.014215623,-21.056762314,16.900081681,71.366569255,-0.199991971048,-0.593119097160,0.779880085719,0.612686207723,0.782742746835
1466,-14.804131060,-8.163668812,-21.052130892,16.905850612,208.874333305,0.548301150364,0.302358104155,0.779708551551,0.612686207723,0.782742746835
1467,16.436189398,-3.981769340,-21.047498450,16.911617575,346.382097355,-0.608747755464,0.147472938519,0.779536979637,0.612686207723,0.782742746835
1468,-9.433102545,14.043304791,-21.042864989,16.917382571,123.889861406,0.349374168325,-0.520122399657,0.779365369953,0.612686207723,0.782742746835
1469,-2.531301859,-16.732763312,-21.038230507,16.923145604,261.397625456,0.093751920686,0.619731974506,0.779193722474,0.612686207723,0.782742746835
1470,13.173805598,10.631967234,-21.033595004,16.928906675,38.905389506,-0.487918725867,-0.393776564240,0.779022037174,0.612686207723,0.782742746835
1471,-16.901492760,1.059456367,-21.028958479,16.934665786,176.413153556,0.625981213320,-0.039239124696,0.778850314030,0.612686207723,0.782742746835
1472,11.750975796,-12.202151336,-21.024320931,16.940422940,313.920917606,-0.435221325772,0.451931530952,0.778678553014,0.612686207723,0.782742746835
1473,-0.422512535,16.940910147,-21.019682361,16.946178137,91.428681656,0.015648612394,-0.627441116556,0.778506754104,0.612686207723,0.782742746835
1474,-11.135652068,-12.781440864,-21.015042766,16.951931380,228.936445706,0.412431558072,0.473386698652,0.778334917273,0.612686207723,0.782742746835
1475,16.850537475,1.903257318,-21.010402147,16.957682672,6.444209756,-0.624093980545,-0.070491011773,0.778163042496,0.612686207723,0.782742746835
1476,-13.715342239,9.982355080,-21.005760503,16.963432014,143.951973806,0.507975638492,-0.369716854812,0.777991129748,0.612686207723,0.782742746835
1477,3.371424437,-16.630891348,-21.001117833,16.969179407,281.459737856,-0.124867571746,0.615958938809,0.777819179005,0.612686207723,0.782742746835
1478,8.750984153,14.545389310,-20.996474136,16.974924855,58.967501906,-0.324110524180,-0.538718122609,0.777647190240,0.612686207723,0.782742746835
1479,-16.283480361,-4.815741402,-20.991829413,16.980668359,196.475265956,0.603091865214,0.178360792678,0.777475163429,0.612686207723,0.782742746835
1480,15.265077958,-7.450873569,-20.987183661,16.986409921,333.983030006,-0.565373257688,0.275958280330,0.777303098546,0.612686207723,0.782742746835
1481,-6.225103348,15.810794868,-20.982536880,16.992149542,111.490794056,0.230559383263,-0.585584995128,0.777130995566,0.612686207723,0.782742746835
1482,-6.091897343,-15.868741503,-20.977889071,16.997887226,248.998558106,0.225625827526,0.587731166796,0.776958854464,0.612686207723,0.782742746835
1483,15.216289212,7.588658434,-20.973240231,17.003622973,26.506322156,-0.563566267117,-0.281061423494,0.776786675214,0.612686207723,0.782742746835
1484,-16.351595307,4.684394220,-20.968590360,17.009356787,164.014086206,0.605614641010,-0.173496082211,0.776614457792,0.612686207723,0.782742746835
1485,8.895891420,-14.504356526,-20.963939459,17.015088668,301.521850256,-0.329477459995,0.537198389837,0.776442202171,0.612686207723,0.782742746835
1486,3.239089001,16.709774651,-20.959287525,17.020818619,79.029614306,-0.119966259281,-0.618880542643,0.776269908326,0.612686207723,0.782742746835
1487,-13.680296305,-10.136704767,-20.954634558,17.026546641,216.537378356,0.506677640932,0.375433509887,0.776097576232,0.612686207723,0.782742746835
1488,16.940365622,-1.767010808,-20.949980558,17.032272738,354.045142406,-0.627420948966,0.065444844756,0.775925205863,0.612686207723,0.782742746835
1489,-11.301496650,12.750274983,-20.945325524,17.037996909,131.552906456,0.418573950006,-0.472232406790,0.775752797194,0.612686207723,0.782742746835
1490,-0.279408903,-17.041428738,-20.940669455,17.043719159,269.060670506,0.010348477907,0.631164027326,0.775580350199,0.612686207723,0.782742746835
1491,11.721279798,12.381235267,-20.936012351,17.049439487,46.568434556,-0.434121474002,-0.458564269143,0.775407864853,0.612686207723,0.782742746835
1492,-17.012015133,-1.212333300,-20.931354210,17.055157898,184.076198606,0.630074634554,0.044901233345,0.775235341129,0.612686207723,0.782742746835
1493,13.367528875,-10.601066304,-20.926695033,17.060874391,321.583962656,-0.495093662026,0.392632085323,0.775062779003,0.612686207723,0.782742746835
1494,-2.696785364,16.852175164,-20.922034818,17.066588970,99.091726707,0.099880939407,-0.624154635716,0.774890178449,0.612686207723,0.782742746835
1495,-9.398099917,-14.252691012,-20.917373565,17.072301636,236.599490757,0.348077774719,0.527877444895,0.774717539441,0.612686207723,0.782742746835
1496,16.562959363,4.162557429,-20.912711273,17.078012391,14.107254807,-0.613442939380,-0.154168793685,0.774544861953,0.612686207723,0.782742746835
1497,-15.029800396,8.121491941,-20.908047941,17.083721237,151.615018857,0.556659273930,-0.300795997827,0.774372145960,0.612686207723,0.782742746835
1498,5.598387631,-16.146411716,-20.903383569,17.089428176,289.122782907,-0.207347690048,0.598015248746,0.774199391436,0.612686207723,0.782742746835
1499,6.780930545,15.692755029,-20.898718156,17.095133210,66.630546957,-0.251145575741,-0.581213149220,0.774026598354,0.612686207723,0.782742746835
1500,-15.605555315,-6.993228643,-20.894051701,17.100836340,204.138311007,0.577983530174,0.259008468253,0.773853766690,0.612686207723,0.782742746835
1501,16.236320093,-5.386607230,-20.889384203,17.106537569,341.646075057,-0.601345188628,0.199503971471,0.773680896417,0.612686207723,0.782742746835
1502,-8.336332692,14.944370476,-20.884715663,17.112236899,119.153839107,0.308753062678,-0.553495202821,0.773507987510,0.612686207723,0.782742746835
1503,-3.949139334,-16.656169256,-20.880046078,17.117934331,256.661603157,0.146264419781,0.616895157627,0.773335039942,0.612686207723,0.782742746835
1504,14.167765491,9.617334394,-20.875375450,17.123629868,34.169367207,-0.524732055207,-0.356197570143,0.773162053688,0.612686207723,0.782742746835
1505,-16.948919062,2.479489169,-20.870703775,17.129323510,171.677131257,0.627737743042,-0.091832932202,0.772989028721,0.612686207723,0.782742746835
1506,10.826330755,-13.281540211,-20.866031055,17.135015261,309.184895307,-0.400975213154,0.491908896700,0.772815965016,0.612686207723,0.782742746835
1507,0.988880402,17.112156136,-20.861357289,17.140705122,86.692659357,-0.036625200064,-0.633783560591,0.772642862547,0.612686207723,0.782742746835
1508,-12.292342755,-11.953957744,-20.856682475,17.146393094,224.200423407,0.455271953879,0.442739175707,0.772469721287,0.612686207723,0.782742746835
1509,17.144456980,0.511287683,-20.852006613,17.152079181,1.708187457,-0.634979888138,-0.018936580844,0.772296541210,0.612686207723,0.782742746835
1510,-12.991462822,11.207619642,-20.847329702,17.157763383,139.215951507,0.481165289720,-0.415097023770,0.772123322291,0.612686207723,0.782742746835
1511,2.009527372,-17.045400204,-20.842651742,17.163445702,276.723715557,-0.074426939721,0.631311118671,0.771950064503,0.612686207723,0.782742746835
1512,10.035559740,13.930772884,-20.837972731,17.169126141,54.231479607,-0.371687397782,-0.515954551276,0.771776767820,0.612686207723,0.782742746835
1513,-16.815571087,-3.494350519,-20.833292670,17.174804701,191.739243657,0.622798929151,0.129420389587,0.771603432216,0.612686207723,0.782742746835
1514,14.764557073,-8.785032444,-20.828611557,17.180481385,329.247007707,-0.546835447161,0.325371571991,0.771430057665,0.612686207723,0.782742746835
1515,-4.954356645,16.456558417,-20.823929392,17.186156193,106.754771757,0.183494690558,-0.609502163580,0.771256644139,0.612686207723,0.782742746835
1516,-7.465520548,-15.486283986,-20.819246174,17.191829128,244.262535807,0.276500761043,0.573566073572,0.771083191614,0.612686207723,0.782742746835
1517,15.970943631,6.378320498,-20.814561902,17.197500192,21.770299857,-0.591516430783,-0.236234092508,0.770909700062,0.612686207723,0.782742746835
1518,-16.090272823,6.087048331,-20.809876575,17.203169386,159.278063907,0.595936030494,-0.225446234495,0.770736169458,0.612686207723,0.782742746835
1519,7.755278370,-15.362282330,-20.805190194,17.208836712,296.785827957,-0.287232532227,0.568973419642,0.770562599774,0.612686207723,0.782742746835
1520,4.660105387,16.571738076,-20.800502757,17.214502173,74.293592007,-0.172596495817,-0.613768076882,0.770388990986,0.612686207723,0.782742746835
1521,-14.635078289,-9.074612533,-20.795814263,17.220165770,211.801356058,0.542039936637,0.336096760470,0.770215343065,0.612686207723,0.782742746835
1522,16.926827409,-3.195566787,-20.791124712,17.225827505,349.309120108,-0.626919533666,0.118354325461,0.770041655986,0.612686207723,0.782742746835
1523,-10.326133120,13.794750164,-20.786434102,17.231487379,126.816884158,0.382449374820,-0.510916672743,0.769867929721,0.612686207723,0.782742746835
1524,-1.704610185,-17.152652433,-20.781742435,17.237145395,264.324648208,0.063133710540,0.635283423457,0.769694164246,0.612686207723,0.782742746835
1525,12.847591137,11.500156844,-20.777049707,17.242801555,41.832412258,-0.475836708765,-0.425931734973,0.769520359532,0.612686207723,0.782742746835
1526,-17.247312123,0.198630482,-20.772355920,17.248455859,179.340176308,0.638789337887,-0.007356684502,0.769346515554,0.612686207723,0.782742746835
1527,12.587581924,-11.800721797,-20.767661072,17.254108311,316.847940358,-0.466206737911,0.437063770256,0.769172632285,0.612686207723,0.782742746835
1528,-1.310847274,17.209908690,-20.762965162,17.259758912,94.355704408,0.048549899054,-0.637404025549,0.768998709697,0.612686207723,0.782742746835
1529,-10.662036617,-13.579958651,-20.758268190,17.265407663,231.863468458,0.394890245062,0.502961431501,0.768824747766,0.612686207723,0.782742746835
1530,17.040555783,2.812256112,-20.753570154,17.271054567,9.371232508,-0.631131695680,-0.104157633762,0.768650746463,0.612686207723,0.782742746835
1531,-14.469555049,9.440144417,-20.748871056,17.276699625,146.878996558,0.535909446241,-0.349634978416,0.768476705761,0.612686207723,0.782742746835
1532,4.294075789,-16.740378942,-20.744170892,17.282342839,284.386760608,-0.159039844051,0.620014034878,0.768302625636,0.612686207723,0.782742746835
1533,8.144303279,15.249417109,-20.739469664,17.287984211,61.894524658,-0.301640862185,-0.564793226271,0.768128506058,0.612686207723,0.782742746835
1534,-16.311508281,-5.744921212,-20.734767369,17.293623743,199.402288708,0.604129936347,0.212774859722,0.767954347002,0.612686207723,0.782742746835
1535,15.913423141,-6.784350386,-20.730064008,17.299261436,336.910052758,-0.589386042260,0.251272236525,0.767780148441,0.612686207723,0.782742746835
1536,-7.153629922,15.757063471,-20.725359579,17.304897293,114.417816808,0.264949256385,-0.583594943381,0.767605910348,0.612686207723,0.782742746835
1537,-5.370627338,-16.456331802,-20.720654083,17.310531314,251.925580858,0.198912123611,0.609493770451,0.767431632695,0.612686207723,0.782742746835
1538,15.081131097,8.509347995,-20.715947517,17.316163503,29.433344908,-0.558560410984,-0.315161036868,0.767257315457,0.612686207723,0.782742746835
1539,-16.873823445,3.913901491,-20.711239882,17.321793860,166.941108958,0.624956423894,-0.144959314466,0.767082958605,0.612686207723,0.782742746835
1540,9.801613686,-14.288734575,-20.706531177,17.327422388,304.448873008,-0.363022729105,0.529212391682,0.766908562114,0.612686207723,0.782742746835
1541,2.425283938,17.162534443,-20.701821401,17.333049088,81.956637058,-0.089825331043,-0.635649423817,0.766734125955,0.612686207723,0.782742746835
1542,-13.385796851,-11.020438169,-20.697110553,17.338673962,219.464401108,0.495770253741,0.408164376620,0.766559650102,0.612686207723,0.782742746835
1543,17.320084228,-0.916144741,-20.692398632,17.344297012,356.972165158,-0.641484601029,0.033931286705,0.766385134528,0.612686207723,0.782742746835
1544,-12.156382760,12.379096135,-20.687685639,17.349918240,134.479929208,0.450236398528,-0.458485042019,0.766210579205,0.612686207723,0.782742746835
1545,0.601973935,-17.345094822,-20.682971571,17.355537646,271.987693258,-0.022295330927,0.642410919329,0.766035984106,0.612686207723,0.782742746835
1546,11.276215030,13.200632018,-20.678256429,17.361155234,49.495457308,-0.417637593716,-0.488912296949,0.765861349205,0.612686207723,0.782742746835
1547,-17.237202705,-2.117446115,-20.673540211,17.366771005,187.003221358,0.638414915008,0.078423930202,0.765686674474,0.612686207723,0.782742746835
1548,14.145062153,-10.085483425,-20.668822917,17.372384961,324.510985409,-0.523891190847,0.373536423158,0.765511959885,0.612686207723,0.782742746835
1549,-3.618651070,16.997062915,-20.664104546,17.377997103,102.018749459,0.134024113687,-0.629520848711,0.765337205412,0.612686207723,0.782742746835
1550,-8.815915571,-14.982304229,-20.659385098,17.383607433,239.526513509,0.326515391533,0.554900156644,0.765162411027,0.612686207723,0.782742746835
1551,16.626345339,5.094062438,-20.654664571,17.389215953,17.034277559,-0.615790568117,-0.188668979190,0.764987576703,0.612686207723,0.782742746835
1552,-15.705801650,7.477141838,-20.649942965,17.394822665,154.542041609,0.581696357402,-0.276931179204,0.764812702411,0.612686207723,0.782742746835
1553,6.532336752,-16.127723217,-20.645220279,17.400427570,292.049805659,-0.241938398230,0.597323082119,0.764637788126,0.612686207723,0.782742746835
1554,6.079335652,16.309861487,-20.640496513,17.406030670,69.557569709,-0.225160579715,-0.604068943956,0.764462833819,0.612686207723,0.782742746835
1555,-15.504853934,-7.922400662,-20.635771666,17.411631967,207.065333759,0.574253849404,0.293422246758,0.764287839463,0.612686207723,0.782742746835
1556,16.789699254,-4.633136173,-20.631045736,17.417231463,344.573097809,-0.621840713120,0.171597636041,0.764112805031,0.612686207723,0.782742746835
1557,-9.253536209,14.762352236,-20.626318723,17.422829160,122.080861859,0.342723563304,-0.546753786529,0.763937730494,0.612686207723,0.782742746835
1558,-3.149567303,-17.141476769,-20.621590627,17.428425058,259.588625909,0.116650640838,0.634869509946,0.763762615826,0.612686207723,0.782742746835
1559,13.905756073,10.515463475,-20.616861447,17.434019160,37.096389959,-0.515028002721,-0.389461610200,0.763587460998,0.612686207723,0.782742746835
1560,-17.362332799,1.639953636,-20.612131182,17.439611468,174.604154009,0.643049362930,-0.060739023544,0.763412265984,0.612686207723,0.782742746835
1561,11.698419986,-12.941485311,-20.607399830,17.445201983,312.111918059,-0.433274814291,0.479314270793,0.763237030755,0.612686207723,0.782742746835
1562,0.115833997,17.450406264,-20.602667393,17.450790707,89.619682109,-0.004290148055,-0.646311343127,0.763061755283,0.612686207723,0.782742746835
1563,-11.876793630,-12.793236239,-20.597933868,17.456377642,227.127446159,0.439881245539,0.473823564407,0.762886439541,0.612686207723,0.782742746835
1564,17.404851786,1.411126773,-20.593199255,17.461962790,4.635210209,-0.644624140223,-0.052263954546,0.762711083502,0.612686207723,0.782742746835
1565,-13.791406787,10.719713960,-20.588463553,17.467546151,142.142974259,0.510792843945,-0.397026442970,0.762535687137,0.612686207723,0.782742746835
1566,2.929227118,-17.225847471,-20.583726761,17.473127728,279.650738309,-0.108489893252,0.637994350793,0.762360250418,0.612686207723,0.782742746835
1567,9.478997881,14.685156311,-20.578988880,17.478707524,57.158502359,-0.351073995587,-0.543894678172,0.762184773318,0.612686207723,0.782742746835
1568,-16.914594856,-4.426818454,-20.574249907,17.484285538,194.666266409,0.626466476152,0.163956239035,0.762009255809,0.612686207723,0.782742746835
1569,15.467500185,-8.164049417,-20.569509842,17.489861773,332.174030459,-0.572870377212,0.302372200629,0.761833697863,0.612686207723,0.782742746835
1570,-5.892394571,16.473310995,-20.564768685,17.495436231,109.681794509,0.218236835946,-0.610122629457,0.761658099452,0.612686207723,0.782742746835
1571,-6.784853756,-16.132299046,-20.560026435,17.501008914,247.189558559,0.251290879834,0.597492557269,0.761482460547,0.612686207723,0.782742746835
1572,15.905212756,7.314680051,-20.555283090,17.506579822,24.697322609,-0.589081953937,-0.270914075981,0.761306781121,0.612686207723,0.782742746835
1573,-16.674306956,5.351901410,-20.550538651,17.512148959,162.205086659,0.617566924285,-0.198218570743,0.761131061146,0.612686207723,0.782742746835
1574,8.682717039,-15.214493421,-20.545793116,17.517716325,299.712850710,-0.321582112540,0.563499756337,0.760955300594,0.612686207723,0.782742746835
1575,3.876108414,17.089212764,-20.541046485,17.523281922,77.220614760,-0.143559570871,-0.632933806056,0.760779499437,0.612686207723,0.782742746835
1576,-14.406291771,-9.985949670,-20.536298756,17.528845752,214.728378810,0.533566361880,0.369849987761,0.760603657645,0.612686207723,0.782742746835
1577,17.373674359,-2.368733146,-20.531549930,17.534407816,352.236142860,-0.643469420721,0.087730857242,0.760427775192,0.612686207723,0.782742746835
1578,-11.214305540,13.486653877,-20.526800005,17.539968117,129.743906910,0.415344649613,-0.499505699160,0.760251852049,0.612686207723,0.782742746835
1579,-0.841290428,-17.525345532,-20.522048981,17.545526655,267.251670960,0.031158904757,0.649086871574,0.760075888188,0.612686207723,0.782742746835
1580,12.462487888,12.358273558,-20.517296857,17.551083434,44.759435010,-0.461573625499,-0.457713835467,0.759899883581,0.612686207723,0.782742746835
1581,-17.542895225,-0.694536452,-20.512543631,17.556638453,182.267199060,0.649736860199,0.025723572311,0.759723838198,0.612686207723,0.782742746835
1582,13.408977596,-11.341512142,-20.507789304,17.562191715,319.774963110,-0.496628799860,0.420056005270,0.759547752012,0.612686207723,0.782742746835
1583,-2.226985132,17.426019028,-20.503033875,17.567743222,97.282727160,0.082480930812,-0.645408112131,0.759371624995,0.612686207723,0.782742746835
1584,-10.132197002,-14.358245363,-20.498277342,17.573292976,234.790491210,0.375266555635,0.531786865307,0.759195457118,0.612686207723,0.782742746835
1585,17.175442807,3.744304268,-20.493519706,17.578840977,12.298255260,-0.636127511384,-0.138677935850,0.759019248352,0.612686207723,0.782742746835
1586,-15.198671963,8.843700850,-20.488760964,17.584387227,149.806019310,0.562913776403,-0.327544475921,0.758842998669,0.612686207723,0.782742746835
1587,5.234843673,-16.792918447,-20.484001117,17.589931729,287.313783360,-0.193883099003,0.621959942465,0.758666708041,0.612686207723,0.782742746835
1588,7.485800721,15.923677649,-20.479240164,17.595474484,64.821547410,-0.277251878547,-0.589765838865,0.758490376439,0.612686207723,0.782742746835
1589,-16.281211699,-6.687143784,-20.474478104,17.601015493,202.329311460,0.603007840718,0.247671992001,0.758314003834,0.612686207723,0.782742746835
1590,16.527559326,-6.068818106,-20.469714935,17.606554759,339.837075510,-0.612131826872,0.224771040971,0.758137590198,0.612686207723,0.782742746835
1591,-8.090023782,15.644082260,-20.464950659,17.612092282,117.344839560,0.299630510430,-0.579410454072,0.757961135502,0.612686207723,0.782742746835
1592,-4.603540487,-17.005535381,-20.460185272,17.617628065,254.852603610,0.170501499512,0.629834643753,0.757784639718,0.612686207723,0.782742746835
1593,14.886256181,9.432667683,-20.455418776,17.623162108,32.360367660,-0.551342821501,-0.349358062346,0.757608102816,0.612686207723,0.782742746835
1594,-17.353783521,3.101139193,-20.450651169,17.628694415,169.868131710,0.642732722987,-0.114857007135,0.757431524769,0.612686207723,0.782742746835
1595,10.704707746,-14.013390843,-20.445882450,17.634224986,307.375895760,-0.396470657250,0.519014475680,0.757254905547,0.612686207723,0.782742746835
1596,1.573084216,17.569471278,-20.441112618,17.639753823,84.883659810,-0.058262378382,-0.650721158431,0.757078245121,0.612686207723,0.782742746835
1597,-13.032032745,-11.896304533,-20.436341673,17.645280927,222.391423860,0.482667879436,0.440603871596,0.756901543462,0.612686207723,0.782742746835
1598,17.650778979,-0.031056629,-20.431569615,17.650806301,359.899187910,-0.653732554780,0.001150245506,0.756724800542,0.612686207723,0.782742746835
1599,-12.998223034,11.949568407,-20.426796441,17.656329946,137.406951960,0.481415667933,-0.442576607665,0.756548016332,0.612686207723,0.782742746835
1600,1.513140734,-17.596914967,-20.422022152,17.661851863,274.914716011,-0.056042249425,0.651737591368,0.756371190803,0.612686207723,0.782742746835
1601,10.774168785,14.001904238,-20.417246746,17.667372055,52.422480061,-0.399043288341,-0.518589045866,0.756194323926,0.612686207723,0.782742746835
1602,-17.408122955,-3.047673631,-20.412470223,17.672890522,189.930244111,0.644745294645,0.112876801135,0.756017415671,0.612686207723,0.782742746835
1603,14.899531616,-9.514727589,-20.407692582,17.678407266,327.438008161,-0.551834504295,0.352397318110,0.755840466010,0.612686207723,0.782742746835
1604,-4.560767123,17.085681455,-20.402913823,17.683922290,104.945772211,0.168917300862,-0.632803016862,0.755663474914,0.612686207723,0.782742746835
1605,-8.180793982,-15.684091986,-20.398133944,17.689435594,242.453536261,0.302992369722,0.580892295792,0.755486442354,0.612686207723,0.782742746835
1606,16.631895261,6.040795952,-20.393352944,17.694947180,19.961300311,-0.615996120768,-0.223733183408,0.755309368299,0.612686207723,0.782742746835
1607,-16.349430301,6.782500174,-20.388570823,17.700457050,157.469064361,0.605534455588,-0.251203710153,0.755132252722,0.612686207723,0.782742746835
1608,7.476373868,-16.050079054,-20.383787581,17.705965205,294.976828411,-0.276902735841,0.594447372374,0.754955095593,0.612686207723,0.782742746835
1609,5.330484444,16.890297911,-20.379003216,17.711471648,72.484592461,-0.197425349762,-0.625566589301,0.754777896882,0.612686207723,0.782742746835
1610,-15.344533244,-8.856441245,-20.374217727,17.716976379,209.992356511,0.568316046072,0.328016342419,0.754600656561,0.612686207723,0.782742746835
1611,17.302393946,-3.835810192,-20.369431114,17.722479400,347.500120561,-0.640829405399,0.142067044146,0.754423374600,0.612686207723,0.782742746835
1612,-10.170350300,14.520512213,-20.364643376,17.727980713,125.007884611,0.376679640748,-0.537796748635,0.754246050970,0.612686207723,0.782742746835
1613,-2.309881631,-17.582399469,-20.359854512,17.733480319,262.515648661,0.085551171504,0.651199980336,0.754068685641,0.612686207723,0.782742746835
1614,13.584185210,11.407947252,-20.355064522,17.738978221,40.023412711,-0.503117970739,-0.422516564875,0.753891278584,0.612686207723,0.782742746835
1615,-17.728004150,0.764356752,-20.350273404,17.744474419,177.531176761,0.656592746302,-0.028309509318,0.753713829769,0.612686207723,0.782742746835
1616,12.559650799,-12.542590174,-20.345481158,17.749968915,315.038940811,-0.465172251806,0.464540376828,0.753536339168,0.612686207723,0.782742746835
1617,-0.788941756,17.737925230,-20.340687782,17.755461710,92.546704861,0.029220065051,-0.656960193689,0.753358806749,0.612686207723,0.782742746835
1618,-11.403580844,-13.616526303,-20.335893277,17.760952807,230.054468911,0.422354846066,0.504315789002,0.753181232485,0.612686207723,0.782742746835
1619,17.611918628,2.338116965,-20.331097641,17.766442207,7.562232961,-0.652293282517,-0.086596924632,0.753003616345,0.612686207723,0.782742746835
1620,-14.570355102,10.175767537,-20.326300874,17.771929911,145.069997011,0.539642781572,-0.376880279145,0.752825958299,0.612686207723,0.782742746835
1621,3.871288845,-17.350782101,-20.321502975,17.777415922,282.577761061,-0.143381068339,0.642621559312,0.752648258318,0.612686207723,0.782742746835
1622,8.868452061,15.413698420,-20.316703942,17.782900240,60.085525111,-0.328461187450,-0.570877719244,0.752470516372,0.612686207723,0.782742746835
1623,-16.956350411,-5.376685387,-20.311903776,17.788382867,197.593289161,0.628012978176,0.199136495833,0.752292732432,0.612686207723,0.782742746835
1624,16.139955367,-7.491557236,-20.307102475,17.793863804,335.101053211,-0.597776124717,0.277465082825,0.752114906468,0.612686207723,0.782742746835
1625,-6.842733008,16.431482530,-20.302300038,17.799343054,112.608817261,0.253434555852,-0.608573427048,0.751937038449,0.612686207723,0.782742746835
1626,-6.055551568,-16.743414599,-20.297496465,17.804820618,250.116581311,0.224279687722,0.620126466637,0.751759128346,0.612686207723,0.782742746835
1627,15.780040986,8.258145542,-20.292691756,17.810296497,27.624345362,-0.584445962446,-0.305857242301,0.751581176130,0.612686207723,0.782742746835
1628,-17.219299200,4.571369646,-20.287885908,17.815770693,165.132109412,0.637751822235,-0.169309986895,0.751403181769,0.612686207723,0.782742746835
1629,9.612011144,-15.006863471,-20.283078921,17.821243208,302.639873462,-0.356000412736,0.555809758189,0.751225145235,0.612686207723,0.782742746835
1630,3.050328863,17.563804468,-20.278270795,17.826714042,80.147637512,-0.112975143083,-0.650511276575,0.751047066497,0.612686207723,0.782742746835
1631,-14.117726947,-10.893876421,-20.273461529,17.832183198,217.655401562,0.522878775810,0.403476904485,0.750868945526,0.612686207723,0.782742746835
1632,17.774128278,-1.504043104,-20.268651122,17.837650678,355.163165612,-0.658301047332,0.055705300166,0.750690782290,0.612686207723,0.782742746835
1633,-12.093827157,13.119304496,-20.263839573,17.843116482,132.670929662,0.447919524338,-0.485900166537,0.750512576761,0.612686207723,0.782742746835
1634,0.055665949,-17.848493806,-20.259026880,17.848580612,270.178693712,-0.002061701821,0.661055326164,0.750334328907,0.612686207723,0.782742746835
1635,12.019115252,13.202564996,-20.254213045,17.854043070,47.686457762,-0.445152416750,-0.488983888757,0.750156038699,0.612686207723,0.782742746835
1636,-17.786164406,-1.616859217,-20.249398065,17.859503857,185.194221812,0.658746829855,0.059883674721,0.749977706107,0.612686207723,0.782742746835
1637,14.211479500,-10.825467773,-20.244581940,17.864962975,322.701985862,-0.526351092600,0.400943250848,0.749799331100,0.612686207723,0.782742746835
1638,-3.167571629,17.587450530,-20.239764669,17.870420425,100.209749912,0.117317467727,-0.651387056663,0.749620913648,0.612686207723,0.782742746835
1639,-9.547397297,-15.112715014,-20.234946250,17.875876209,237.717513962,0.353607307296,0.559730185704,0.749442453721,0.612686207723,0.782742746835
1640,17.253708629,4.695903838,-20.230126685,17.881330329,15.225278012,-0.639026245526,-0.173922364373,0.749263951288,0.612686207723,0.782742746835
1641,-15.899231828,8.194597347,-20.225305971,17.886782785,152.733042062,0.588860438078,-0.303503605426,0.749085406319,0.612686207723,0.782742746835
1642,6.190113555,-16.787332029,-20.220484107,17.892233580,290.240806112,-0.229263464996,0.621753038109,0.748906818784,0.612686207723,0.782742746835
1643,6.777346198,16.564861154,-20.215661094,17.897682715,67.748570162,-0.251012822154,-0.613513376083,0.748728188652,0.612686207723,0.782742746835
1644,-16.191733839,-7.638705775,-20.210836929,17.903130191,205.256334212,0.599693845886,0.282915028699,0.748549515892,0.612686207723,0.782742746835
1645,17.104353490,-5.306428780,-20.206011613,17.908576010,342.764098262,-0.633494573695,0.196534399270,0.748370800474,0.612686207723,0.782742746835
1646,-9.030521227,15.471322023,-20.201185144,17.914020174,120.271862312,0.334463749147,-0.573011926790,0.748192042368,0.612686207723,0.782742746835
1647,-3.793054589,-17.513419990,-20.196357522,17.919462683,257.779626362,0.140483503308,0.648645184808,0.748013241543,0.612686207723,0.782742746835
1648,14.631466809,10.354822352,-20.191528745,17.924903540,35.287390412,-0.541906178124,-0.383511938963,0.747834397968,0.612686207723,0.782742746835
1649,-17.788766522,2.248772250,-20.186698814,17.930342747,172.795154462,0.658843204524,-0.083287861104,0.747655511613,0.612686207723,0.782742746835
1650,11.601376151,-13.678460677,-20.181867726,17.935780303,310.302918512,-0.429680598201,0.506609654689,0.747476582446,0.612686207723,0.782742746835
1651,0.685381370,17.928120134,-20.177035482,17.941216212,87.810682562,-0.025384495201,-0.664004449411,0.747297610438,0.612686207723,0.782742746835
1652,-12.619471225,-12.760533267,-20.172202080,17.946650474,225.318446612,0.467387823131,0.472612343219,0.747118595557,0.612686207723,0.782742746835
1653,17.930247720,0.885157632,-20.167367520,17.952083091,2.826210663,-0.664083248874,-0.032783616005,0.746939537772,0.612686207723,0.782742746835
1654,-13.823302679,11.462487271,-20.162531800,17.957514065,140.333974713,0.511974173302,-0.424536565591,0.746760437053,0.612686207723,0.782742746835
1655,2.450815051,-17.794966734,-20.157694921,17.962943397,277.841738763,-0.090770927831,0.659072841993,0.746581293369,0.612686207723,0.782742746835
1656,10.216258587,14.781421448,-20.152856881,17.968371088,55.349502813,-0.378379947681,-0.547460053633,0.746402106688,0.612686207723,0.782742746835
1657,-17.523147863,-3.999584052,-20.148017678,17.973797140,192.857266863,0.649005476420,0.148132742658,0.746222876981,0.612686207723,0.782742746835
1658,15.627418953,-8.890229725,-20.143177314,17.979221554,330.365030913,-0.578793294564,0.329267767597,0.746043604215,0.612686207723,0.782742746835
1659,-5.519572764,17.116709622,-20.138335786,17.984644333,107.872794963,0.204428620896,-0.633952208221,0.745864288360,0.612686207723,0.782742746835
1660,-7.494468433,-16.354675135,-20.133493093,17.990065477,245.380559013,0.277572904931,0.605728708695,0.745684929385,0.612686207723,0.782742746835
1661,16.578604904,6.999095612,-20.128649236,17.995484988,22.888323063,-0.614022403835,-0.259225763413,0.745505527258,0.612686207723,0.782742746835
1662,-16.957472282,6.039589210,-20.123804213,18.000902867,160.396087113,0.628054528951,-0.223688489269,0.745326081948,0.612686207723,0.782742746835
1663,8.426763165,-15.912799586,-20.118958022,18.006319116,297.903851163,-0.312102339430,0.589362947622,0.745146593425,0.612686207723,0.782742746835
1664,4.536672572,17.431039962,-20.114110665,18.011733736,75.411615213,-0.168024910066,-0.645594072652,0.744967061657,0.612686207723,0.782742746835
1665,-15.124243339,-9.791569826,-20.109262139,18.017146729,212.919379263,0.560157160708,0.362650734307,0.744787486612,0.612686207723,0.782742746835
1666,17.771592740,-2.997180645,-20.104412443,18.022558096,350.427143313,-0.658207138502,0.111006690568,0.744607868260,0.612686207723,0.782742746835
1667,-11.082978689,14.218832856,-20.099561577,18.027967839,127.934907363,0.410480692187,-0.526623439097,0.744428206569,0.612686207723,0.782742746835
1668,-1.432869739,-17.976360388,-20.094709541,18.033375959,265.442671413,0.053069249575,0.665791125469,0.744248501507,0.612686207723,0.782742746835
1669,13.203367771,12.291002891,-20.089856332,18.038782458,42.950435463,-0.489013621132,-0.455222329297,0.744068753044,0.612686207723,0.782742746835
1670,-18.043610345,-0.144299454,-20.085001951,18.044187336,180.458199513,0.668281864644,0.005344424240,0.743888961147,0.612686207723,0.782742746835
1671,13.406282854,-12.085499606,-20.080146396,18.049590597,317.965963563,-0.496528994603,0.447611096535,0.743709125786,0.612686207723,0.782742746835
1672,-1.722253321,17.972662248,-20.075289667,18.054992240,95.473727613,0.063787160039,-0.665654157334,0.743529246928,0.612686207723,0.782742746835
1673,-10.873674122,-14.420158804,-20.070431763,18.060392268,232.981491663,0.402728671194,0.534079955718,0.743349324543,0.612686207723,0.782742746835
1674,17.763894403,3.288897774,-20.065572682,18.065790681,10.489255713,-0.657922014934,-0.121811028671,0.743169358598,0.612686207723,0.782742746835
1675,-15.324738010,9.577067503,-20.060712425,18.071187482,147.997019763,0.567582889246,-0.354706203803,0.742989349062,0.612686207723,0.782742746835
1676,4.832210963,-17.418742156,-20.055850989,18.076582672,285.504783813,-0.178970776417,0.645138598371,0.742809295903,0.612686207723,0.782742746835
1677,8.205516870,16.112956218,-20.050988375,18.081976252,63.012547863,-0.303908032205,-0.596776156210,0.742629199090,0.612686207723,0.782742746835
1678,-16.939688145,-6.340335543,-20.046124582,18.087368223,200.520311913,0.627395857226,0.234827242317,0.742449058590,0.612686207723,0.782742746835
1679,16.778632812,-6.769445641,-20.041259608,18.092758588,338.028075963,-0.621430844884,0.250720208927,0.742268874372,0.612686207723,0.782742746835
1680,-7.801669787,16.330244516,-20.036393453,18.098147347,115.535840014,0.288950732842,-0.604823870947,0.742088646405,0.612686207723,0.782742746835
1681,-5.279784306,-17.316519256,-20.031526116,18.103534502,253.043604064,0.195547566889,0.641352565053,0.741908374655,0.612686207723,0.782742746835
1682,15.594927215,9.204956856,-20.026657595,18.108920055,30.551368114,-0.577589896852,-0.340924327983,0.741728059092,0.612686207723,0.782742746835
1683,-17.722340451,3.747887215,-20.021787891,18.114304006,168.059132164,0.656382979661,-0.138810637588,0.741547699682,0.612686207723,0.782742746835
1684,10.539371519,-14.739222561,-20.016917003,18.119686358,305.566896214,-0.390347093295,0.545897131877,0.741367296396,0.612686207723,0.782742746835
1685,2.185446021,17.992828668,-20.012044928,18.125067111,83.074660264,-0.080942445230,-0.666401061775,0.741186849199,0.612686207723,0.782742746835
1686,-13.769546325,-11.794603676,-20.007171668,18.130446268,220.582424314,0.509983197222,0.436837173172,0.741006358060,0.612686207723,0.782742746835
1687,18.125749807,-0.604400434,-20.002297220,18.135823829,358.090188364,-0.671324066915,0.022385201244,0.740825822948,0.612686207723,0.782742746835
1688,-12.960938020,12.693195644,-19.997421583,18.141199795,135.597952414,0.480034741466,-0.470118357202,0.740645243829,0.612686207723,0.782742746835
1689,0.983153041,-18.119921749,-19.992544758,18.146574170,273.105716464,-0.036413075576,0.671108212928,0.740464620672,0.612686207723,0.782742746835
1690,11.518294112,14.029329240,-19.987666743,18.151946953,50.613480514,-0.426603485636,-0.519604786655,0.740283953445,0.612686207723,0.782742746835
1691,-17.975224671,-2.565053662,-19.982787537,18.157318146,188.121244564,0.665749061875,0.095001987475,0.740103242115,0.612686207723,0.782742746835
1692,14.991472170,-10.253730467,-19.977907140,18.162687751,325.629008614,-0.555239710005,0.379767795086,0.739922486649,0.612686207723,0.782742746835
1693,-4.129169628,17.692603217,-19.973025549,18.168055768,103.136772664,0.152932208435,-0.655281600622,0.739741687016,0.612686207723,0.782742746835
1694,-8.909091344,-15.839866347,-19.968142766,18.173422201,240.644536714,0.329966346077,0.586661716567,0.739560843184,0.612686207723,0.782742746835
1695,17.274060518,5.663491130,-19.963258788,18.178787049,18.152300764,-0.639780019184,-0.209758930732,0.739379955118,0.612686207723,0.782742746835
1696,-16.567874472,7.494588589,-19.958373615,18.184150314,155.660064814,0.613624980436,-0.277577355153,0.739199022789,0.612686207723,0.782742746835
1697,7.156222584,-16.722644080,-19.953487246,18.189511998,293.167828864,-0.265045280906,0.619357188153,0.739018046161,0.612686207723,0.782742746835
1698,6.020981698,17.169774319,-19.948599681,18.194872101,70.675592914,-0.222999322164,-0.635917567379,0.738837025204,0.612686207723,0.782742746835
1699,-16.042423649,-8.595873331,-19.943710917,18.200230627,208.183356964,0.594163838865,0.318365678917,0.738655959885,0.612686207723,0.782742746835
1700,17.640803695,-4.499495963,-19.938820955,18.205587575,345.691121014,-0.653363099831,0.166647998625,0.738474850170,0.612686207723,0.782742746835
1701,-9.971346095,15.238461211,-19.933929793,18.210942947,123.198885064,0.369309114630,-0.564387452250,0.738293696028,0.612686207723,0.782742746835
1702,-2.941736945,-17.977198081,-19.929037430,18.216296745,260.706649114,0.108953220199,0.665822151143,0.738112497425,0.612686207723,0.782742746835
1703,14.316773343,11.272022544,-19.924143867,18.221648970,38.214413164,-0.530250864543,-0.417482316435,0.737931254329,0.612686207723,0.782742746835
1704,-18.176220669,1.359601941,-19.919249101,18.226999623,175.722177214,0.673193358113,-0.050355627455,0.737749966707,0.612686207723,0.782742746835
1705,12.487845263,-13.284286206,-19.914353132,18.232348706,313.229941264,-0.462512787535,0.492010600221,0.737568634526,0.612686207723,0.782742746835
1706,-0.234810903,18.236184558,-19.909455959,18.237696220,90.737705315,0.008696700097,-0.675414242898,0.737387257754,0.612686207723,0.782742746835
1707,-12.148783505,-13.609395535,-19.904557582,18.243042166,228.245469365,0.449954944622,0.504051686489,0.737205836356,0.612686207723,0.782742746835
1708,18.156466918,1.829295116,-19.899657998,18.248386547,5.753233415,-0.672461737696,-0.067751670953,0.737024370302,0.612686207723,0.782742746835
1709,-14.627966302,10.918847810,-19.894757208,18.253729362,143.260997465,0.541776529703,-0.404401770747,0.736842859556,0.612686207723,0.782742746835
1710,3.411629371,-17.937515010,-19.889855210,18.259070615,280.768761515,-0.126356643354,0.664352407793,0.736661304087,0.612686207723,0.782742746835
1711,9.603795688,15.535629764,-19.884952004,18.264410305,58.276525565,-0.355696136603,-0.575393694965,0.736479703862,0.612686207723,0.782742746835
1712,-17.580844016,-4.969671173,-19.880047589,18.269748435,195.784289615,0.651142370948,0.184061895283,0.736298058846,0.612686207723,0.782742746835
1713,16.325299077,-8.213607124,-19.875141963,18.275085005,333.292053665,-0.604640706555,0.304207671264,0.736116369008,0.612686207723,0.782742746835
1714,-6.491450056,17.089026660,-19.870235126,18.280420018,110.799817715,0.240424076136,-0.632926913342,0.735934634313,0.612686207723,0.782742746835
1715,-6.758849775,-16.990783673,-19.865327078,18.285753474,248.307581765,0.250327769444,0.629288284177,0.735752854729,0.612686207723,0.782742746835
1716,16.465674727,7.965259566,-19.860417816,18.291085374,25.815345815,-0.609839804712,-0.295009613547,0.735571030223,0.612686207723,0.782742746835
1717,-17.526837772,5.250598629,-19.855507341,18.296415721,163.323109865,0.649142139706,-0.194466615888,0.735389160760,0.612686207723,0.782742746835
1718,9.379747329,-15.715412574,-19.850595650,18.301744516,300.830873915,-0.347398049207,0.582052317566,0.735207246308,0.612686207723,0.782742746835
1719,3.700351679,17.929201707,-19.845682745,18.307071759,78.338637965,-0.137050062189,-0.664044507672,0.735025286833,0.612686207723,0.782742746835
1720,-14.843842856,-10.724002506,-19.840768622,18.312397453,215.846402015,0.549771957638,0.397185277987,0.734843282303,0.612686207723,0.782742746835
1721,18.194635731,-2.119942256,-19.835853282,18.317721598,353.354166065,-0.673875397452,0.078516379836,0.734661232682,0.612686207723,0.782742746835
1722,-11.987639967,13.857504706,-19.830936724,18.323044197,130.861930115,0.443986665428,-0.513240915025,0.734479137938,0.612686207723,0.782742746835
1723,-0.521448684,-18.320946045,-19.826018947,18.328365249,268.369694165,0.019312914233,0.678553557221,0.734296998038,0.612686207723,0.782742746835
1724,12.763824683,13.160880527,-19.821099950,18.333684758,45.877458215,-0.472734247514,-0.487440019531,0.734114812947,0.612686207723,0.782742746835
1725,-18.307002832,-1.082898038,-19.816179731,18.339002723,183.385222265,0.678037141941,0.040107334743,0.733932582631,0.612686207723,0.782742746835
1726,14.234626635,-11.571060864,-19.811258291,18.344319146,320.892986315,-0.527208393883,0.428557809766,0.733750307059,0.612686207723,0.782742746835
1727,-2.680807847,18.152750158,-19.806335627,18.349634030,98.400750365,0.099289179518,-0.672324079936,0.733567986194,0.612686207723,0.782742746835
1728,-10.288240486,-15.200532912,-19.801411740,18.354947374,235.908514415,0.381045943916,0.562982700441,0.733385620005,0.612686207723,0.782742746835
1729,17.859207641,4.260025774,-19.796486628,18.360259180,13.416278465,-0.661452134865,-0.157778732384,0.733203208456,0.612686207723,0.782742746835
1730,-16.051071016,8.925091624,-19.791560291,18.365569451,150.924042515,0.594484111694,-0.330558949043,0.733020751515,0.612686207723,0.782742746835
1731,5.808425953,-17.428463882,-19.786632727,18.370878186,288.431806565,-0.215126887134,0.645498662292,0.732838249146,0.612686207723,0.782742746835
1732,7.491969414,16.779588306,-19.781703936,18.376185388,65.939570615,-0.277480348657,-0.621466233545,0.732655701317,0.612686207723,0.782742746835
1733,-16.863661684,-7.314104737,-19.776773916,18.381491057,203.447334666,0.624580062354,0.270892768042,0.732473107993,0.612686207723,0.782742746835
1734,17.380359864,-5.999777377,-19.771842667,18.386795195,340.955098716,-0.643717031983,0.222213976927,0.732290469140,0.612686207723,0.782742746835
1735,-8.765472232,16.168975174,-19.766910188,18.392097804,118.462862766,0.324647119720,-0.598850932373,0.732107784724,0.612686207723,0.782742746835
1736,-4.459884457,-17.848633459,-19.761976477,18.397398884,255.970626816,0.165180905798,0.661060498476,0.731925054711,0.612686207723,0.782742746835
1737,15.349578991,10.151341517,-19.757041535,18.402698438,33.478390866,-0.568502925577,-0.375975611756,0.731742279067,0.612686207723,0.782742746835
1738,-18.180667108,2.884038382,-19.752105359,18.407996465,170.986154916,0.673358041024,-0.106816236370,0.731559457758,0.612686207723,0.782742746835
1739,11.461014883,-14.411609757,-19.747167950,18.413292969,308.493918966,-0.424482032718,0.533763324334,0.731376590749,0.612686207723,0.782742746835
1740,1.284276033,18.373758927,-19.742229306,18.418587949,86.001683016,-0.047565779012,-0.680509589874,0.731193678006,0.612686207723,0.782742746835
1741,-13.362120140,-12.684366419,-19.737289426,18.423881407,223.509447066,0.494893338520,0.469791348869,0.731010719495,0.612686207723,0.782742746835
1742,18.426269046,0.327168517,-19.732348310,18.429173345,1.017211116,-0.682454409094,-0.012117352479,0.730827715182,0.612686207723,0.782742746835
1743,-13.811920308,12.209025827,-19.727405956,18.434463764,138.524975166,0.511552604005,-0.452186141758,0.730644665031,0.612686207723,0.782742746835
1744,1.937957579,-18.337633401,-19.722462363,18.439752665,276.032739216,-0.071776206631,0.679171607448,0.730461569009,0.612686207723,0.782742746835
1745,10.961045828,14.834924225,-19.717517531,18.445040049,53.540503266,-0.405964660284,-0.549441637975,0.730278427081,0.612686207723,0.782742746835
1746,-18.108369296,-3.535744323,-19.712571459,18.450325918,191.048267316,0.670680344303,0.130953493445,0.730095239212,0.612686207723,0.782742746835
1747,15.745417276,-9.627636540,-19.707624145,18.455610273,328.556031366,-0.583163602831,0.356579131123,0.729912005368,0.612686207723,0.782742746835
1748,-5.108267434,17.740072673,-19.702675589,18.460893116,106.063795416,0.189195090165,-0.657039728644,0.729728725515,0.612686207723,0.782742746835
1749,-8.218920097,-16.536291941,-19.697725790,18.466174447,243.571559466,0.304404448031,0.612455257074,0.729545399617,0.612686207723,0.782742746835
1750,17.235407114,6.643445222,-19.692774746,18.471454268,21.079323516,-0.638348411612,-0.246053526758,0.729362027639,0.612686207723,0.782742746835
1751,-17.201349544,6.745607514,-19.687822458,18.476732581,158.587087566,0.637087020154,-0.249837315324,0.729178609548,0.612686207723,0.782742746835
1752,8.129468458,-16.598084635,-19.682868923,18.482009386,296.094851616,-0.301091424363,0.614743875359,0.728995145308,0.612686207723,0.782742746835
1753,5.218917243,17.735348822,-19.677914142,18.487284685,73.602615666,-0.193293231204,-0.656864771187,0.728811634885,0.612686207723,0.782742746835
1754,-15.832838429,-9.554891228,-19.672958113,18.492558479,211.110379716,0.586401423305,0.353884860289,0.728628078243,0.612686207723,0.782742746835
1755,18.134047201,-3.650489735,-19.668000834,18.497830770,348.618143766,-0.671631377799,0.135203323518,0.728444475348,0.612686207723,0.782742746835
1756,-10.908719109,14.945387739,-19.663042306,18.503101558,126.125907816,0.404026633652,-0.553532879217,0.728260826164,0.612686207723,0.782742746835
1757,-2.052298676,-18.394234463,-19.658082528,18.508370845,263.633671866,0.076011062056,0.681267943073,0.728077130657,0.612686207723,0.782742746835
1758,13.942395128,12.180493976,-19.653121497,18.513638632,41.141435916,-0.516385004753,-0.451129406511,0.727893388792,0.612686207723,0.782742746835
1759,-18.513758539,0.436559557,-19.648159214,18.518904921,178.649199967,0.685694760703,-0.016168872467,0.727709600533,0.612686207723,0.782742746835
1760,13.360374799,-12.831416477,-19.643195678,18.524169713,316.156964017,-0.494828696250,0.475237647288,0.727525765845,0.612686207723,0.782742746835
1761,-1.184363704,18.491543209,-19.638230887,18.529433009,93.664728067,0.043865322355,-0.684871970712,0.727341884693,0.612686207723,0.782742746835
1762,-11.620844062,-14.439213795,-19.633264840,18.534694810,231.172492117,0.430401631910,0.534785696107,0.727157957042,0.612686207723,0.782742746835
1763,18.327597579,2.798053388,-19.628297537,18.539955118,8.680256167,-0.678799910347,-0.103631606970,0.726973982856,0.612686207723,0.782742746835
1764,-15.408627354,10.319843164,-19.623328977,18.545213934,146.188020217,0.570689902004,-0.382216413490,0.726789962101,0.612686207723,0.782742746835
1765,4.392133128,-18.023017243,-19.618359158,18.550471259,283.695784267,-0.162671597348,0.667519157137,0.726605894740,0.612686207723,0.782742746835
1766,8.938282676,16.261061184,-19.613388080,18.555727095,61.203548317,-0.331047506532,-0.602261525326,0.726421780739,0.612686207723,0.782742746835
1767,-17.579977112,-5.954362841,-19.608415742,18.560981442,198.711312367,0.651110263412,0.220531957068,0.726237620061,0.612686207723,0.782742746835
1768,16.989849168,-7.486660232,-19.603442142,18.566234303,336.219076417,-0.629253672892,0.277283712286,0.726053412672,0.612686207723,0.782742746835
1769,-7.472732727,17.001715968,-19.598467280,18.571485677,113.726840467,0.276767878796,-0.629693183982,0.725869158535,0.612686207723,0.782742746835
1770,-5.976022432,-17.589265483,-19.593491156,18.576735567,251.234604517,0.221334164148,0.651454277143,0.725684857616,0.612686207723,0.782742746835
1771,16.292512828,8.935555616,-19.588513767,18.581983974,28.742368567,-0.603426401029,-0.330946504298,0.725500509879,0.612686207723,0.782742746835
1772,-18.054569559,4.417880773,-19.583535113,18.587230899,166.250132617,0.668687761448,-0.163625213812,0.725316115287,0.612686207723,0.782742746835
1773,10.331556930,-15.457655319,-19.578555193,18.592476343,303.757896667,-0.382650256680,0.572505752554,0.725131673805,0.612686207723,0.782742746835
1774,2.824123910,18.382043542,-19.573574006,18.597720308,81.265660717,-0.104597181868,-0.680816427482,0.724947185398,0.612686207723,0.782742746835
1775,-14.503400273,-11.649961599,-19.568591551,18.602962794,218.773424767,0.537162973061,0.431480059211,0.724762650029,0.612686207723,0.782742746835
1776,18.569021950,-1.206926936,-19.563607827,18.608203804,356.281188817,-0.687741553692,0.044700997623,0.724578067662,0.612686207723,0.782742746835
1777,-12.880577229,13.436926848,-19.558622833,18.613443337,133.788952867,0.477058415901,-0.497663957325,0.724393438262,0.612686207723,0.782742746835
1778,0.421341648,-18.613913295,-19.553636568,18.618681397,271.296716917,-0.015605246213,0.689404196123,0.724208761793,0.612686207723,0.782742746835
1779,12.266282527,14.013872912,-19.548649032,18.623917983,48.804480967,-0.454306760260,-0.519032330075,0.724024038219,0.612686207723,0.782742746835
1780,-18.516213498,-2.048214537,-19.543660223,18.629153097,186.312245017,0.685785685124,0.075859797655,0.723839267503,0.612686207723,0.782742746835
1781,15.041053035,-11.000322394,-19.538670139,18.634386740,323.820009067,-0.557076038344,0.407419347924,0.723654449610,0.612686207723,0.782742746835
1782,-3.661221102,18.276510972,-19.533678782,18.639618914,101.327773117,0.135600781559,-0.676907813768,0.723469584503,0.612686207723,0.782742746835
1783,-9.648642149,-15.954125548,-19.528686148,18.644849620,238.835537167,0.357357116633,0.590893538830,0.723284672146,0.612686207723,0.782742746835
1784,17.896483338,5.247982998,-19.523692238,18.650078858,16.343301217,-0.662832716223,-0.194369740656,0.723099712503,0.612686207723,0.782742746835
1785,-16.745964138,8.221505372,-19.518697050,18.655306631,153.851065268,0.620220894000,-0.304500198956,0.722914705537,0.612686207723,0.782742746835
1786,6.796309167,-17.378885789,-19.513700583,18.660532939,291.358829318,-0.251715154348,0.643662436630,0.722729651213,0.612686207723,0.782742746835
1787,6.729765579,17.410363836,-19.508702836,18.665757784,68.866593368,-0.249250577000,-0.644828290215,0.722544549494,0.612686207723,0.782742746835
1788,-16.727531170,-8.294289523,-19.503703809,18.670981167,206.374357418,0.619538191469,0.307195908253,0.722359400343,0.612686207723,0.782742746835
1789,17.942089624,-5.184783673,-19.498703501,18.676203088,343.882121468,-0.664521837911,0.192029024928,0.722174203724,0.612686207723,0.782742746835
1790,-9.730386572,15.947261929,-19.493701909,18.681423551,121.389885518,0.360384687836,-0.590639330716,0.721988959600,0.612686207723,0.782742746835
1791,-3.598341407,-18.336917655,-19.488699034,18.686642554,258.897649568,0.133271903952,0.679145098320,0.721803667936,0.612686207723,0.782742746835
1792,15.043914147,11.093524290,-19.483694875,18.691860101,36.405413618,-0.557182005432,-0.410871270006,0.721618328693,0.612686207723,0.782742746835
1793,-18.591668767,1.982551524,-19.478689430,18.697076191,173.913177668,0.688580324722,-0.073427834227,0.721432941836,0.612686207723,0.782742746835
1794,12.373173558,-14.024273895,-19.473682698,18.702290827,311.420941718,-0.458265687342,0.519417551665,0.721247507328,0.612686207723,0.782742746835
1795,0.349765264,18.704234027,-19.468674679,18.707504009,88.928705768,-0.012954269022,-0.692749408391,0.721062025132,0.612686207723,0.782742746835
1796,-12.896026274,-13.559433494,-19.463665371,18.712715739,226.436469818,0.477630602750,0.502201240508,0.720876495211,0.612686207723,0.782742746835
1797,18.673592084,1.287522072,-19.458654773,18.717926018,3.944233868,-0.691614521639,-0.047686002649,0.720690917529,0.612686207723,0.782742746835
1798,-14.643108062,11.667697493,-19.453642885,18.723134847,141.451997918,0.542337335619,-0.432136944179,0.720505292048,0.612686207723,0.782742746835
1799,2.916766752,-18.499818223,-19.448629706,18.728342227,278.959761968,-0.108028398213,0.685178452704,0.720319618732,0.612686207723,0.782742746835
1800,10.348590435,15.615777363,-19.443615234,18.733548160,56.467526018,-0.383281127210,-0.578362124568,0.720133897543,0.612686207723,0.782742746835
1801,-18.184084998,-4.525472738,-19.438599468,18.738752646,193.975290068,0.673484629561,0.167610101409,0.719948128445,0.612686207723,0.782742746835
1802,16.469863053,-8.948714200,-19.433582408,18.743955687,331.483054118,-0.609994927876,0.331433859246,0.719762311400,0.612686207723,0.782742746835
1803,-6.101287540,17.728654468,-19.428564052,18.749157284,108.990818168,0.225973612575,-0.656616832138,0.719576446371,0.612686207723,0.782742746835
1804,-7.478708150,-17.198687373,-19.423544400,18.754357439,246.498582218,0.276989190750,0.636988421225,0.719390533322,0.612686207723,0.782742746835
1805,17.136862059,7.632097077,-19.418523450,18.759556152,24.006346268,-0.634698594791,-0.282670262103,0.719204572214,0.612686207723,0.782742746835
1806,-17.796525354,5.949761041,-19.413501201,18.764753425,161.514110318,0.659130568649,-0.220361520050,0.719018563011,0.612686207723,0.782742746835
1807,9.106118822,-16.413092188,-19.408477653,18.769949259,299.021874368,-0.337263660074,0.607892303273,0.718832505675,0.612686207723,0.782742746835
1808,4.373525847,18.258649756,-19.403452805,18.775143655,76.529638418,-0.161982438792,-0.676246287271,0.718646400168,0.612686207723,0.782742746835
1809,-15.562745806,-10.511992500,-19.398426654,18.780336614,214.037402468,0.576397992807,0.389333055561,0.718460246455,0.612686207723,0.782742746835
1810,18.581368424,-2.762030936,-19.393399201,18.785528138,351.545166518,-0.688198830535,0.102297442072,0.718274044496,0.612686207723,0.782742746835
1811,-11.838867652,14.592200115,-19.388370445,18.790718227,129.052930569,0.438476579720,-0.540451856117,0.718087794254,0.612686207723,0.782742746835
1812,-1.127588265,-18.762053733,-19.383340384,18.795906883,266.560694619,0.041762528319,0.694890878995,0.717901495692,0.612686207723,0.782742746835
1813,13.508760759,13.076487387,-19.378309017,18.801094108,44.068458669,-0.500324472571,-0.484314347680,0.717715148773,0.612686207723,0.782742746835
1814,-18.799163910,-0.517300698,-19.373276343,18.806279901,181.576222719,0.696265329997,0.019159285116,0.717528753458,0.612686207723,0.782742746835
1815,14.215267673,-12.320606836,-19.368242362,18.811464265,319.083986769,-0.526491395279,0.456318771692,0.717342309709,0.612686207723,0.782742746835
1816,-2.160040609,18.692256056,-19.363207072,18.816647201,96.591750819,0.080001504034,-0.692305779835,0.717155817490,0.612686207723,0.782742746835
1817,-11.036729152,-15.246371555,-19.358170473,18.821828709,234.099514869,0.408767746362,0.564680427954,0.716969276762,0.612686207723,0.782742746835
1818,18.441990748,3.788038710,-19.353132562,18.827008791,11.607278919,-0.683036694381,-0.140297730018,0.716782687487,0.612686207723,0.782742746835
1819,-16.161777733,9.666862191,-19.348093340,18.832187449,149.115042969,0.598584360486,-0.358031932989,0.716596049627,0.612686207723,0.782742746835
1820,5.388801379,-18.050128196,-19.343052805,18.837364683,286.622807019,-0.199585236271,0.668523266507,0.716409363145,0.612686207723,0.782742746835
1821,8.221410298,16.954342953,-19.338010956,18.842540494,64.130571069,-0.304496677709,-0.627938627894,0.716222628002,0.612686207723,0.782742746835
1822,-17.519515949,-6.950030019,-19.332967792,18.847714884,201.638335119,0.648870961064,0.257408519217,0.716035844161,0.612686207723,0.782742746835
1823,17.617857737,-6.711368652,-19.327923313,18.852887854,339.146099169,-0.652513249512,0.248569209331,0.715849011582,0.612686207723,0.782742746835
1824,-8.459715563,16.854068265,-19.322877516,18.858059404,116.653863219,0.313322798626,-0.624224750564,0.715662130229,0.612686207723,0.782742746835
1825,-5.148239615,-18.147095014,-19.317830402,18.863229537,254.161627269,0.190675541297,0.672114630138,0.715475200063,0.612686207723,0.782742746835
1826,16.058737271,9.906230862,-19.312781968,18.868398253,31.669391319,-0.594768047087,-0.366897439346,0.715288221045,0.612686207723,0.782742746835
1827,-18.537851273,3.543945107,-19.307732215,18.873565554,169.177155369,0.686587084168,-0.131257226194,0.715101193137,0.612686207723,0.782742746835
1828,11.278420245,-15.139476133,-19.302681140,18.878731441,306.684919419,-0.417719268326,0.560721338263,0.714914116301,0.612686207723,0.782742746835
1829,1.910735664,18.786979909,-19.297628743,18.883895914,84.192683469,-0.070767987569,-0.695814070703,0.714726990498,0.612686207723,0.782742746835
1830,-14.103194512,-12.565685557,-19.292575024,18.889058975,221.700447519,0.522340537479,0.465395761368,0.714539815691,0.612686207723,0.782742746835
1831,18.892416506,-0.261096878,-19.287519980,18.894220625,359.208211569,-0.699719129869,0.009670254729,0.714352591840,0.612686207723,0.782742746835
1832,-13.758068026,12.957706637,-19.282463610,18.899380866,136.715975619,0.509558075036,-0.479915060648,0.714165318906,0.612686207723,0.782742746835
1833,1.392346071,-18.853195846,-19.277405915,18.904539698,274.223739669,-0.051568372985,0.698266512815,0.713977996852,0.612686207723,0.782742746835
1834,11.711672388,14.846325308,-19.272346892,18.909697123,51.731503719,-0.433765643983,-0.549863900298,0.713790625639,0.612686207723,0.782742746835
1835,-18.669460506,-3.036925047,-19.267286541,18.914853141,189.239267769,0.691461500238,0.112478705445,0.713603205227,0.612686207723,0.782742746835
1836,15.822003127,-10.374531819,-19.262224861,18.920007754,326.747031819,-0.586000115812,0.384241919235,0.713415735578,0.612686207723,0.782742746835
1837,-4.660026041,18.342460980,-19.257161850,18.925160964,104.254795869,0.172593557063,-0.679350406660,0.713228216654,0.612686207723,0.782742746835
1838,-8.956433648,-16.677500948,-19.252097507,18.930312770,241.762559920,0.331719764732,0.617685220314,0.713040648415,0.612686207723,0.782742746835
1839,17.874547292,6.249185928,-19.247031832,18.935463175,19.270323970,-0.662020270064,-0.231451330677,0.712853030822,0.612686207723,0.782742746835
1840,-17.406131180,7.468158211,-19.241964824,18.940612179,156.778088020,0.644671525186,-0.276598452276,0.712665363837,0.612686207723,0.782742746835
1841,7.792188187,-17.269152181,-19.236896480,18.945759784,294.285852070,-0.288599562477,0.639598228941,0.712477647420,0.612686207723,0.782742746835
1842,5.921035512,18.002171434,-19.231826801,18.950905991,71.793616120,-0.219297611566,-0.666747090153,0.712289881533,0.612686207723,0.782742746835
1843,-16.530765962,-9.277156820,-19.226755786,18.956050801,209.301380170,0.612250591181,0.343598400758,0.712102066136,0.612686207723,0.782742746835
1844,18.460909448,-4.326858951,-19.221683432,18.961194214,346.809144220,-0.683737386967,0.160254035234,0.711914201190,0.612686207723,0.782742746835
1845,-10.692647777,15.664903244,-19.216609740,18.966336233,124.316908270,0.396023991733,-0.580181601618,0.711726286655,0.612686207723,0.782742746835
1846,-2.697795418,-18.778680307,-19.211534707,18.971476858,261.824672320,0.099918348800,0.695506678039,0.711538322493,0.612686207723,0.782742746835
1847,14.678061768,12.027737152,-19.206458334,18.976616091,39.332436370,-0.543631917343,-0.445471746365,0.711350308665,0.612686207723,0.782742746835
1848,-18.952895676,1.046292416,-19.201380618,18.981753932,176.840200420,0.701959099129,-0.038751570973,0.711162245130,0.612686207723,0.782742746835
1849,13.272105501,-13.577673659,-19.196301560,18.986890383,314.347964470,-0.491559463005,0.502876802181,0.710974131849,0.612686207723,0.782742746835
1850,-0.615017056,18.982064812,-19.191221157,18.992025445,91.855728520,0.022778409486,-0.703039437473,0.710785968783,0.612686207723,0.782742746835
1851,-12.372049454,-14.416117608,-19.186139409,18.997159119,229.363492570,0.458224053857,0.533930281767,0.710597755893,0.612686207723,0.782742746835
1852,18.865807175,2.273411161,-19.181056315,19.002291405,6.871256620,-0.698733599056,-0.084200413364,0.710409493138,0.612686207723,0.782742746835
1853,-15.450897090,11.070315345,-19.175971873,19.007422306,144.379020670,0.572255447773,-0.410011679460,0.710221180479,0.612686207723,0.782742746835
1854,3.916176652,-18.604856550,-19.170886083,19.012551823,281.886784720,-0.145043579712,0.689068761099,0.710032817876,0.612686207723,0.782742746835
1855,9.682344093,16.368395271,-19.165798943,19.017679955,59.394548770,-0.358605336776,-0.606236861890,0.709844405290,0.612686207723,0.782742746835
1856,-18.201056623,-5.530706352,-19.160710452,19.022806706,196.902312820,0.674113208273,0.204840976001,0.709655942681,0.612686207723,0.782742746835
1857,17.161453777,-8.218680143,-19.155620610,19.027932075,334.410076870,-0.635609399160,0.304395560835,0.709467430009,0.612686207723,0.782742746835
1858,-7.104595916,17.657348045,-19.150529415,19.033056063,111.917840920,0.263133182058,-0.653975853527,0.709278867233,0.612686207723,0.782742746835
1859,-6.690459512,-17.823860376,-19.145436866,19.038178673,249.425604970,0.247794796737,0.660142976897,0.709090254315,0.612686207723,0.782742746835
1860,16.977747066,8.625739147,-19.140342963,19.043299905,26.933369020,-0.628805446894,-0.319471820247,0.708901591213,0.612686207723,0.782742746835
1861,-18.350397621,5.109325054,-19.135247703,19.048419760,164.441133070,0.679644356319,-0.189234261272,0.708712877889,0.612686207723,0.782742746835
1862,10.082421129,-16.167315906,-19.130151086,19.053538239,301.948897120,-0.373423004794,0.598789477984,0.708524114301,0.612686207723,0.782742746835
1863,3.487337746,18.736883918,-19.125053111,19.058655343,79.456661170,-0.129160657248,-0.693958663620,0.708335300410,0.612686207723,0.782742746835
1864,-15.232125067,-11.463408459,-19.119953777,19.063771074,216.964425220,0.564152780272,0.424570683685,0.708146436175,0.612686207723,0.782742746835
1865,18.980206700,-1.836884670,-19.114853082,19.068885433,354.472189271,-0.702970618507,0.068032765547,0.707957521556,0.612686207723,0.782742746835
1866,-12.758035880,14.179207884,-19.109751026,19.073998420,131.979953321,0.472519847420,-0.525155847541,0.707768556513,0.612686207723,0.782742746835
1867,-0.170584405,-19.078347433,-19.104647607,19.079110037,269.487717371,0.006317940910,0.706605460476,0.707579541005,0.612686207723,0.782742746835
1868,13.016507628,13.956288656,-19.099542825,19.084220285,46.995481421,-0.482092875106,-0.516899579864,0.707390474992,0.612686207723,0.782742746835
1869,-19.030398265,-1.498809467,-19.094436678,19.089329165,184.503245471,0.704829565387,0.055511461757,0.707201358433,0.612686207723,0.782742746835
1870,15.048880046,-11.752817594,-19.089329165,19.094436678,322.011009521,-0.557365927623,0.435289540529,0.707012191288,0.612686207723,0.782742746835
1871,-3.158505988,18.836570177,-19.084220285,19.099542825,99.518773571,0.116981703259,-0.697650747302,0.706822973517,0.612686207723,0.782742746835
1872,-10.397714596,-16.027323276,-19.079110037,19.104647607,237.026537621,0.385100540577,0.593604565764,0.706633705077,0.612686207723,0.782742746835
1873,18.498192559,4.795774842,-19.073998420,19.109751026,14.534301671,-0.685118242908,-0.177621290455,0.706444385930,0.612686207723,0.782742746835
1874,-16.883997458,8.961486382,-19.068885433,19.114853082,152.042065721,0.625333239198,-0.331906903034,0.706255016034,0.612686207723,0.782742746835
1875,6.398044018,-18.017704215,-19.063771074,19.119953777,289.549829771,-0.236964593260,0.667322378321,0.706065595347,0.612686207723,0.782742746835
1876,7.455053532,17.612206941,-19.058655343,19.125053111,67.057593821,-0.276113093766,-0.652303960786,0.705876123830,0.612686207723,0.782742746835
1877,-17.398635853,-7.952996355,-19.053538239,19.130151086,204.565357871,0.644393920492,0.294555420556,0.705686601442,0.612686207723,0.782742746835
1878,18.206233624,-5.889886407,-19.048419760,19.135247703,342.073121921,-0.674304949039,0.218143940982,0.705497028140,0.612686207723,0.782742746835
1879,-9.448664243,16.645584182,-19.043299905,19.140342963,119.580885971,0.349950527537,-0.616503117836,0.705307403885,0.612686207723,0.782742746835
1880,-4.277917803,-18.661381837,-19.038178673,19.145436866,257.088650021,0.158441400095,0.691162290276,0.705117728635,0.612686207723,0.782742746835
1881,15.764177802,10.873521743,-19.033056063,19.150529415,34.596414071,-0.583858437126,-0.402723027526,0.704928002350,0.612686207723,0.782742746835
1882,-18.974015430,2.631451963,-19.027932075,19.155620610,172.104178121,0.702741312213,-0.097461183823,0.704738224986,0.612686207723,0.782742746835
1883,12.216573414,-14.761035162,-19.022806706,19.160710452,309.611942171,-0.452465681998,0.546705006010,0.704548396505,0.612686207723,0.782742746835
1884,0.963070647,19.141586769,-19.017679955,19.165798943,87.119706221,-0.035669283221,-0.708947658122,0.704358516864,0.612686207723,0.782742746835
1885,-13.643714865,-13.467439173,-19.012551823,19.170886083,224.627470271,0.505322772776,0.498794043444,0.704168586021,0.612686207723,0.782742746835
1886,19.162657432,0.714463032,-19.007422306,19.175971873,2.135234321,-0.709728053028,-0.026461593787,0.703978603936,0.612686207723,0.782742746835
1887,-14.616434524,12.420658724,-19.002291405,19.181056315,139.642998371,0.541349426832,-0.460024397189,0.703788570566,0.612686207723,0.782742746835
1888,2.388302257,-19.036910405,-18.997159119,19.186139409,277.150762421,-0.088455639149,0.705070755728,0.703598485871,0.612686207723,0.782742746835
1889,11.101127983,15.654645540,-18.992025445,19.191221157,54.658526471,-0.411152888277,-0.579801686683,0.703408349809,0.612686207723,0.782742746835
1890,-18.765153706,-4.045614904,-18.986890383,19.196301560,192.166290521,0.695005692832,0.149837589040,0.703218162338,0.612686207723,0.782742746835
1891,16.573998013,-9.695133187,-18.981753932,19.201380618,329.674054571,-0.613851778269,0.359079006925,0.703027923416,0.612686207723,0.782742746835
1892,-5.673681933,18.349315384,-18.976616091,19.206458334,107.181818622,0.210136367888,-0.679604273477,0.702837633001,0.612686207723,0.782742746835
1893,-8.213358229,-17.367320243,-18.971476858,19.211534707,244.689582672,0.304198452932,0.643234083060,0.702647291052,0.612686207723,0.782742746835
1894,17.792429916,7.259995012,-18.966336233,19.216609740,22.197346722,-0.658978885774,-0.268888704151,0.702456897527,0.612686207723,0.782742746835
1895,-18.028398969,6.667079163,-18.961194214,19.221683432,159.705110772,0.667718480348,-0.246928857886,0.702266452384,0.612686207723,0.782742746835
1896,8.792352632,-17.098616121,-18.956050801,19.226755786,297.212874822,-0.325642690073,0.633282078538,0.702075955581,0.612686207723,0.782742746835
1897,5.068078381,18.552028020,-18.950905991,19.231826801,74.720638872,-0.187706606711,-0.687112148875,0.701885407076,0.612686207723,0.782742746835
1898,-16.273046724,-10.258953968,-18.945759784,19.236896480,212.228402922,0.602705434223,0.379961258067,0.701694806826,0.612686207723,0.782742746835
1899,18.934049278,-3.428554826,-18.940612179,19.241964824,349.736166972,-0.701261084388,0.126983512064,0.701504154789,0.612686207723,0.782742746835
1900,-11.648489768,15.321909818,-18.935463175,19.247031832,127.243931022,0.431425546979,-0.567478141400,0.701313450924,0.612686207723,0.782742746835
1901,-1.761030908,-19.171385672,-18.930312770,19.252097507,264.751695072,0.065223366957,0.710051321170,0.701122695188,0.612686207723,0.782742746835
1902,14.252362489,12.950229572,-18.925160964,19.257161850,42.259459122,-0.527865277384,-0.479638132308,0.700931887539,0.612686207723,0.782742746835
1903,-19.262065892,0.078256851,-18.920007754,19.262224861,179.767223172,0.713409847870,-0.002898401882,0.700741027933,0.612686207723,0.782742746835
1904,14.154104577,-13.072476975,-18.914853141,19.267286541,317.274987222,-0.524226095460,0.484165813899,0.700550116330,0.612686207723,0.782742746835
1905,-1.606886815,19.205240678,-18.909697123,19.272346892,94.782751272,0.059514326477,-0.711305210296,0.700359152685,0.612686207723,0.782742746835
1906,-11.791179741,-15.250785525,-18.904539698,19.277405915,232.290515322,0.436710360772,0.564843908336,0.700168136958,0.612686207723,0.782742746835
1907,19.001190498,3.281487858,-18.899380866,19.282463610,9.798279372,-0.703747796210,-0.121536587324,0.699977069104,0.612686207723,0.782742746835
1908,-16.231754995,10.418183946,-18.894220625,19.287519980,147.306043422,0.601176110939,-0.385858664674,0.699785949081,0.612686207723,0.782742746835
1909,4.932701298,-18.651324590,-18.889058975,19.292575024,284.813807472,-0.182692640665,0.690789799617,0.699594776848,0.612686207723,0.782742746835
1910,8.963915810,17.089373554,-18.883895914,19.297628743,62.321571522,-0.331996881855,-0.632939761261,0.699403552359,0.612686207723,0.782742746835
1911,-18.158171341,-6.547847948,-18.878731441,19.302681140,199.829335572,0.672524864475,0.242512886975,0.699212275574,0.612686207723,0.782742746835
1912,17.816939237,-7.439435429,-18.873565554,19.307732215,337.337099622,-0.659886638400,0.275534645529,0.699020946449,0.612686207723,0.782742746835
1913,-8.114511787,17.525360077,-18.868398253,19.312781968,114.844863672,0.300537473590,-0.649087410241,0.698829564940,0.612686207723,0.782742746835
1914,-5.856352655,-18.408739908,-18.863229537,19.317830402,252.352627722,0.216901950187,0.681805181786,0.698638131006,0.612686207723,0.782742746835
1915,16.757594390,9.620635414,-18.858059404,19.322877516,29.860391772,-0.620651644068,-0.356319830153,0.698446644602,0.612686207723,0.782742746835
1916,-18.860098086,4.226738667,-18.852887854,19.327923313,167.368155822,0.698522151344,-0.156545876550,0.698255105686,0.612686207723,0.782742746835
1917,11.054612860,-15.860617207,-18.847714884,19.332967792,304.875919872,-0.409430105913,0.587430266921,0.698063514214,0.612686207723,0.782742746835
1918,2.563033916,19.167407881,-18.842540494,19.338010956,82.383683923,-0.094927182091,-0.709903995596,0.697871870143,0.612686207723,0.782742746835
1919,-14.841167847,-12.405379025,-18.837364683,19.343052805,219.891447973,0.549672883211,0.459458482416,0.697680173431,0.612686207723,0.782742746835
1920,19.328163756,-0.877953145,-18.832187449,19.348093340,357.399212023,-0.715857916877,0.032516783146,0.697488424032,0.612686207723,0.782742746835
1921,-13.662495074,13.706931397,-18.827008791,19.353132562,134.906976073,0.506018336069,-0.507664125818,0.697296621904,0.612686207723,0.782742746835
1922,0.815611802,-19.340980881,-18.821828709,19.358170473,272.414740123,-0.030207844528,0.716332625216,0.697104767004,0.612686207723,0.782742746835
1923,12.466480786,14.816229106,-18.816647201,19.363207072,49.922504173,-0.461721510605,-0.548749226154,0.696912859288,0.612686207723,0.782742746835
1924,-19.205606918,-2.504690620,-18.811464265,19.368242362,187.430268223,0.711318774751,0.092766319243,0.696720898711,0.612686207723,0.782742746835
1925,15.857631501,-11.129211988,-18.806279901,19.373276343,324.938032273,-0.587319685205,0.412193036584,0.696528885231,0.612686207723,0.782742746835
1926,-4.176333889,18.922925133,-18.801094108,19.378309017,102.445796323,0.154679032934,-0.700849079009,0.696336818804,0.612686207723,0.782742746835
1927,-9.705272846,-16.778604334,-18.795906883,19.383340384,239.953560373,0.359454549869,0.621429790158,0.696144699386,0.612686207723,0.782742746835
1928,18.494948804,5.817712373,-18.790718227,19.388370445,17.461324423,-0.684998103844,-0.215470828620,0.695952526932,0.612686207723,0.782742746835
1929,-17.571964346,8.205486067,-18.785528138,19.393399201,154.969088473,0.650813494300,-0.303906891387,0.695760301400,0.612686207723,0.782742746835
1930,7.416215484,-17.924806960,-18.780336614,19.398426654,292.476852523,-0.274674647539,0.663881739269,0.695568022744,0.612686207723,0.782742746835
1931,6.641266950,18.231498952,-18.775143655,19.403452805,69.984616573,-0.245972850006,-0.675240701924,0.695375690922,0.612686207723,0.782742746835
1932,-17.216721556,-8.959548186,-18.769949259,19.408477653,207.492380623,0.637656353913,0.331835117986,0.695183305888,0.612686207723,0.782742746835
1933,18.752014876,-5.024536494,-18.764753425,19.413501201,345.000144673,-0.694519069487,0.186093944214,0.694990867599,0.612686207723,0.782742746835
1934,-10.435825573,16.375976233,-18.759556152,19.418523450,122.507908723,0.386512058260,-0.606517638254,0.694798376010,0.612686207723,0.782742746835
1935,-3.367630536,-19.129379018,-18.754357439,19.423544400,260.015672773,0.124727056888,0.708495519190,0.694605831078,0.612686207723,0.782742746835
1936,15.408876920,11.833664403,-18.749157284,19.428564052,37.523436823,-0.570699145176,-0.438283866767,0.694413232757,0.612686207723,0.782742746835
1937,-19.360551233,1.683205617,-18.743955687,19.433582408,175.031200873,0.717057453081,-0.062340948765,0.694220581003,0.612686207723,0.782742746835
1938,13.142270876,-14.322704546,-18.738752646,19.438599468,312.538964923,-0.486750773185,0.530470538725,0.694027875772,0.612686207723,0.782742746835
1939,-0.015857714,19.443608767,-18.733548160,19.443615234,90.046728973,0.000587322735,-0.720133658040,0.693835117019,0.612686207723,0.782742746835
1940,-13.125660233,-14.351523991,-18.728342227,19.448629706,227.554493023,0.486135564200,0.531537925598,0.693642304700,0.612686207723,0.782742746835
1941,19.377762149,1.716553404,-18.723134847,19.453642885,5.062257073,-0.717694894423,-0.063576052011,0.693449438770,0.612686207723,0.782742746835
1942,-15.452053824,11.826803381,-18.717926018,19.458654773,142.570021123,0.572298289768,-0.438029754853,0.693256519184,0.612686207723,0.782742746835
1943,3.405849475,-19.163362414,-18.712715739,19.463665371,280.077785173,-0.126142573162,0.709754163485,0.693063545897,0.612686207723,0.782742746835
1944,10.435983098,16.435314129,-18.707504009,19.468674679,57.585549224,-0.386517892504,-0.608715338120,0.692870518865,0.612686207723,0.782742746835
1945,-18.801899584,-5.070787894,-18.702290827,19.473682698,195.093313274,0.696366651242,0.187806959042,0.692677438042,0.612686207723,0.782742746835
1946,17.293648705,-8.963763515,-18.697076191,19.478689430,332.601077324,-0.640505507599,0.331991241303,0.692484303384,0.612686207723,0.782742746835
1947,-6.698583984,18.295992419,-18.691860101,19.483694875,110.108841374,0.248095703116,-0.677629348834,0.692291114845,0.612686207723,0.782742746835
1948,-7.421343541,-18.020350998,-18.686642554,19.488699034,247.616605424,0.274864575611,0.667420407329,0.692097872381,0.612686207723,0.782742746835
1949,17.649369504,8.276724609,-18.681423551,19.493701909,25.124369474,-0.653680351989,-0.306545355875,0.691904575946,0.612686207723,0.782742746835
1950,-18.609716489,5.820471664,-18.676203088,19.498703501,162.632133524,0.689248758866,-0.215573024579,0.691711225495,0.612686207723,0.782742746835
1951,9.793064373,-16.866841805,-18.670981167,19.503703809,300.139897574,-0.362706087874,0.624697844628,0.691517820982,0.612686207723,0.782742746835
1952,4.173356451,19.057087456,-18.665757784,19.508702836,77.647661624,-0.154568757430,-0.705818053913,0.691324362363,0.612686207723,0.782742746835
1953,-15.954266900,-11.235919104,-18.660532939,19.513700583,215.155425674,0.590898774073,0.416145152010,0.691130849592,0.612686207723,0.782742746835
1954,19.358889745,-2.492573437,-18.655306631,19.518697050,352.663189724,-0.716995916494,0.092317534699,0.690937282623,0.612686207723,0.782742746835
1955,-12.594155896,14.918505148,-18.650078858,19.523692238,130.170953774,0.466450218369,-0.552537227709,0.690743661410,0.612686207723,0.782742746835
1956,-0.790969097,-19.512661288,-18.644849620,19.528686148,267.678717824,0.029295151745,0.722691158826,0.690549985909,0.612686207723,0.782742746835
1957,13.767368127,13.857279011,-18.639618914,19.533678782,45.186481874,-0.509902523237,-0.513232555960,0.690356256073,0.612686207723,0.782742746835
1958,-19.517072107,-0.918437354,-18.634386740,19.538670139,182.694245924,0.722854522496,0.034016198310,0.690162471857,0.612686207723,0.782742746835
1959,15.015510993,-12.509559725,-18.629153097,19.543660223,320.202009974,-0.556130036764,0.463317026870,0.689968633215,0.612686207723,0.782742746835
1960,-2.622553589,19.371935671,-18.623917983,19.548649032,97.709774024,0.097131614417,-0.717479098929,0.689774740101,0.612686207723,0.782742746835
1961,-11.154610330,-16.059868350,-18.618681397,19.553636568,235.217538074,0.413133715928,0.594809938906,0.689580792469,0.612686207723,0.782742746835
1962,19.078211491,4.308314453,-18.613443337,19.558622833,12.725302124,-0.706600425600,-0.159567201955,0.689386790273,0.612686207723,0.782742746835
1963,-16.982231235,9.712804615,-18.608203804,19.563607827,150.233066174,0.628971527219,-0.359733504257,0.689192733467,0.612686207723,0.782742746835
1964,5.962782145,-18.637998937,-18.602962794,19.568591551,287.740830224,-0.220843783161,0.690296256918,0.688998622004,0.612686207723,0.782742746835
1965,8.195103470,17.775406563,-18.597720308,19.573574006,65.248594274,-0.303522350734,-0.658348391219,0.688804455839,0.612686207723,0.782742746835
1966,-18.054522303,-7.573245530,-18.592476343,19.578555193,202.756358324,0.668686011214,0.280490575175,0.688610234926,0.612686207723,0.782742746835
1967,18.433184102,-6.613060666,-18.587230899,19.583535113,340.264122374,-0.682710522294,0.244928172826,0.688415959217,0.612686207723,0.782742746835
1968,-9.127317802,17.332107239,-18.581983974,19.588513767,117.771886424,0.338048807470,-0.641929897732,0.688221628668,0.612686207723,0.782742746835
1969,-4.978734893,-18.950385076,-18.576735567,19.593491156,255.279650474,0.184397588646,0.701866113924,0.688027243230,0.612686207723,0.782742746835
1970,16.476148710,10.613031773,-18.571485677,19.598467280,32.787414525,-0.610227730011,-0.393075250860,0.687832802858,0.612686207723,0.782742746835
1971,-19.322902913,3.304597833,-18.566234303,19.603442142,170.295178575,0.715663070849,-0.122392512333,0.687638307504,0.612686207723,0.782742746835
1972,12.018932036,-15.493070729,-18.560981442,19.608415742,307.802942625,-0.445145630946,0.573817434417,0.687443757124,0.612686207723,0.782742746835
1973,1.603438975,19.547735813,-18.555727095,19.613388080,85.310706675,-0.059386628708,-0.723990215308,0.687249151668,0.612686207723,0.782742746835
1974,-14.390278154,-13.334163292,-18.550471259,19.618359158,222.818470725,0.532973264971,0.493857899701,0.687054491092,0.612686207723,0.782742746835
1975,19.623010882,0.111732099,-18.545213934,19.623328977,0.326234775,-0.726778180807,-0.004138225894,0.686859775347,0.612686207723,0.782742746835
1976,-14.548554179,13.176100922,-18.539955118,19.628297537,137.833998825,0.538835339967,-0.488003737847,0.686665004387,0.612686207723,0.782742746835
1977,1.827785222,-19.547999628,-18.534694810,19.633264840,275.341762875,-0.067695748946,0.723999986232,0.686470178166,0.612686207723,0.782742746835
1978,11.859731130,15.652695930,-18.529433009,19.638230887,52.849526925,-0.439249301109,-0.579729478899,0.686275296635,0.612686207723,0.782742746835
1979,-19.323124711,-3.531570166,-18.524169713,19.643195678,190.357290975,0.715671285597,0.130798895028,0.686080359748,0.612686207723,0.782742746835
1980,16.638015271,-10.451153446,-18.518904921,19.648159214,327.865055025,-0.616222787809,0.387079757276,0.685885367458,0.612686207723,0.782742746835
1981,-5.210017432,18.949957861,-18.513638632,19.653121497,105.372819075,0.192963608580,-0.701850291166,0.685690319717,0.612686207723,0.782742746835
1982,-8.961069372,-17.496840983,-18.508370845,19.658082528,242.880583125,0.331891458236,0.648031147504,0.685495216478,0.612686207723,0.782742746835
1983,18.431208996,6.850238513,-18.503101558,19.663042306,20.388347175,-0.682637370232,-0.253712537509,0.685300057693,0.612686207723,0.782742746835
1984,-18.222463619,7.400815932,-18.497830770,19.668000834,157.896111225,0.674906059978,-0.274104293782,0.685104843316,0.612686207723,0.782742746835
1985,8.439624877,-17.770706594,-18.492558479,19.672958113,295.403875275,-0.312578699139,0.658174318284,0.684909573298,0.612686207723,0.782742746835
1986,5.782279410,18.809187909,-18.487284685,19.677914142,72.911639325,-0.214158496651,-0.696636589232,0.684714247592,0.612686207723,0.782742746835
1987,-16.973369474,-9.965944900,-18.482009386,19.682868923,210.419403375,0.628643313851,0.369109070375,0.684518866151,0.612686207723,0.782742746835
1988,19.252377434,-4.117804787,-18.476732581,19.687822458,347.927167425,-0.713051016082,0.152511288394,0.684323428926,0.612686207723,0.782742746835
1989,-11.417438010,16.045170192,-18.471454268,19.692774746,125.434931475,0.422868074443,-0.594265562673,0.684127935870,0.612686207723,0.782742746835
1990,-2.420101574,-19.548491237,-18.466174447,19.697725790,262.942695525,0.089633391616,0.724018193977,0.683932386935,0.612686207723,0.782742746835
1991,14.993090315,12.782905310,-18.460893116,19.702675589,40.450459575,-0.555299641314,-0.473440937391,0.683736782073,0.612686207723,0.782742746835
1992,-19.695112068,0.702146750,-18.455610273,19.707624145,177.958223625,0.729448595119,-0.026005435201,0.683541121235,0.612686207723,0.782742746835
1993,14.051795989,-13.825067920,-18.450325918,19.712571459,315.465987675,-0.520436888481,0.512039552602,0.683345404375,0.612686207723,0.782742746835
1994,-1.022914440,19.690966041,-18.445040049,19.717517531,92.973751725,0.037885720014,-0.729295038567,0.683149631443,0.612686207723,0.782742746835
1995,-12.549937703,-15.214288854,-18.439752665,19.722462363,230.481515775,0.464812507519,0.563492179761,0.682953802392,0.612686207723,0.782742746835
1996,19.535933549,2.741869090,-18.434463764,19.727405956,7.989279826,-0.723553094416,-0.101550707033,0.682757917173,0.612686207723,0.782742746835
1997,-16.261368341,11.177364158,-18.429173345,19.732348310,145.497043876,0.602272901509,-0.413976450279,0.682561975737,0.612686207723,0.782742746835
1998,4.441537839,-19.231051337,-18.423881407,19.737289426,283.004807926,-0.164501401443,0.712261160629,0.682365978037,0.612686207723,0.782742746835
1999,9.717768323,17.184894437,-18.418587949,19.742229306,60.512571976,-0.359917345299,-0.636477571726,0.682169924024,0.612686207723,0.782742746835
2000,-18.778505713,-6.108875938,-18.413292969,19.747167950,198.020336026,0.695500211603,0.226254664386,0.681973813650,0.612686207723,0.782742746835
2001,17.977665950,-8.182248660,-18.407996465,19.752105359,335.528100076,-0.665839479625,0.303046246650,0.681777646865,0.612686207723,0.782742746835
2002,-7.731073378,18.181616942,-18.402698438,19.757041535,113.035864126,0.286336051049,-0.673393220076,0.681581423621,0.612686207723,0.782742746835
2003,-6.582496650,-18.633476652,-18.397398884,19.761976477,250.543628176,0.243796172222,0.690128764887,0.681385143869,0.612686207723,0.782742746835
2004,17.444814925,9.295653318,-18.392097804,19.766910188,28.051392226,-0.646104256475,-0.344283456208,0.681188807561,0.612686207723,0.782742746835
2005,-19.147163845,4.930707772,-18.386795195,19.771842667,165.559156276,0.709154216479,-0.182618806377,0.680992414647,0.612686207723,0.782742746835
2006,10.790568058,-16.573606352,-18.381491057,19.776773916,303.066920326,-0.399650668817,0.613837272285,0.680795965079,0.612686207723,0.782742746835
2007,3.239488518,19.514648978,-18.376185388,19.781703936,80.574684376,-0.119981056217,-0.722764776965,0.680599458807,0.612686207723,0.782742746835
2008,-15.574533565,-12.204291824,-18.370878186,19.786632727,218.082448426,0.576834576465,0.452010808284,0.680402895782,0.612686207723,0.782742746835
2009,19.732969993,-1.521760168,-18.365569451,19.791560291,355.590212476,-0.730850740476,0.056361487702,0.680206275955,0.612686207723,0.782742746835
2010,-13.525909631,14.455125439,-18.360259180,19.796486628,133.097976526,0.500959615974,-0.535375016277,0.680009599278,0.612686207723,0.782742746835
2011,0.209339941,-19.800305141,-18.354947374,19.801411740,270.605740576,-0.007753331157,0.733344634865,0.679812865699,0.612686207723,0.782742746835
2012,13.223840657,14.745201567,-18.349634030,19.806335627,48.113504626,-0.489771876185,-0.546118576563,0.679616075171,0.612686207723,0.782742746835
2013,-19.715988085,-1.940558906,-18.344319146,19.811258291,185.621268676,0.730221780944,0.071872552086,0.679419227643,0.612686207723,0.782742746835
2014,15.852721819,-11.890003788,-18.339002723,19.816179731,323.129032726,-0.587137845137,0.440370510656,0.679222323067,0.612686207723,0.782742746835
2015,-3.658629731,19.480514154,-18.333684758,19.821099950,100.636796776,0.135504804860,-0.721500524218,0.679025361391,0.612686207723,0.782742746835
2016,-10.463734676,-16.839871850,-18.328365249,19.826018947,238.144560826,0.387545728745,0.623698957397,0.678828342568,0.612686207723,0.782742746835
2017,19.095537699,5.350373010,-18.323044197,19.830936724,15.652324876,-0.707242137001,-0.198161963344,0.678631266546,0.612686207723,0.782742746835
2018,-17.698967153,8.955871657,-18.317721598,19.835853282,153.160088926,0.655517301977,-0.331698950277,0.678434133276,0.612686207723,0.782742746835
2019,7.002798041,-18.563860566,-18.312397453,19.840768622,290.667852976,-0.259362890393,0.687550391340,0.678236942709,0.612686207723,0.782742746835
2020,7.377889190,18.423297063,-18.307071759,19.845682745,68.175617026,-0.273255155200,-0.682344335685,0.678039694793,0.612686207723,0.782742746835
2021,-17.889411754,-8.603202588,-18.301744516,19.850595650,205.683381076,0.662570805701,0.318637132891,0.677842389480,0.612686207723,0.782742746835
2022,19.007177160,-5.741810531,-18.296415721,19.855507341,343.191145126,-0.703969524430,0.212659649292,0.677645026719,0.612686207723,0.782742746835
2023,-10.139270541,17.077218413,-18.291085374,19.860417816,120.698909177,0.375528538541,-0.632489570858,0.677447606459,0.612686207723,0.782742746835
2024,-4.060116113,-19.445993856,-18.285753474,19.865327078,258.206673227,0.150374670850,0.720221994672,0.677250128651,0.612686207723,0.782742746835
2025,16.133368399,11.599166698,-18.280420018,19.870235126,35.714437277,-0.597532162923,-0.429598766589,0.677052593244,0.612686207723,0.782742746835
2026,-19.736240826,2.345648333,-18.275085005,19.875141963,173.222201327,0.730971882455,-0.086875864203,0.676855000187,0.612686207723,0.782742746835
2027,12.971627968,-15.064964653,-18.269748435,19.880047589,310.729965377,-0.480430665476,0.557961653818,0.676657349431,0.612686207723,0.782742746835
2028,0.611513468,19.875546973,-18.264410305,19.884952004,88.237729427,-0.022648646980,-0.736131369383,0.676459640925,0.612686207723,0.782742746835
2029,-13.880071760,-14.246050267,-18.259070615,19.889855210,225.745493477,0.514076731869,0.527631491375,0.676261874617,0.612686207723,0.782742746835
2030,19.862695726,1.129018531,-18.253729362,19.894757208,3.253257527,-0.735655397277,-0.041815501142,0.676064050458,0.612686207723,0.782742746835
2031,-15.412570455,12.587655080,-18.248386547,19.899657998,140.761021577,0.570835942788,-0.466209447394,0.675866168395,0.612686207723,0.782742746835
2032,2.862615595,-19.697635505,-18.243042166,19.904557582,278.268785627,-0.106022799814,0.729542055729,0.675668228380,0.612686207723,0.782742746835
2033,11.197512908,16.462142669,-18.237696220,19.909455959,55.776549677,-0.414722700308,-0.609708987753,0.675470230360,0.612686207723,0.782742746835
2034,-19.381481260,-4.575985670,-18.232348706,19.914353132,193.284313727,0.717832639251,0.169480950738,0.675272174285,0.612686207723,0.782742746835
2035,17.386608468,-9.720202196,-18.226999623,19.919249101,330.792077777,-0.643948461768,0.360007488758,0.675074060103,0.612686207723,0.782742746835
2036,-6.255978644,18.916507078,-18.221648970,19.924143867,108.299841827,0.231702912748,-0.700611373259,0.674875887763,0.612686207723,0.782742746835
2037,-8.166958370,-18.178760241,-18.216296745,19.929037430,245.807605877,0.302479939640,0.673287416317,0.674677657215,0.612686207723,0.782742746835
2038,18.306129888,7.889687288,-18.210942947,19.933929793,23.315369927,-0.678004810672,-0.292210640292,0.674479368406,0.612686207723,0.782742746835
2039,-18.832397392,6.549609876,-18.205587575,19.938820955,160.823133977,0.697496199706,-0.242578143553,0.674281021286,0.612686207723,0.782742746835
2040,9.464546429,-17.554884392,-18.200230627,19.943710917,298.330898027,-0.350538756633,0.650180903419,0.674082615802,0.612686207723,0.782742746835
2041,4.880488093,19.342374859,-18.194872101,19.948599681,75.838662077,-0.180758818277,-0.716384254034,0.673884151904,0.612686207723,0.782742746835
2042,-16.668389403,-10.968429605,-18.189511998,19.953487246,213.346426127,0.617347755666,0.406238133521,0.673685629539,0.612686207723,0.782742746835
2043,19.704643584,-3.172333307,-18.184150314,19.958373615,350.854190177,-0.729801614210,0.117493826169,0.673487048657,0.612686207723,0.782742746835
2044,-12.389742445,15.653305836,-18.178787049,19.963258788,128.361954227,0.458879349812,-0.579752067997,0.673288409204,0.612686207723,0.782742746835
2045,-1.438197446,-19.916282626,-18.173422201,19.968142766,265.869718277,0.053266572057,0.737640097251,0.673089711130,0.612686207723,0.782742746835
2046,14.517286673,13.717512065,-18.168055768,19.973025549,43.377482327,-0.537677284199,-0.508056002392,0.672890954383,0.612686207723,0.782742746835
2047,-19.975522656,-0.308655654,-18.162687751,19.977907140,180.885246377,0.739834172428,0.011431690890,0.672692138910,0.612686207723,0.782742746835
2048,14.941471785,-13.268919272,-18.157318146,19.982787537,318.393010427,-0.553387843882,0.491441454532,0.672493264659,0.612686207723,0.782742746835
2049,-2.054851715,19.881760643,-18.151946953,19.987666743,95.900774477,0.076105619057,-0.736361505292,0.672294331578,0.612686207723,0.782742746835
2050,-11.917660454,-16.052140518,-18.146574170,19.992544758,233.408538528,0.441394831632,0.594523722888,0.672095339615,0.612686207723,0.782742746835
2051,19.635565619,3.787008425,-18.141199795,19.997421583,10.916302578,-0.727243171066,-0.140259571313,0.671896288718,0.612686207723,0.782742746835
2052,-17.040896210,10.473764864,-18.135823829,20.002297220,148.424066628,0.631144304068,-0.387917217185,0.671697178834,0.612686207723,0.782742746835
2053,5.491838014,-19.238675458,-18.130446268,20.007171668,285.931830678,-0.203401407921,0.712543535471,0.671498009911,0.612686207723,0.782742746835
2054,8.948207146,17.900042768,-18.125067111,20.012044928,63.439594728,-0.331415079492,-0.662964546948,0.671298781896,0.612686207723,0.782742746835
2055,-18.693984696,-7.156249190,-18.119686358,20.016917003,200.947358778,0.692369803559,0.265046266309,0.671099494736,0.612686207723,0.782742746835
2056,18.622869954,-7.352598522,-18.114304006,20.021787891,338.455122828,-0.689735924236,0.272318463793,0.670900148380,0.612686207723,0.782742746835
2057,-8.767447688,18.005523472,-18.108920055,20.026657595,115.962886878,0.324720284725,-0.666871239694,0.670700742773,0.612686207723,0.782742746835
2058,-5.699098409,-19.203705784,-18.103534502,20.031526116,253.470650928,0.211077718840,0.711248362383,0.670501277864,0.612686207723,0.782742746835
2059,17.178427737,10.313034620,-18.098147347,20.036393453,30.978414978,-0.636238064343,-0.381964245189,0.670301753599,0.612686207723,0.782742746835
2060,-19.637961010,4.000321745,-18.092758588,20.041259608,168.486179028,0.727331889241,-0.148160064642,0.670102169925,0.612686207723,0.782742746835
2061,11.781101908,-16.218900967,-18.087368223,20.046124582,305.993943078,-0.436337107714,0.600700035820,0.669902526789,0.612686207723,0.782742746835
2062,2.269242743,19.922165349,-18.081976252,20.050988375,83.501707128,-0.084046027531,-0.737857975899,0.669702824139,0.612686207723,0.782742746835
2063,-15.134167644,-13.160324032,-18.076582672,20.055850989,221.009471178,0.560524727548,0.487419408608,0.669503061920,0.612686207723,0.782742746835
2064,20.053995177,-0.519095784,-18.071187482,20.060712425,358.517235228,-0.742740562105,0.019225769772,0.669303240079,0.612686207723,0.782742746835
2065,-14.440045410,13.932418872,-18.065790681,20.065572682,136.024999278,0.534816496674,-0.516015513764,0.669103358563,0.612686207723,0.782742746835
2066,1.236725773,-20.032292442,-18.060392268,20.070431763,273.532763328,-0.045804658268,0.741936757129,0.668903417319,0.612686207723,0.782742746835
2067,12.622750528,15.610362722,-18.054992240,20.075289667,51.040527378,-0.467509278813,-0.578161582313,0.668703416293,0.612686207723,0.782742746835
2068,-19.857074679,-2.984772097,-18.049590597,20.080146396,188.548291428,0.735447210347,0.110547114706,0.668503355431,0.612686207723,0.782742746835
2069,16.662201552,-11.215094418,-18.044187336,20.085001951,326.056055478,-0.617118576008,0.415373867333,0.668303234680,0.612686207723,0.782742746835
2070,-4.711639926,19.529536007,-18.038782458,20.089856332,103.563819528,0.174505182447,-0.723316148413,0.668103053985,0.612686207723,0.782742746835
2071,-9.720142955,-17.587386743,-18.033375959,20.094709541,241.071583578,0.360005294636,0.651384694193,0.667902813293,0.612686207723,0.782742746835
2072,19.052039117,6.404075351,-18.027967839,20.099561577,18.579347628,-0.705631078397,-0.237187975952,0.667702512549,0.612686207723,0.782742746835
2073,-18.378705933,8.149267938,-18.022558096,20.104412443,156.087111678,0.680692812320,-0.301824738434,0.667502151701,0.612686207723,0.782742746835
2074,8.049075550,-18.428098289,-18.017146729,20.109262139,293.594875728,-0.298113909268,0.682522158845,0.667301730693,0.612686207723,0.782742746835
2075,6.514434038,19.029965764,-18.011733736,20.114110665,71.102639778,-0.241275334759,-0.704813546827,0.667101249472,0.612686207723,0.782742746835
2076,-17.662353568,-9.633988703,-18.006319116,20.118958022,208.610403828,0.654161243273,0.356814396420,0.666900707982,0.612686207723,0.782742746835
2077,19.536040345,-4.828107667,-18.000902867,20.123804213,346.118167879,-0.723557049800,0.178818802470,0.666700106170,0.612686207723,0.782742746835
2078,-11.146611304,16.760536283,-17.995484988,20.128649236,123.625931929,0.412837455692,-0.620760603091,0.666499443982,0.612686207723,0.782742746835
2079,-3.103161895,-19.892911561,-17.990065477,20.133493093,261.133695979,0.114931922046,0.736774502277,0.666298721362,0.612686207723,0.782742746835
2080,15.729426166,12.575282133,-17.984644333,20.138335786,38.641460029,-0.582571339466,-0.465751190105,0.666097938256,0.612686207723,0.782742746835
2081,-20.097700950,1.352778179,-17.979221554,20.143177314,176.149224079,0.744359294460,-0.050102895531,0.665897094610,0.612686207723,0.782742746835
2082,13.908972166,-14.576800391,-17.973797140,20.148017678,313.656988129,-0.515147117267,0.539881495980,0.665696190368,0.612686207723,0.782742746835
2083,-0.409654384,20.148692854,-17.968371088,20.152856881,91.164752179,0.015172384586,-0.746247883491,0.665495225476,0.612686207723,0.782742746835
2084,-13.311374930,-15.137369719,-17.962943397,20.157694921,228.672516229,0.493013886279,0.560643322928,0.665294199878,0.612686207723,0.782742746835
2085,20.045348691,2.170641483,-17.957514065,20.162531800,6.180280279,-0.742420321898,-0.080394129018,0.665093113520,0.612686207723,0.782742746835
2086,-16.250960175,11.942738633,-17.952083091,20.167367520,143.688044329,0.601887413894,-0.442323653090,0.664891966347,0.612686207723,0.782742746835
2087,3.916686929,-19.788312213,-17.946650474,20.172202080,281.195808379,-0.145062478851,0.732900452351,0.664690758303,0.612686207723,0.782742746835
2088,10.481280581,17.241099681,-17.941216212,20.177035482,58.703572429,-0.388195577056,-0.638559247463,0.664489489333,0.612686207723,0.782742746835
2089,-19.379405707,-5.634396097,-17.935780303,20.181867726,196.211336479,0.717755766908,0.208681336914,0.664288159382,0.612686207723,0.782742746835
2090,18.100082239,-8.938111207,-17.930342747,20.186698814,333.719100529,-0.670373416248,0.331041155800,0.664086768393,0.612686207723,0.782742746835
2091,-7.310578697,18.821617151,-17.924903540,20.191528745,111.226864579,0.270762173981,-0.697096931513,0.663885316313,0.612686207723,0.782742746835
2092,-7.324977835,-18.821199666,-17.919462683,20.196357522,248.734628629,0.271295475372,0.697081469103,0.663683803084,0.612686207723,0.782742746835
2093,18.119078435,8.932350076,-17.914020174,20.201185144,26.242392679,-0.671076979076,-0.330827780601,0.663482228652,0.612686207723,0.782742746835
2094,-19.398793973,5.654175243,-17.908576010,20.206011613,163.750156729,0.718473850864,-0.209413897885,0.663280592960,0.612686207723,0.782742746835
2095,10.487230265,-17.277034779,-17.903130191,20.210836929,301.257920779,-0.388415935736,0.639890176990,0.663078895953,0.612686207723,0.782742746835
2096,3.938451945,19.828301736,-17.897682715,20.215661094,78.765684829,-0.145868590542,-0.734381545775,0.662877137574,0.612686207723,0.782742746835
2097,-16.301805592,-11.963240028,-17.892233580,20.220484107,216.273448879,0.603770577476,0.443082964009,0.662675317768,0.612686207723,0.782742746835
2098,20.106290116,-2.190912908,-17.886782785,20.225305971,353.781212929,-0.744677411708,0.081144922532,0.662473436478,0.612686207723,0.782742746835
2099,-13.348993163,15.200737062,-17.881330329,20.230126685,131.288976979,0.494407154171,-0.562990261553,0.662271493649,0.612686207723,0.782742746835
2100,-0.424919447,-20.230484256,-17.875876209,20.234946250,268.796741029,0.015737757282,0.749277194658,0.662069489224,0.612686207723,0.782742746835
2101,13.982146825,14.633784336,-17.870420425,20.239764669,46.304505079,-0.517857289813,-0.541992012456,0.661867423146,0.612686207723,0.782742746835
2102,-20.199785817,-1.346012954,-17.864962975,20.244581940,183.812269129,0.748140215435,0.049852331612,0.661665295359,0.612686207723,0.782742746835
2103,15.807671794,-12.655261136,-17.859503857,20.249398065,321.320033180,-0.585469325717,0.468713375425,0.661463105806,0.612686207723,0.782742746835
2104,-3.108318079,20.014282520,-17.854043070,20.254213045,98.827797230,0.115122891821,-0.741269722959,0.661260854431,0.612686207723,0.782742746835
2105,-11.230145018,-16.861554289,-17.848580612,20.259026880,236.335561280,0.415931296953,0.624502010687,0.661058541177,0.612686207723,0.782742746835
2106,19.675248601,4.848482928,-17.843116482,20.263839573,13.843325330,-0.728712911158,-0.179573441766,0.660856165988,0.612686207723,0.782742746835
2107,-17.787241637,9.717625905,-17.837650678,20.268651122,151.351089380,0.658786727305,-0.359912070571,0.660653728806,0.612686207723,0.782742746835
2108,6.553151334,-19.185136173,-17.832183198,20.273461529,288.858853430,-0.242709308659,0.710560598996,0.660451229574,0.612686207723,0.782742746835
2109,8.129211384,18.577518368,-17.826714042,20.278270795,66.366617480,-0.301081903127,-0.688056235858,0.660248668235,0.612686207723,0.782742746835
2110,-18.547557546,-8.209226493,-17.821243208,20.283078921,203.874381530,0.686946575780,0.304045425648,0.660046044732,0.612686207723,0.782742746835
2111,19.226199950,-6.477001629,-17.815770693,20.287885908,341.382145580,-0.712081479622,0.239888949209,0.659843359008,0.612686207723,0.782742746835
2112,-9.803971591,17.767258644,-17.810296497,20.292691756,118.889909630,0.363110058932,-0.658046616445,0.659640611005,0.612686207723,0.782742746835
2113,-4.773597216,-19.728181173,-17.804820618,20.297496465,256.397673680,0.176799896889,0.730673376764,0.659437800667,0.612686207723,0.782742746835
2114,16.850083699,11.325107777,-17.799343054,20.302300038,33.905437730,-0.624077174046,-0.419448436195,0.659234927934,0.612686207723,0.782742746835
2115,-20.079476303,3.032003020,-17.793863804,20.307102475,171.413201780,0.743684307515,-0.112296408161,0.659031992751,0.612686207723,0.782742746835
2116,12.760908708,-15.802931498,-17.788382867,20.311903776,308.920965830,-0.472626248453,0.585293759187,0.658828995059,0.612686207723,0.782742746835
2117,1.265528913,20.277250692,-17.782900240,20.316703942,86.428729880,-0.046871441224,-0.751009284901,0.658625934799,0.612686207723,0.782742746835
2118,-14.633703500,-14.100290955,-17.777415922,20.321502975,223.936493930,0.541989018510,0.522232998348,0.658422811916,0.612686207723,0.782742746835
2119,20.319843594,0.512311967,-17.771929911,20.326300874,1.444257980,-0.752586799766,-0.018974517307,0.658219626349,0.612686207723,0.782742746835
2120,-15.332899565,13.351244221,-17.766442207,20.331097641,138.952022030,0.567885169061,-0.494490526692,0.658016378042,0.612686207723,0.782742746835
2121,2.287906599,-20.206781999,-17.760952807,20.335893277,276.459786080,-0.084737281455,0.748399333310,0.657813066937,0.612686207723,0.782742746835
2122,11.965274332,16.449188114,-17.755461710,20.340687782,53.967550130,-0.443158308605,-0.609229189403,0.657609692974,0.612686207723,0.782742746835
2123,-19.938785388,-4.047646327,-17.749968915,20.345481158,191.475314180,0.738473532886,0.149912826913,0.657406256096,0.612686207723,0.782742746835
2124,17.440492648,-10.486316981,-17.744474419,20.350273404,328.983078230,-0.645944172134,0.388382110390,0.657202756244,0.612686207723,0.782742746835
2125,-5.778031171,19.517761334,-17.738978221,20.355064522,106.490842280,0.214001154466,-0.722880049394,0.656999193359,0.612686207723,0.782742746835
2126,-8.925617883,-18.299098917,-17.733480319,20.359854512,243.998606330,0.330578440119,0.677744404325,0.656795567384,0.612686207723,0.782742746835
2127,18.946792005,7.465773408,-17.727980713,20.364643376,21.506370380,-0.701733037208,-0.276510126207,0.656591878259,0.612686207723,0.782742746835
2128,-19.018302401,7.295059814,-17.722479400,20.369431114,159.014134430,0.704381570416,-0.270187400523,0.656388125926,0.612686207723,0.782742746835
2129,9.097899617,-18.230111644,-17.716976379,20.374217727,296.521898481,-0.336959245088,0.675189320141,0.656184310325,0.612686207723,0.782742746835
2130,5.607072123,19.592460649,-17.711471648,20.379003216,74.029662531,-0.207669337879,-0.725646690702,0.655980431398,0.612686207723,0.782742746835
2131,-17.373075198,-10.661850418,-17.705965205,20.383787581,211.537426581,0.643447229542,0.394883348796,0.655776489086,0.612686207723,0.782742746835
2132,20.017037522,-3.874535979,-17.700457050,20.388570823,349.045190631,-0.741371760088,0.143501332554,0.655572483330,0.612686207723,0.782742746835
2133,-12.145577118,16.382118324,-17.694947180,20.393352944,126.552954681,0.449836189546,-0.606745123108,0.655368414069,0.612686207723,0.782742746835
2134,-2.110686066,-20.288639006,-17.689435594,20.398133944,264.060718731,0.078173557989,0.751431074292,0.655164281246,0.612686207723,0.782742746835
2135,15.264709078,13.537634550,-17.683922290,20.402913823,41.568482781,-0.565359595485,-0.501393872232,0.654960084800,0.612686207723,0.782742746835
2136,-20.405040292,0.329009469,-17.678407266,20.407692582,179.076246831,0.755742233022,-0.012185535896,0.654755824671,0.612686207723,0.782742746835
2137,14.827269360,-14.029291640,-17.672890522,20.412470223,316.584010881,-0.549158124460,0.519603394078,0.654551500802,0.612686207723,0.782742746835
2138,-1.456857460,20.365203928,-17.667372055,20.417246746,94.091774931,0.053957683712,-0.754266812147,0.654347113131,0.612686207723,0.782742746835
2139,-12.685222506,-16.004503077,-17.661851863,20.422022152,231.599538981,0.469823055769,0.592759373224,0.654142661598,0.612686207723,0.782742746835
2140,20.169288883,3.233233488,-17.656329946,20.426796441,9.107303031,-0.747010699376,-0.119749388450,0.653938146145,0.612686207723,0.782742746835
2141,-17.060209320,11.242699625,-17.650806301,20.431569615,146.615067081,0.631859604460,-0.416396282414,0.653733566710,0.612686207723,0.782742746835
2142,4.986497318,-19.818650446,-17.645280927,20.436341673,284.122831131,-0.184685085837,0.734024090589,0.653528923235,0.612686207723,0.782742746835
2143,9.712685024,17.986184551,-17.639753823,20.441112618,61.630595181,-0.359729074979,-0.666154983356,0.653324215658,0.612686207723,0.782742746835
2144,-19.315830955,-6.703192049,-17.634224986,20.445882450,199.138359231,0.715401146499,0.248266372193,0.653119443919,0.612686207723,0.782742746835
2145,18.775211808,-8.106821498,-17.628694415,20.450651169,336.646123281,-0.695378215100,0.300252648078,0.652914607959,0.612686207723,0.782742746835
2146,-8.370128479,18.664541424,-17.623162108,20.455418776,114.153887331,0.310004758467,-0.691279311987,0.652709707716,0.612686207723,0.782742746835
2147,-6.437344005,-19.421116949,-17.617628065,20.460185272,251.661651381,0.238420148346,0.719300627732,0.652504743130,0.612686207723,0.782742746835
2148,17.869634181,9.974486438,-17.612092282,20.464950659,29.169415431,-0.661838302994,-0.369425423627,0.652299714141,0.612686207723,0.782742746835
2149,-19.918816943,4.716986444,-17.606554759,20.469714935,166.677179481,0.737733960862,-0.174703201638,0.652094620687,0.612686207723,0.782742746835
2150,11.503913403,-16.937066748,-17.601015493,20.474478104,304.184943531,-0.426070866784,0.627298768442,0.651889462708,0.612686207723,0.782742746835
2151,2.958884515,20.264359850,-17.595474484,20.479240164,81.692707581,-0.109588315354,-0.750531846285,0.651684240142,0.612686207723,0.782742746835
2152,-15.873857202,-12.946619608,-17.589931729,20.484001117,219.200471631,0.587920637129,0.479504429935,0.651478952930,0.612686207723,0.782742746835
2153,20.454956159,-1.176475410,-17.584387227,20.488760964,356.708235681,-0.757590968838,0.043573163342,0.651273601009,0.612686207723,0.782742746835
2154,-14.291468934,14.688031374,-17.578840977,20.493519706,134.215999731,0.529313664215,-0.544001161988,0.651068184318,0.612686207723,0.782742746835
2155,0.616604893,-20.489001254,-17.573292976,20.498277342,271.723763782,-0.022837218247,0.758851898311,0.650862702797,0.612686207723,0.782742746835
2156,13.388562263,15.528064870,-17.567743222,20.503033875,49.231527832,-0.495872676415,-0.575113513693,0.650657156383,0.612686207723,0.782742746835
2157,-20.366088815,-2.406625967,-17.562191715,20.507789304,186.739291882,0.754299585727,0.089134295074,0.650451545016,0.612686207723,0.782742746835
2158,16.646830888,-11.985302149,-17.556638453,20.512543631,324.247055932,-0.616549292151,0.443900079606,0.650245868632,0.612686207723,0.782742746835
2159,-4.179868086,20.087015037,-17.551083434,20.517296857,101.754819982,0.154809929128,-0.743963519878,0.650040127172,0.612686207723,0.782742746835
2160,-10.488907888,-17.639084605,-17.545526655,20.522048981,239.262584032,0.388478069922,0.653299429814,0.649834320573,0.612686207723,0.782742746835
2161,19.653773650,5.922727393,-17.539968117,20.526800005,16.770348082,-0.727917542595,-0.219360273811,0.649628448773,0.612686207723,0.782742746835
2162,-18.497105157,8.910759976,-17.534407816,20.531549930,154.278112132,0.685077968769,-0.330028147272,0.649422511710,0.612686207723,0.782742746835
2163,7.621820273,-19.069541744,-17.528845752,20.536298756,291.785876182,-0.282289639741,0.706279323865,0.649216509322,0.612686207723,0.782742746835
2164,7.262875996,19.214193268,-17.523281922,20.541046485,69.293640232,-0.268995407267,-0.711636787717,0.649010441547,0.612686207723,0.782742746835
2165,-18.338656513,-9.264086143,-17.517716325,20.545793116,206.801404282,0.679209500484,0.343114301588,0.648804308322,0.612686207723,0.782742746835
2166,19.784723546,-5.557819092,-17.512148959,20.550538651,344.309168332,-0.732767538739,0.205845151541,0.648598109586,0.612686207723,0.782742746835
2167,-10.836887852,17.466583083,-17.506579822,20.555283090,121.816932382,0.401366216735,-0.646910484569,0.648391845275,0.612686207723,0.782742746835
2168,-3.808602181,-20.204188586,-17.501008914,20.560026435,259.324696432,0.141059340044,0.748303280968,0.648185515327,0.612686207723,0.782742746835
2169,16.459873669,12.328108933,-17.495436231,20.564768685,36.832460482,-0.609624950719,-0.456596627145,0.647979119679,0.612686207723,0.782742746835
2170,-20.469234556,2.028588634,-17.489861773,20.569509842,174.340224532,0.758119798368,-0.075132912375,0.647772658269,0.612686207723,0.782742746835
2171,13.726246952,-15.326118356,-17.484285538,20.574249907,311.847988582,-0.508379516728,0.567634013172,0.647566131033,0.612686207723,0.782742746835
2172,0.231390168,20.577687963,-17.478707524,20.578988880,89.355752632,-0.008570006222,-0.762136591217,0.647359537909,0.612686207723,0.782742746835
2173,-14.073887878,-15.020502234,-17.473127728,20.583726761,226.863516682,0.521255106603,0.556314897570,0.647152878833,0.612686207723,0.782742746835
2174,20.528573402,1.569237251,-17.467546151,20.588463553,4.371280732,-0.760317533398,-0.058119898190,0.646946153743,0.612686207723,0.782742746835
2175,-16.200861291,12.712668837,-17.461962790,20.593199255,141.879044782,0.600031899667,-0.470839586568,0.646739362574,0.612686207723,0.782742746835
2176,3.359498710,-20.322122134,-17.456377642,20.597933868,279.386808832,-0.124425878151,0.752671190151,0.646532505265,0.612686207723,0.782742746835
2177,11.252791828,17.258174288,-17.450790707,20.602667393,56.894572882,-0.416770067722,-0.639191640298,0.646325581750,0.612686207723,0.782742746835
2178,-19.959771426,-5.125666045,-17.445201983,20.607399830,194.402336932,0.739250793539,0.189839483160,0.646118591967,0.612686207723,0.782742746835
2179,18.184225973,-9.705353039,-17.439611468,20.612131182,331.910100982,-0.673489850845,0.359457519970,0.645911535851,0.612686207723,0.782742746835
2180,-6.854183125,19.444154639,-17.434019160,20.616861447,109.417865032,0.253858634272,-0.720153875501,0.645704413339,0.612686207723,0.782742746835
2181,-8.082129904,-18.971799499,-17.428425058,20.621590627,246.925629083,0.299338144598,0.702659240686,0.645497224368,0.612686207723,0.782742746835
2182,18.779082147,8.531769911,-17.422829160,20.626318723,24.433393133,-0.695521560984,-0.315991478175,0.645289968872,0.612686207723,0.782742746835
2183,-19.614732655,6.395491462,-17.417231463,20.631045736,161.941157183,0.726471579808,-0.236870054130,0.645082646789,0.612686207723,0.782742746835
2184,10.145524493,-17.969513209,-17.411631967,20.635771666,299.448921233,-0.375760166425,0.665537526275,0.644875258053,0.612686207723,0.782742746835
2185,4.658304092,20.107966066,-17.406030670,20.640496513,76.956685283,-0.172529781178,-0.744739483912,0.644667802600,0.612686207723,0.782742746835
2186,-17.021519015,-11.683022331,-17.400427570,20.645220279,214.464449333,0.630426630203,0.432704530784,0.644460280366,0.612686207723,0.782742746835
2187,20.447582978,-2.883833358,-17.394822665,20.649942965,351.972213383,-0.757317888057,0.106808642905,0.644252691287,0.612686207723,0.782742746835
2188,-13.132411913,15.942237167,-17.389215953,20.654664571,129.479977433,0.486385626405,-0.590453228407,0.644045035297,0.612686207723,0.782742746835
2189,-1.085642698,-20.630840326,-17.383607433,20.659385098,266.987741483,0.040208988824,0.764105197251,0.643837312332,0.612686207723,0.782742746835
2190,14.739817949,14.482506120,-17.377997103,20.664104546,44.495505533,-0.545919183300,-0.536389115562,0.643629522328,0.612686207723,0.782742746835
2191,-20.656190832,-0.722510264,-17.372384961,20.668822917,182.003269583,0.765044104890,0.026759639395,0.643421665218,0.612686207723,0.782742746835
2192,15.722868578,-13.423362787,-17.366771005,20.673540211,319.511033633,-0.582328465856,0.497161584720,0.643213740939,0.612686207723,0.782742746835
2193,-2.526778982,20.523295956,-17.361155234,20.678256429,97.018797683,0.093584406758,-0.760122072445,0.643005749425,0.612686207723,0.782742746835
2194,-12.002855358,-16.843894331,-17.355537646,20.682971571,234.526561733,0.444550198457,0.623847938201,0.642797690610,0.612686207723,0.782742746835
2195,20.233029594,4.313334040,-17.349918240,20.687685639,12.034325783,-0.749371466434,-0.159753112583,0.642589564430,0.612686207723,0.782742746835
2196,-17.836884220,10.489085874,-17.344297012,20.692398632,149.542089833,0.660625341493,-0.388484661990,0.642381370819,0.612686207723,0.782742746835
2197,6.068469155,-19.787472485,-17.338673962,20.697110553,287.049853883,-0.224758116853,0.732869351299,0.642173109711,0.612686207723,0.782742746835
2198,8.893569115,18.694112381,-17.333049088,20.701821401,64.557617933,-0.329391448689,-0.692374532630,0.641964781040,0.612686207723,0.782742746835
2199,-19.189897366,-7.778706350,-17.327422388,20.706531177,202.065381983,0.710736939471,0.288100235186,0.641756384742,0.612686207723,0.782742746835
2200,19.408886347,-7.228456836,-17.321793860,20.711239882,339.573146033,-0.718847642490,0.267720623540,0.641547920749,0.612686207723,0.782742746835
2201,-9.430899458,18.444744968,-17.316163503,20.715947517,117.080910083,0.349292572534,-0.683138702530,0.641339388996,0.612686207723,0.782742746835
2202,-5.506445207,-19.975599285,-17.310531314,20.720654083,254.588674133,0.203942415092,0.739837010556,0.641130789417,0.612686207723,0.782742746835
2203,17.557591049,11.012335187,-17.304897293,20.725359579,32.096438183,-0.650281149951,-0.407864266171,0.640922121946,0.612686207723,0.782742746835
2204,-20.389773953,3.740678002,-17.299261436,20.730064008,169.604202233,0.755176813073,-0.138543629722,0.640713386515,0.612686207723,0.782742746835
2205,12.510830948,-16.535104682,-17.293623743,20.734767369,307.111966283,-0.463364109177,0.612411284519,0.640504583060,0.612686207723,0.782742746835
2206,1.944646260,20.648098044,-17.287984211,20.739469664,84.619730333,-0.072023935571,-0.764744372012,0.640295711512,0.612686207723,0.782742746835
2207,-15.384998140,-13.914828717,-17.282342839,20.744170892,222.127494383,0.569814745940,0.515364026556,0.640086771806,0.612686207723,0.782742746835
2208,20.748450631,-0.132085202,-17.276699625,20.748871056,359.635258434,-0.768461134475,0.004892044522,0.639877763875,0.612686207723,0.782742746835
2209,-15.213484184,14.115968728,-17.271054567,20.753570154,137.143022484,0.563462377184,-0.522813656607,0.639668687652,0.612686207723,0.782742746835
2210,1.683130822,-20.689919499,-17.265407663,20.758268190,274.650786534,-0.062338178606,0.766293314772,0.639459543070,0.612686207723,0.782742746835
2211,12.737633016,16.396750515,-17.259758912,20.762965162,52.158550584,-0.471764185773,-0.607287056126,0.639250330061,0.612686207723,0.782742746835
2212,-20.472809236,-3.487094547,-17.254108311,20.767661072,189.666314634,0.758252193921,0.129151649890,0.639041048560,0.612686207723,0.782742746835
2213,17.455456081,-11.260453964,-17.248455859,20.772355920,327.174078684,-0.646498373360,0.417053850525,0.638831698497,0.612686207723,0.782742746835
2214,-5.265972352,20.098639997,-17.242801555,20.777049707,104.681842734,0.195036013030,-0.744394073966,0.638622279807,0.612686207723,0.782742746835
2215,-9.695661499,-18.381375539,-17.237145395,20.781742435,242.189606784,0.359098574041,0.680791686638,0.638412792420,0.612686207723,0.782742746835
2216,19.570136953,7.006110356,-17.231487379,20.786434102,19.697370834,-0.724819887163,-0.259485568744,0.638203236271,0.612686207723,0.782742746835
2217,-19.167293738,8.055167133,-17.225827505,20.791124712,157.205134884,0.709899768068,-0.298339523445,0.637993611290,0.612686207723,0.782742746835
2218,8.694139230,-18.891210493,-17.220165770,20.795814263,294.712898934,-0.322005156680,0.699674462706,0.637783917411,0.612686207723,0.782742746835
2219,6.351473285,19.807061923,-17.214502173,20.800502757,72.220662984,-0.235239751308,-0.733594886048,0.637574154564,0.612686207723,0.782742746835
2220,-18.066927321,-10.317076921,-17.208836712,20.805190194,209.728427034,0.669145456317,0.382113960044,0.637364322683,0.612686207723,0.782742746835
2221,20.295645831,-4.597577992,-17.203169386,20.809876575,347.236191084,-0.751690586329,0.170280666359,0.637154421698,0.612686207723,0.782742746835
2222,-11.862428500,17.103472666,-17.197500192,20.814561902,124.743955134,0.439349203717,-0.633461950589,0.636944451542,0.612686207723,0.782742746835
2223,-2.806875729,-20.629165273,-17.191829128,20.819246174,262.251719184,0.103958360316,0.764043158277,0.636734412146,0.612686207723,0.782742746835
2224,16.008103886,13.318282370,-17.186156193,20.823929392,39.759483234,-0.592892736524,-0.493269717402,0.636524303441,0.612686207723,0.782742746835
2225,-20.804924920,0.993055109,-17.180481385,20.828611557,177.267247284,0.770552774826,-0.036779818865,0.636314125359,0.612686207723,0.782742746835
2226,14.673402082,-14.789095807,-17.174804701,20.833292670,314.775011334,-0.543459336381,0.547744289161,0.636103877831,0.612686207723,0.782742746835
2227,-0.830005766,20.821436021,-17.169126141,20.837972731,92.282775384,0.030740954284,-0.771164297071,0.635893560789,0.612686207723,0.782742746835
2228,-13.455678218,-15.917313068,-17.163445702,20.842651742,229.790539434,0.498358452512,0.589530113647,0.635683174163,0.612686207723,0.782742746835
2229,20.678428900,2.648345506,-17.157763383,20.847329702,7.298303484,-0.765867737042,-0.098086870603,0.635472717883,0.612686207723,0.782742746835
2230,-17.040383603,12.017965986,-17.152079181,20.852006613,144.806067534,0.631125318635,-0.445109851322,0.635262191882,0.612686207723,0.782742746835
2231,4.448026363,-20.376856120,-17.146393094,20.856682475,282.313831584,-0.164741717146,0.754698374807,0.635051596089,0.612686207723,0.782742746835
2232,10.486882329,18.033899383,-17.140705122,20.861357289,59.821595634,-0.388403049232,-0.667922199355,0.634840930435,0.612686207723,0.782742746835
2233,-19.918886275,-6.215241072,-17.135015261,20.866031055,197.329359684,0.737736528693,0.230194113772,0.634630194851,0.612686207723,0.782742746835
2234,18.890131137,-8.874075823,-17.129323510,20.870703775,334.837123734,-0.699634486562,0.328669474908,0.634419389266,0.612686207723,0.782742746835
2235,-7.936418796,19.307888462,-17.123629868,20.875375450,112.344887785,0.293941436887,-0.715106980069,0.634208513611,0.612686207723,0.782742746835
2236,-7.191831766,-19.602394754,-17.117934331,20.880046078,249.852651835,0.266364139487,0.726014620512,0.633997567817,0.612686207723,0.782742746835
2237,18.548407534,9.598329348,-17.112236899,20.884715663,27.360415885,-0.686978056803,-0.355493679568,0.633786551813,0.612686207723,0.782742746835
2238,-20.165103441,5.452978599,-17.106537569,20.889384203,164.868179935,0.746855683005,-0.201962170330,0.633575465528,0.612686207723,0.782742746835
2239,11.188184898,-17.646130317,-17.100836340,20.894051701,302.375943985,-0.414377218432,0.653560382111,0.633364308893,0.612686207723,0.782742746835
2240,3.670790062,20.573811530,-17.095133210,20.898718156,79.883708035,-0.135955187478,-0.761993019625,0.633153081837,0.612686207723,0.782742746835
2241,-16.607843048,-12.693738374,-17.089428176,20.903383569,217.391472085,0.615105298081,0.470138458300,0.632941784290,0.612686207723,0.782742746835
2242,20.825249566,-1.858883862,-17.083721237,20.908047941,354.899236135,-0.771305539482,0.068847550451,0.632730416182,0.612686207723,0.782742746835
2243,-14.103377818,15.441380343,-17.078012391,20.912711273,132.407000185,0.522347326579,-0.571902975682,0.632518977440,0.612686207723,0.782742746835
2244,-0.031117609,-20.917350419,-17.072301636,20.917373565,269.914764235,0.001152504049,0.774716682183,0.632307467995,0.612686207723,0.782742746835
2245,14.155566087,15.406215943,-17.066588970,20.922034818,47.422528285,-0.524280225455,-0.570600590478,0.632095887776,0.612686207723,0.782742746835
2246,-20.849266197,-1.798517180,-17.060874391,20.926695033,184.930292335,0.772195044342,0.066611747391,0.631884236711,0.612686207723,0.782742746835
2247,16.592174229,-12.760146686,-17.055157898,20.931354210,322.438056385,-0.614524971439,0.472598025402,0.631672514729,0.612686207723,0.782742746835
2248,-3.616002196,20.621375834,-17.049439487,20.936012351,99.945820435,0.133926007249,-0.763754660515,0.631460721759,0.612686207723,0.782742746835
2249,-11.265717189,-17.652060884,-17.043719159,20.940669455,237.453584485,0.417248784790,0.653780032737,0.631248857730,0.612686207723,0.782742746835
2250,20.235283275,5.407399756,-17.037996909,20.945325524,14.961348535,-0.749454936094,-0.200274065019,0.631036922569,0.612686207723,0.782742746835
2251,-18.577642084,9.683640844,-17.032272738,20.949980558,152.469112585,0.688060817929,-0.358653364580,0.630824916206,0.612686207723,0.782742746835
2252,7.158959694,-19.693806274,-17.026546641,20.954634558,289.976876635,-0.265146655351,0.729400232375,0.630612838568,0.612686207723,0.782742746835
2253,8.025962683,19.361705931,-17.020818619,20.959287525,67.484640685,-0.297257877134,-0.717100219672,0.630400689584,0.612686207723,0.782742746835
2254,-19.000955880,-8.857224919,-17.015088668,20.963939459,204.992404735,0.703739106668,0.328045367377,0.630188469181,0.612686207723,0.782742746835
2255,19.998118635,-6.305317817,-17.009356787,20.968590360,342.500168785,-0.740671060543,0.233530289526,0.629976177287,0.612686207723,0.782742746835
2256,-10.489134806,18.161906750,-17.003622973,20.973240231,120.007932835,0.388486474307,-0.672663212961,0.629763813830,0.612686207723,0.782742746835
2257,-4.534835120,-20.481872480,-16.997887226,20.977889071,257.515696885,0.167956856310,0.758587869629,0.629551378737,0.612686207723,0.782742746835
2258,17.182958524,12.042125655,-16.992149542,20.982536880,35.023460935,-0.636405871276,-0.446004653871,0.629338871937,0.612686207723,0.782742746835
2259,-20.809125208,2.728037042,-16.986409921,20.987183661,172.531224985,0.770708341023,-0.101038408969,0.629126293355,0.612686207723,0.782742746835
2260,13.504227417,-16.071488542,-16.980668359,20.991829413,310.038989035,-0.500156570983,0.595240316385,0.628913642920,0.612686207723,0.782742746835
2261,0.898736319,20.977230494,-16.974924855,20.996474136,87.546753085,-0.033286530325,-0.776934462736,0.628700920559,0.612686207723,0.782742746835
2262,-14.835896254,-14.864155966,-16.969179407,21.001117833,225.054517136,0.549477639026,0.550524295048,0.628488126199,0.612686207723,0.782742746835
2263,20.984759292,0.939069635,-16.963432014,21.005760503,2.562281186,-0.777213307108,-0.034780356834,0.628275259765,0.612686207723,0.782742746835
2264,-16.111400190,13.485539748,-16.957682672,21.010402147,140.070045236,0.596718525561,-0.499464435128,0.628062321186,0.612686207723,0.782742746835
2265,2.771305839,-20.831511861,-16.951931380,21.015042766,277.577809286,-0.102640957017,0.771537476334,0.627849310388,0.612686207723,0.782742746835
2266,12.030664882,17.236303230,-16.946178137,21.019682361,55.085573336,-0.445580180819,-0.638381601119,0.627636227296,0.612686207723,0.782742746835
2267,-20.518520384,-4.583927560,-16.940422940,21.024320931,192.593337386,0.759945199408,0.169775094819,0.627423071839,0.612686207723,0.782742746835
2268,18.230137251,-10.482327533,-16.934665786,21.028958479,330.101101436,-0.675190268558,0.388234353077,0.627209843941,0.612686207723,0.782742746835
2269,-6.363027972,20.048042144,-16.928906675,21.033595004,107.608865486,0.235667702649,-0.742520079413,0.626996543528,0.612686207723,0.782742746835
2270,-8.852309583,-19.085171152,-16.923145604,21.038230507,245.116629536,0.327863317895,0.706858190815,0.626783170528,0.612686207723,0.782742746835
2271,19.423543306,8.094944866,-16.917382571,21.042864989,22.624393586,-0.719390492802,-0.299812772823,0.626569724865,0.612686207723,0.782742746835
2272,-19.794730699,7.153029259,-16.911617575,21.047498450,160.132157636,0.733138174023,-0.264927009594,0.626356206466,0.612686207723,0.782742746835
2273,9.766365580,-18.649673414,-16.905850612,21.052130892,297.639921686,-0.361717243696,0.690728644964,0.626142615255,0.612686207723,0.782742746835
2274,5.397446517,20.353250607,-16.900081681,21.056762314,75.147685736,-0.199905426557,-0.753824096546,0.625928951159,0.612686207723,0.782742746835
2275,-17.732230803,-11.364429330,-16.894310781,21.061392718,212.655449786,0.656749289005,0.420904789984,0.625715214103,0.612686207723,0.782742746835
2276,20.756318172,-3.598964193,-16.888537908,21.066022105,350.163213836,-0.768752524891,0.133294970096,0.625501404012,0.612686207723,0.782742746835
2277,-12.876826180,16.678119167,-16.882763062,21.070650474,127.670977886,0.476919488135,-0.617708117282,0.625287520810,0.612686207723,0.782742746835
2278,-1.771325668,-21.000708104,-16.876986239,21.075277827,265.178741936,0.065604654369,0.777804003836,0.625073564424,0.612686207723,0.782742746835
2279,15.495295618,14.291891871,-16.871207439,21.079904164,42.686505986,-0.573899837721,-0.529329328549,0.624859534777,0.612686207723,0.782742746835
2280,-21.084408286,-0.071490160,-16.865426658,21.084529486,180.194270036,0.780904010605,0.002647783713,0.624645431795,0.612686207723,0.782742746835
2281,15.598697784,-14.192710634,-16.859643896,21.089153793,317.702034086,-0.577729547573,0.525655949398,0.624431255402,0.612686207723,0.782742746835
2282,-1.915375811,21.006636268,-16.853859149,21.093777087,95.209798136,0.070939844847,-0.778023565472,0.624217005523,0.612686207723,0.782742746835
2283,-12.780240322,-16.787135347,-16.848072416,21.098399367,232.717562186,0.473342234164,0.621745753594,0.624002682081,0.612686207723,0.782742746835
2284,20.767846333,3.746203227,-16.842283695,21.103020635,10.225326236,-0.769179493819,-0.138748267678,0.623788285001,0.612686207723,0.782742746835
2285,-17.847994223,11.268611549,-16.836492984,21.107640892,147.733090286,0.661036823061,-0.417355983294,0.623573814208,0.612686207723,0.782742746835
2286,5.549932039,-20.369727108,-16.830700280,21.112260137,285.240854336,-0.205553038486,0.754434337330,0.623359269624,0.612686207723,0.782742746835
2287,9.669320465,18.773033689,-16.824905582,21.116878372,62.748618386,-0.358122980197,-0.695297544054,0.623144651174,0.612686207723,0.782742746835
2288,-19.815189697,-7.312717246,-16.819108887,21.121495597,200.256382437,0.733895914698,0.270841379488,0.622929958781,0.612686207723,0.782742746835
2289,19.555046646,-7.994545076,-16.813310194,21.126111813,337.764146487,-0.724260986902,0.296094262092,0.622715192370,0.612686207723,0.782742746835
2290,-9.021015500,19.108346442,-16.807509500,21.130727020,115.271910537,0.334111685169,-0.707716534896,0.622500351862,0.612686207723,0.782742746835
2291,-6.257052503,-20.187915753,-16.801706804,21.135341220,252.779674587,0.231742685282,0.747700583449,0.622285437182,0.612686207723,0.782742746835
2292,18.254480457,10.661689163,-16.795902103,21.139954412,30.287438637,-0.676091868762,-0.394877376415,0.622070448253,0.612686207723,0.782742746835
2293,-20.666661267,4.470101645,-16.790095395,21.144566598,167.795202687,0.765431898765,-0.165559320195,0.621855384997,0.612686207723,0.782742746835
2294,12.222107357,-17.260006155,-16.784286678,21.149177778,305.302966737,-0.452670642837,0.639259487222,0.621640247338,0.612686207723,0.782742746835
2295,2.647341999,20.987480200,-16.778475950,21.153787954,82.810730787,-0.098049703660,-0.777314081463,0.621425035198,0.612686207723,0.782742746835
2296,-16.132421081,-13.690243202,-16.772663210,21.158397124,220.318494837,0.597497077083,0.507046044502,0.621209748500,0.612686207723,0.782742746835
2297,21.147776493,-0.802709380,-16.766848453,21.163005291,357.826258887,-0.783250981214,0.029729977044,0.620994387167,0.612686207723,0.782742746835
2298,-15.054766524,14.880249390,-16.761031680,21.167612454,135.334022937,0.557583945335,-0.551120347793,0.620778951119,0.612686207723,0.782742746835
2299,1.049680627,-21.146181964,-16.755212888,21.172218615,272.841786987,-0.038877060272,0.783191924608,0.620563440281,0.612686207723,0.782742746835
2300,13.512977413,16.305131297,-16.749392073,21.176823774,50.349551037,-0.500480644932,-0.603893751727,0.620347854574,0.612686207723,0.782742746835
2301,-20.982567864,-2.895640701,-16.743569236,21.181427932,187.857315087,0.777132143121,0.107245951876,0.620132193919,0.612686207723,0.782742746835
2302,17.431657147,-12.040981789,-16.737744372,21.186031089,325.365079137,-0.645616931355,0.445962288488,0.619916458239,0.612686207723,0.782742746835
2303,-4.721020447,20.658046939,-16.731917481,21.190633247,102.872843187,0.174852609149,-0.765112849597,0.619700647455,0.612686207723,0.782742746835
2304,-10.475450714,-18.425604300,-16.726088560,21.195234405,240.380607237,0.387979656071,0.682429788886,0.619484761488,0.612686207723,0.782742746835
2305,20.174965984,6.511814886,-16.720257607,21.199834564,17.888371287,-0.747220962357,-0.241178329120,0.619268800261,0.612686207723,0.782742746835
2306,-19.279241381,8.828298897,-16.714424620,21.204433726,155.396135337,0.714045977068,-0.326974033212,0.619052763694,0.612686207723,0.782742746835
2307,8.254271912,-19.536888926,-16.708589596,21.209031890,292.903899387,-0.305713774507,0.723588478749,0.618836651709,0.612686207723,0.782742746835
2308,7.112076876,19.985905541,-16.702752534,21.213629057,70.411663437,-0.263410254677,-0.740218723738,0.618620464226,0.612686207723,0.782742746835
2309,-18.748570571,-9.934997907,-16.696913431,21.218225229,207.919427487,0.694391502625,0.367962885442,0.618404201166,0.612686207723,0.782742746835
2310,20.540054450,-5.339875384,-16.691072286,21.222820405,345.427191537,-0.760742757418,0.197773162375,0.618187862449,0.612686207723,0.782742746835
2311,-11.541060706,17.815921189,-16.685229096,21.227414586,122.934955587,0.427446692812,-0.659848932911,0.617971447998,0.612686207723,0.782742746835
2312,-3.525225485,-20.937309745,-16.679383859,21.232007773,260.442719637,0.130563906845,0.775455916496,0.617754957731,0.612686207723,0.782742746835
2313,16.745962222,13.060089105,-16.673536572,21.236599967,37.950483687,-0.620220823029,-0.483707003898,0.617538391569,0.612686207723,0.782742746835
2314,-21.174491593,1.681995254,-16.667687235,21.241191168,175.458247738,0.784240429361,-0.062296120536,0.617321749432,0.612686207723,0.782742746835
2315,14.480368163,-15.546773433,-16.661835844,21.245781377,312.966011788,-0.536309931968,0.575806423453,0.617105031241,0.612686207723,0.782742746835
2316,-0.175716213,21.249644096,-16.655982397,21.250370594,90.473775838,0.006508007888,-0.787023855414,0.616888236914,0.612686207723,0.782742746835
2317,-14.227431898,-15.790929551,-16.650126892,21.254958821,227.981539888,0.526941922142,0.584849242614,0.616671366373,0.612686207723,0.782742746835
2318,21.162051345,2.033686662,-16.644269327,21.259546057,5.489303938,-0.783779679434,-0.075321728221,0.616454419535,0.612686207723,0.782742746835
2319,-16.981636258,12.797943297,-16.638409701,21.264132304,142.997067988,0.628949491029,-0.473997899900,0.616237396321,0.612686207723,0.782742746835
2320,3.877679569,-20.912243970,-16.632548010,21.268717561,280.504832038,-0.143617761799,0.774527554455,0.616020296651,0.612686207723,0.782742746835
2321,11.269166038,18.043261002,-16.626684252,21.273301831,58.012596088,-0.417376519928,-0.668268926007,0.615803120442,0.612686207723,0.782742746835
2322,-20.501996156,-5.693553237,-16.620818426,21.277885113,195.520360138,0.759333190981,0.210872342114,0.615585867614,0.612686207723,0.782742746835
2323,18.967557731,-9.652728768,-16.614950528,21.282467407,333.028124188,-0.702502138181,0.357508472885,0.615368538087,0.612686207723,0.782742746835
2324,-7.467369264,19.934313113,-16.609080558,21.287048716,110.535888238,0.276569231985,-0.738307893085,0.615151131778,0.612686207723,0.782742746835
2325,-7.960941918,-19.747325664,-16.603208512,21.291629038,248.043652288,0.294849700656,0.731382431998,0.614933648606,0.612686207723,0.782742746835
2326,19.213409106,9.185499535,-16.597334389,21.296208375,25.551416338,-0.711607744654,-0.340203686487,0.614716088490,0.612686207723,0.782742746835
2327,-20.376465381,6.206703942,-16.591458186,21.300786728,163.059180388,0.754683903007,-0.229877923761,0.614498451348,0.612686207723,0.782742746835
2328,10.834730942,-18.344676196,-16.585579902,21.305364097,300.566944438,-0.401286331202,0.679432451698,0.614280737098,0.612686207723,0.782742746835
2329,4.403402969,20.850026515,-16.579699533,21.309940483,78.074708488,-0.163088998847,-0.772223204277,0.614062945658,0.612686207723,0.782742746835
2330,-17.334643932,-12.402367002,-16.573817078,21.314515887,215.582472538,0.642023849321,0.459346925985,0.613845076946,0.612686207723,0.782742746835
2331,21.164246680,-2.564814619,-16.567932534,21.319090308,353.090236588,-0.783860988143,0.094993134045,0.613627130880,0.612686207723,0.782742746835
2332,-13.876325604,16.190930281,-16.562045899,21.323663748,130.598000638,0.513937985315,-0.599664084499,0.613409107376,0.612686207723,0.782742746835
2333,-0.704996759,-21.316581323,-16.556157172,21.328236207,268.105764688,0.026110991075,0.789503011946,0.613191006354,0.612686207723,0.782742746835
2334,14.922184185,15.245232138,-16.550266349,21.332807686,45.613528738,-0.552673488318,-0.564638227343,0.612972827728,0.612686207723,0.782742746835
2335,-21.305724273,-1.161817995,-16.544373428,21.337378186,183.121292788,0.789100899012,0.043030296118,0.612754571418,0.612686207723,0.782742746835
2336,16.498507276,-13.538020151,-16.538478408,21.341947707,320.629056838,-0.611055825048,0.501408153724,0.612536237340,0.612686207723,0.782742746835
2337,-3.021331205,21.131618816,-16.532581286,21.346516250,98.136820888,0.111901155737,-0.782652548727,0.612317825410,0.612686207723,0.782742746835
2338,-12.048945401,-17.626448729,-16.526682060,21.351083815,235.644584938,0.446257237087,0.652831434424,0.612099335546,0.612686207723,0.782742746835
2339,20.795459191,4.859288136,-16.520780727,21.355650404,13.152348988,-0.770202192278,-0.179973634665,0.611880767663,0.612686207723,0.782742746835
2340,-18.620306360,10.466280109,-16.514877285,21.360216016,150.660113039,0.689640976283,-0.387640004044,0.611662121679,0.612686207723,0.782742746835
2341,6.661587043,-20.299682520,-16.508971733,21.364780652,288.167877089,-0.246725446040,0.751840093317,0.611443397509,0.612686207723,0.782742746835
2342,8.802071335,19.472350054,-16.503064067,21.369344314,65.675641139,-0.326002642026,-0.721198150146,0.611224595070,0.612686207723,0.782742746835
2343,-19.647951180,-8.414387376,-16.497154285,21.373907001,203.183405189,0.727701895556,0.311643976879,0.611005714277,0.612686207723,0.782742746835
2344,20.175929839,-7.069001321,-16.491242386,21.378468714,340.691169239,-0.747256660721,0.261814863729,0.610786755046,0.612686207723,0.782742746835
2345,-10.104216074,18.845125793,-16.485328367,21.383029454,118.198933289,0.374230224964,-0.697967621974,0.610567717292,0.612686207723,0.782742746835
2346,-5.280290839,-20.725527771,-16.479412225,21.387589222,255.706697339,0.195566327360,0.767612139653,0.610348600932,0.612686207723,0.782742746835
2347,17.897228991,11.718071139,-16.473493959,21.392148017,33.214461389,-0.662860333017,-0.434002634775,0.610129405881,0.612686207723,0.782742746835
2348,-21.116801184,3.449598326,-16.467573565,21.396705841,170.722225439,0.782103747566,-0.127762900961,0.609910132053,0.612686207723,0.782742746835
2349,13.243521680,-16.811400253,-16.461651043,21.401262695,308.229989489,-0.490500802966,0.622644453800,0.609690779364,0.612686207723,0.782742746835
2350,1.590915581,21.346616983,-16.455726389,21.405818579,85.737753539,-0.058922799307,-0.790615443828,0.609471347729,0.612686207723,0.782742746835
2351,-15.595842136,-14.668803672,-16.449799601,21.410373493,223.245517589,0.577623782823,0.543289024879,0.609251837062,0.612686207723,0.782742746835
2352,21.413076679,0.281539182,-16.443870676,21.414927438,0.753281639,-0.793076914040,-0.010427377128,0.609032247277,0.612686207723,0.782742746835
2353,-15.982910679,14.259758325,-16.437939614,21.419480415,138.261045689,0.591959654770,-0.528139197221,0.608812578290,0.612686207723,0.782742746835
2354,2.153430112,-21.315531991,-16.432006410,21.424032425,275.768809739,-0.079756670832,0.789464147833,0.608592830014,0.612686207723,0.782742746835
2355,12.813283940,17.175678853,-16.426071064,21.428583467,53.276573789,-0.474566071865,-0.636136253824,0.608373002364,0.612686207723,0.782742746835
2356,-21.054590881,-4.010413484,-16.420133572,21.433133543,190.784337839,0.779799662260,0.148533832755,0.608153095253,0.612686207723,0.782742746835
2357,18.237865545,-11.267408660,-16.414193932,21.437682654,328.292101889,-0.675476501672,0.417311431861,0.607933108595,0.612686207723,0.782742746835
2358,-5.838247624,20.632113957,-16.408252142,21.442230799,105.799865939,0.216231393481,-0.764152368763,0.607713042305,0.612686207723,0.782742746835
2359,-9.633893221,-19.161220919,-16.402308200,21.446777980,243.307629989,0.356810860040,0.709674848864,0.607492896294,0.612686207723,0.782742746835
2360,20.051201280,7.622902140,-16.396362103,21.451324197,20.815394039,-0.742637084427,-0.282329708896,0.607272670477,0.612686207723,0.782742746835
2361,-19.938552024,7.925179940,-16.390413849,21.455869450,158.323158089,0.738464889760,-0.293525182945,0.607052364767,0.612686207723,0.782742746835
2362,9.350665631,-19.316169657,-16.384463435,21.460413741,295.830922139,-0.346320949303,0.715413690982,0.606831979076,0.612686207723,0.782742746835
2363,6.154297934,20.563778810,-16.378510860,21.464957070,73.338686189,-0.227936960530,-0.761621437418,0.606611513318,0.612686207723,0.782742746835
2364,-18.432520587,-11.008251037,-16.372556120,21.469499438,210.846450239,0.682685947683,0.407713001370,0.606390967405,0.612686207723,0.782742746835
2365,21.031981676,-4.334763770,-16.366599214,21.474040844,348.354214289,-0.778962284309,0.160546806301,0.606170341250,0.612686207723,0.782742746835
2366,-12.582897829,17.406899106,-16.360640139,21.478581291,125.861978340,0.466033252918,-0.644699966887,0.605949634765,0.612686207723,0.782742746835
2367,-2.480478281,-21.339440148,-16.354678892,21.483120777,263.369742390,0.091869565973,0.790349635108,0.605728847862,0.612686207723,0.782742746835
2368,16.247043821,14.062470249,-16.348715472,21.487659305,40.877506440,-0.601742363723,-0.520832231442,0.605507980453,0.612686207723,0.782742746835
2369,-21.483662408,0.605620363,-16.342749876,21.492196874,178.385270490,0.795691200296,-0.022430383821,0.605287032451,0.612686207723,0.782742746835
2370,15.435550846,-14.961728532,-16.336782102,21.496733486,315.893034540,-0.571687068359,0.554138093762,0.605066003766,0.612686207723,0.782742746835
2371,-1.275461457,21.463405431,-16.330812146,21.501269140,93.400798590,0.047239313239,-0.794940941901,0.604844894311,0.612686207723,0.782742746835
2372,-13.560695865,-16.691528581,-16.324840008,21.505803838,230.908562640,0.502247994998,0.618204762264,0.604623703997,0.612686207723,0.782742746835
2373,21.278685565,3.148358844,-16.318865684,21.510337580,8.416326690,-0.788099465379,-0.116605883104,0.604402432735,0.612686207723,0.782742746835
2374,-17.820680833,12.054583424,-16.312889172,21.514870366,145.924090740,0.660025216032,-0.446466052737,0.604181080435,0.612686207723,0.782742746835
2375,4.998714021,-20.930779467,-16.306910469,21.519402198,283.431854790,-0.185137556348,0.775214054319,0.603959647010,0.612686207723,0.782742746835
2376,10.454843019,18.814248655,-16.300929574,21.523933075,60.939618840,-0.387216408117,-0.696824024275,0.603738132370,0.612686207723,0.782742746835
2377,-20.422215380,-6.812329856,-16.294946483,21.528462999,198.447382890,0.756378347417,0.252308513176,0.603516536425,0.612686207723,0.782742746835
2378,19.664504719,-8.773653591,-16.288961195,21.532991970,335.955146940,-0.728314989599,0.324950132986,0.603294859085,0.612686207723,0.782742746835
2379,-8.575278792,19.756754817,-16.282973707,21.537519989,113.462910990,0.317602918217,-0.731731659887,0.603073100261,0.612686207723,0.782742746835
2380,-7.023828482,-20.364813399,-16.276984016,21.542047055,250.970675040,0.260141795643,0.754252348117,0.602851259864,0.612686207723,0.782742746835
2381,18.939364764,10.274009819,-16.270992121,21.546573171,28.478439090,-0.701457954212,-0.380518882176,0.602629337802,0.612686207723,0.782742746835
2382,-20.909682548,5.218717778,-16.264998018,21.551098336,165.986203140,0.774432686950,-0.193285843619,0.602407333986,0.612686207723,0.782742746835
2383,11.895452638,-17.976180632,-16.259001705,21.555622551,303.493967190,-0.440572319932,0.665784467833,0.602185248326,0.612686207723,0.782742746835
2384,3.372106438,21.294806546,-16.253003180,21.560145817,81.001731240,-0.124892831040,-0.788696538723,0.601963080730,0.612686207723,0.782742746835
2385,-16.874460216,-13.427118236,-16.247002440,21.564668134,218.509495290,0.624980008008,0.497300675415,0.601740831108,0.612686207723,0.782742746835
2386,21.517100296,-1.498109023,-16.240999483,21.569189502,356.017259340,-0.796929640593,0.055485519384,0.601518499369,0.612686207723,0.782742746835
2387,-14.857195084,15.642529019,-16.234994306,21.573709924,133.525023390,0.550266484597,-0.579352926622,0.601296085422,0.612686207723,0.782742746835
2388,0.388938202,-21.574723892,-16.228986908,21.578229398,271.032787440,-0.014405118601,0.799063847858,0.601073589175,0.612686207723,0.782742746835
2389,14.289717336,16.174640227,-16.222977285,21.582747926,48.540551490,-0.529248790219,-0.599060749162,0.600851010538,0.612686207723,0.782742746835
2390,-21.467097761,-2.274586954,-16.216965434,21.587265508,186.048315540,0.795077694861,0.084243961261,0.600628349419,0.612686207723,0.782742746835
2391,17.369264560,-12.826289597,-16.210951355,21.591782145,323.556079590,-0.643306094817,0.475047762847,0.600405605725,0.612686207723,0.782742746835
2392,-4.144387561,21.194908162,-16.204935043,21.596297837,101.063843640,0.153495835596,-0.784996598597,0.600182779365,0.612686207723,0.782742746835
2393,-11.263366482,-18.431811626,-16.198916497,21.600812585,238.571607691,0.417161721542,0.682659689870,0.599959870247,0.612686207723,0.782742746835
2394,20.760102985,5.983999704,-16.192895714,21.605326390,16.079371741,-0.768892703157,-0.221629618655,0.599736878279,0.612686207723,0.782742746835
2395,-19.354029341,9.612840411,-16.186872691,21.609839252,153.587135791,0.716815901504,-0.356031126340,0.599513803367,0.612686207723,0.782742746835
2396,7.779302405,-20.165877880,-16.180847426,21.614351172,291.094899841,-0.288122311301,0.746884365911,0.599290645421,0.612686207723,0.782742746835
2397,7.887285052,20.128734067,-16.174819917,21.618862150,68.602663891,-0.292121668597,-0.745508669156,0.599067404345,0.612686207723,0.782742746835
2398,-19.416652805,-9.516502435,-16.168790161,21.623372187,206.110427941,0.719135289057,0.352463053131,0.598844080049,0.612686207723,0.782742746835
2399,20.749866568,-6.099859525,-16.162758156,21.627881283,343.618191991,-0.768513576581,0.225920723131,0.598620672438,0.612686207723,0.782742746835
2400,-11.182240288,18.518039179,-16.156723898,21.632389440,121.125956041,0.414157047696,-0.685853302910,0.598397181420,0.612686207723,0.782742746835
2401,-4.264208043,-21.212539375,-16.150687386,21.636896657,258.633720091,0.157933631209,0.785649606467,0.598173606900,0.612686207723,0.782742746835
2402,17.476797869,12.763692933,-16.144648617,21.641402936,36.141484141,-0.647288809952,-0.472729367883,0.597949948785,0.612686207723,0.782742746835
2403,-21.513075225,2.394355754,-16.138607589,21.645908276,173.649248191,0.796780563881,-0.088679842740,0.597726206982,0.612686207723,0.782742746835
2404,14.248672529,-16.300788335,-16.132564298,21.650412679,311.157012241,-0.527728612178,0.603732901303,0.597502381395,0.612686207723,0.782742746835
2405,0.504601572,21.649036249,-16.126518742,21.654916145,88.664776291,-0.018688947113,-0.801816157372,0.597278471932,0.612686207723,0.782742746835
2406,-14.998909314,-15.625720359,-16.120470919,21.659418675,226.172540341,0.555515159766,0.578730383664,0.597054478498,0.612686207723,0.782742746835
2407,21.619243687,1.390591178,-16.114420827,21.663920269,3.680304391,-0.800712729139,-0.051503376975,0.596830400998,0.612686207723,0.782742746835
2408,-16.884195253,13.581031483,-16.108368462,21.668420927,141.188068441,0.625340564936,-0.503001166033,0.596606239337,0.612686207723,0.782742746835
2409,3.276705467,-21.423787967,-16.102313822,21.672920652,278.695832491,-0.121359461734,0.793473628403,0.596381993420,0.612686207723,0.782742746835
2410,12.057922627,18.014355819,-16.096256905,21.677419442,56.203596541,-0.446589726910,-0.667198363669,0.596157663153,0.612686207723,0.782742746835
2411,-21.064029070,-5.139281767,-16.090197708,21.681917298,193.711360591,0.780149224797,0.190343769142,0.595933248441,0.612686207723,0.782742746835
2412,19.007435843,-10.441165858,-16.084136228,21.686414222,331.219124641,-0.703979105294,0.386709846592,0.595708749187,0.612686207723,0.782742746835
2413,-6.964028916,20.542587158,-16.078072463,21.690910213,108.726888691,0.257926996906,-0.760836561391,0.595484165296,0.612686207723,0.782742746835
2414,-8.743071527,-19.855712282,-16.072006410,21.695405273,246.234652741,0.323817463975,0.735396751180,0.595259496673,0.612686207723,0.782742746835
2415,19.863323542,8.736933781,-16.065938067,21.699899401,23.742416791,-0.735678649706,-0.323590140034,0.595034743220,0.612686207723,0.782742746835
2416,-20.552565315,6.976583482,-16.059867431,21.704392599,161.250180841,0.761206122772,-0.258391980825,0.594809904844,0.612686207723,0.782742746835
2417,10.444368875,-19.031312119,-16.053794499,21.708884867,298.757944891,-0.386828476852,0.704863411830,0.594584981445,0.612686207723,0.782742746835
2418,5.155180396,21.092529989,-16.047719269,21.713376206,76.265708941,-0.190932607251,-0.781204814416,0.594359972930,0.612686207723,0.782742746835
2419,-18.052801491,-12.073197119,-16.041641738,21.717866616,213.773472991,0.668622277437,0.447155448847,0.594134879200,0.612686207723,0.782742746835
2420,21.471339058,-3.292772913,-16.035561904,21.722356097,351.281237042,-0.795234779939,0.121954552326,0.593909700158,0.612686207723,0.782742746835
2421,-13.610872922,16.935168047,-16.029479764,21.726844651,128.789001092,0.504106404514,-0.627228446203,0.593684435709,0.612686207723,0.782742746835
2422,-1.403597401,-21.685956675,-16.023395315,21.731332278,266.296765142,0.051985088942,0.803183580550,0.593459085753,0.612686207723,0.782742746835
2423,15.686860373,15.045538817,-16.017308555,21.735818978,43.804529192,-0.580994828633,-0.557242178391,0.593233650195,0.612686207723,0.782742746835
2424,-21.734602674,-0.497892880,-16.011219481,21.740304752,181.312293242,0.804985284227,0.018440477047,0.593008128936,0.612686207723,0.782742746835
2425,16.366116899,-14.317335383,-16.005128091,21.744789601,318.820057292,-0.606152477726,0.530271680841,0.592782521879,0.612686207723,0.782742746835
2426,-2.397138370,21.616767254,-15.999034381,21.749273525,96.327821342,0.088782902582,-0.800621009407,0.592556828925,0.612686207723,0.782742746835
2427,-12.836986681,-17.562394367,-15.992938349,21.753756525,233.835585392,0.475443951144,0.650459050636,0.592331049976,0.612686207723,0.782742746835
2428,21.333215930,4.279584691,-15.986839993,21.758238601,11.343349442,-0.790119108507,-0.158503136706,0.592105184935,0.612686207723,0.782742746835
2429,-18.625102506,11.257065682,-15.980739310,21.762719754,148.851113492,0.689818611322,-0.416928358578,0.591879233702,0.612686207723,0.782742746835
2430,6.130794199,-20.885984719,-15.974636297,21.767199985,286.358877542,-0.227066451804,0.773554989588,0.591653196178,0.612686207723,0.782742746835
2431,9.589596089,19.545988492,-15.968530951,21.771679294,63.866641592,-0.355170225505,-0.723925499693,0.591427072265,0.612686207723,0.782742746835
2432,-20.278365585,-7.936556718,-15.962423270,21.776157681,201.374405642,0.751050577223,0.293946545114,0.591200861864,0.612686207723,0.782742746835
2433,20.317879480,-7.847282387,-15.956313252,21.780635147,338.882169692,-0.752514054811,0.290640088394,0.590974564875,0.612686207723,0.782742746835
2434,-9.682998634,19.514882243,-15.950200892,21.785111693,116.389933742,0.358629579035,-0.722773416398,0.590748181199,0.612686207723,0.782742746835
2435,-6.043413039,-20.934738460,-15.944086190,21.789587320,253.897697792,0.223830112558,0.775360683722,0.590521710736,0.612686207723,0.782742746835
2436,18.601256503,11.356689489,-15.937969141,21.794062027,31.405461842,-0.688935426042,-0.420618129226,0.590295153386,0.612686207723,0.782742746835
2437,-21.391711458,4.191759131,-15.931849744,21.798535816,168.913225892,0.792285609564,-0.155250338181,0.590068509049,0.612686207723,0.782742746835
2438,12.944745274,-17.544365409,-15.925727996,21.803008687,306.420989942,-0.479435010152,0.649791311429,0.589841777626,0.612686207723,0.782742746835
2439,2.306469229,21.685165703,-15.919603893,21.807480640,83.928753992,-0.085424786262,-0.803154285302,0.589614959014,0.612686207723,0.782742746835
2440,-16.352189479,-14.434927614,-15.913477434,21.811951677,221.436518042,0.605636647353,0.534626948657,0.589388053114,0.612686207723,0.782742746835
2441,21.812718473,-0.401961264,-15.907348615,21.816421797,358.944282092,-0.807878461956,0.014887454210,0.589161059825,0.612686207723,0.782742746835
2442,-15.815738086,15.033752455,-15.901217434,21.820891002,136.452046142,0.585768077273,-0.556805646499,0.588933979046,0.612686207723,0.782742746835
2443,1.507187744,-21.773256378,-15.895083888,21.825359291,273.959810192,-0.055821768302,0.806416902879,0.588706810675,0.612686207723,0.782742746835
2444,13.599053006,17.076506950,-15.888947975,21.829826666,51.467574242,-0.503668629853,-0.632463220358,0.588479554612,0.612686207723,0.782742746835
2445,-21.566944934,-3.406353264,-15.882809690,21.834293127,188.975338292,0.798775738293,0.126161231991,0.588252210754,0.612686207723,0.782742746835
2446,18.207475588,-12.058988894,-15.876669033,21.838758674,326.483102343,-0.674350947685,0.446629218300,0.588024778999,0.612686207723,0.782742746835
2447,-5.280975292,21.195228342,-15.870526000,21.843223308,103.990866393,0.195591677490,-0.785008457100,0.587797259246,0.612686207723,0.782742746835
2448,-10.425274201,-19.199872041,-15.864380588,21.847687030,241.498630443,0.386121266700,0.711106371905,0.587569651393,0.612686207723,0.782742746835
2449,20.660819464,7.116669989,-15.858232794,21.852149840,19.006394493,-0.765215535703,-0.263580369945,0.587341955337,0.612686207723,0.782742746835
2450,-20.045979042,8.710350221,-15.852082616,21.856611739,156.514158543,0.742443668220,-0.322605563747,0.587114170975,0.612686207723,0.782742746835
2451,8.899340049,-19.967680073,-15.845930052,21.861072728,294.021922593,-0.329605186988,0.739543706410,0.586886298204,0.612686207723,0.782742746835
2452,6.927290713,20.739194012,-15.839775097,21.865532806,71.529686643,-0.256566322697,-0.768118296734,0.586658336922,0.612686207723,0.782742746835
2453,-19.120991510,-10.615282975,-15.833617750,21.869991974,209.037450693,0.708184870727,0.393158628714,0.586430287026,0.612686207723,0.782742746835
2454,21.274080575,-5.089702222,-15.827458007,21.874450234,346.545214743,-0.787928910196,0.188507489708,0.586202148411,0.612686207723,0.782742746835
2455,-12.251296409,18.127115970,-15.821295866,21.878907585,124.052978793,0.453751718857,-0.671374665572,0.585973920974,0.612686207723,0.782742746835
2456,-3.211620244,-21.646411171,-15.815131325,21.883364028,261.560742843,0.118948897926,0.801718932270,0.585745604612,0.612686207723,0.782742746835
2457,16.993548715,13.794779714,-15.808964379,21.887819564,39.068506893,-0.629390693130,-0.510917767177,0.585517199221,0.612686207723,0.782742746835
2458,-21.853200437,1.307402010,-15.802795027,21.892274193,176.576270943,0.809377793951,-0.048422296679,0.585288704695,0.612686207723,0.782742746835
2459,15.233831031,-15.728861546,-15.796623265,21.896727916,314.084034993,-0.564215964115,0.582550427631,0.585060120931,0.612686207723,0.782742746835
2460,-0.608383275,21.892729096,-15.790449091,21.901180733,91.591799043,0.022532713887,-0.810841818384,0.584831447825,0.612686207723,0.782742746835
2461,-14.342638001,-16.557339060,-15.784272502,21.905632645,229.099563093,0.531208814842,0.613234780006,0.584602685270,0.612686207723,0.782742746835
2462,21.764558169,2.521065915,-15.778093495,21.910083652,6.607327143,-0.806094747010,-0.093372811655,0.584373833163,0.612686207723,0.782742746835
2463,-17.755068852,12.845400725,-15.771912068,21.914533756,144.115091193,0.657595142664,-0.475755582415,0.584144891398,0.612686207723,0.782742746835
2464,4.415988058,-21.469533373,-15.765728216,21.918982956,281.622855243,-0.163555113262,0.795167902722,0.583915859870,0.612686207723,0.782742746835
2465,11.248531600,18.817740957,-15.759541939,21.923431252,59.130619293,-0.416612281480,-0.696953368779,0.583686738472,0.612686207723,0.782742746835
2466,-21.009779689,-6.278616041,-15.753353232,21.927878647,196.638383343,0.778139988473,0.232541334844,0.583457527099,0.612686207723,0.782742746835
2467,19.737103315,-9.564185212,-15.747162092,21.932325140,334.146147393,-0.731003826477,0.354229081933,0.583228225645,0.612686207723,0.782742746835
2468,-8.094651864,20.388686110,-15.740968518,21.936770731,111.653911443,0.299801920901,-0.755136522607,0.582998834003,0.612686207723,0.782742746835
2469,-7.805196336,-20.505995327,-15.734772506,21.941215422,249.161675493,0.289081345784,0.759481308401,0.582769352068,0.612686207723,0.782742746835
2470,19.610880703,9.850142960,-15.728574053,21.945659212,26.669439543,-0.726328914916,-0.364820109624,0.582539779732,0.612686207723,0.782742746835
2471,-21.118403616,5.984982126,-15.722373156,21.950102103,164.177203593,0.782163096898,-0.221666004654,0.582310116889,0.612686207723,0.782742746835
2472,11.531589393,-18.682196137,-15.716169813,21.954544095,301.684967643,-0.427095903453,0.691933190245,0.582080363431,0.612686207723,0.782742746835
2473,4.117439764,21.569509041,-15.709964020,21.958985188,79.192731694,-0.152497769025,-0.798870705240,0.581850519251,0.612686207723,0.782742746835
2474,-17.609625966,-13.126047688,-15.703755775,21.963425383,216.700495744,0.652208369112,0.486149914376,0.581620584241,0.612686207723,0.782742746835
2475,21.855724594,-2.216840351,-15.697545074,21.967864681,354.208259794,-0.809471281245,0.082105198167,0.581390558294,0.612686207723,0.782742746835
2476,-14.621230468,16.401271973,-15.691331915,21.972303082,131.716023844,0.541527054375,-0.607454517512,0.581160441302,0.612686207723,0.782742746835
2477,-0.297719840,-21.974723882,-15.685116295,21.976740586,269.223787894,0.011026660735,0.813878662307,0.580930233156,0.612686207723,0.782742746835
2478,15.066282975,16.005601151,-15.678898211,21.981177195,46.731551944,-0.558010480553,-0.592800042626,0.580699933748,0.612686207723,0.782742746835
2479,-21.925459982,-1.625232143,-15.672677660,21.985612908,184.239315994,0.812054073424,0.060193783060,0.580469542970,0.612686207723,0.782742746835
2480,17.268462965,-13.614785561,-15.666454639,21.990047727,321.747080044,-0.639572702410,0.504251317059,0.580239060712,0.612686207723,0.782742746835
2481,-3.537284748,21.708174491,-15.660229145,21.994481651,99.254844094,0.131010546238,-0.804006462622,0.580008486866,0.612686207723,0.782742746835
2482,-12.057807273,-18.400041602,-15.654001176,21.998914682,236.762608144,0.446585454561,0.681483022296,0.579777821322,0.612686207723,0.782742746835
2483,21.324396714,5.423778762,-15.647770727,22.003346820,14.270372194,-0.789792470881,-0.200880694895,0.579547063971,0.612686207723,0.782742746835
2484,-19.391560865,10.407192829,-15.641537797,22.007778065,151.778136244,0.718205957955,-0.385451586246,0.579316214704,0.612686207723,0.782742746835
2485,7.270238999,-20.776932986,-15.635302382,22.012208418,289.285900294,-0.269268111082,0.769516036529,0.579085273409,0.612686207723,0.782742746835
2486,8.675514003,20.235310728,-15.629064479,22.016637879,66.793664344,-0.321315333454,-0.749455952907,0.578854239977,0.612686207723,0.782742746835
2487,-20.069846194,-9.062485383,-15.622824086,22.021066450,204.301428394,0.743327636814,0.335647606796,0.578623114298,0.612686207723,0.782742746835
2488,20.924707284,-6.875973876,-15.616581199,22.025494130,341.809192444,-0.774989158659,0.254665699103,0.578391896261,0.612686207723,0.782742746835
2489,-10.786741853,19.208425649,-15.610335815,22.029920920,119.316956494,0.399508957522,-0.711423172196,0.578160585756,0.612686207723,0.782742746835
2490,-5.022306155,-21.454344098,-15.604087932,22.034346821,256.824720544,0.186011339070,0.794605336979,0.577929182670,0.612686207723,0.782742746835
2491,18.199147543,12.429742257,-15.597837546,22.038771832,34.332484594,-0.674042501611,-0.460360824332,0.577697686894,0.612686207723,0.782742746835
2492,-21.820034596,3.128670358,-15.591584655,22.043195956,171.840248644,0.808149429463,-0.115876679944,0.577466098315,0.612686207723,0.782742746835
2493,13.978832429,-17.049626271,-15.585329254,22.047619192,309.348012694,-0.517734534392,0.631467639658,0.577234416822,0.612686207723,0.782742746835
2494,1.209543646,22.018845117,-15.579071342,22.052041541,86.855776744,-0.044797912802,-0.815512782110,0.577002642303,0.612686207723,0.782742746835
2495,-15.768556990,-15.422067651,-15.572810915,22.056463003,224.363540794,0.584020629260,0.571187690794,0.576770774645,0.612686207723,0.782742746835
2496,22.049118411,0.720389873,-15.566547971,22.060883579,1.871304844,-0.816634015221,-0.026681106398,0.576538813737,0.612686207723,0.782742746835
2497,-16.748304765,14.365649858,-15.560282506,22.065303269,139.379068894,0.620307583906,-0.532061105835,0.576306759466,0.612686207723,0.782742746835
2498,2.646351498,-21.910487356,-15.554014516,22.069722074,276.886832944,-0.098013018453,0.811499531699,0.576074611718,0.612686207723,0.782742746835
2499,12.851556428,17.947288204,-15.547744000,22.074139995,54.394596995,-0.475983571406,-0.664714377929,0.575842370382,0.612686207723,0.782742746835
2500,-21.603878807,-4.553581124,-15.541470954,22.078557031,191.902361045,0.800143659535,0.168651152736,0.575610035343,0.612686207723,0.782742746835
2501,19.009729297,-11.237788781,-15.535195375,22.082973184,329.410125095,-0.704064048053,0.416214399308,0.575377606488,0.612686207723,0.782742746835
2502,-6.427450362,21.131507532,-15.528917260,22.087388454,106.917889145,0.238053717094,-0.782648427117,0.575145083704,0.612686207723,0.782742746835
2503,-9.536631990,-19.927378229,-15.522636606,22.091802842,244.425653195,0.353208592239,0.738051045524,0.574912466876,0.612686207723,0.782742746835
2504,20.496860265,8.253574750,-15.516353409,22.096216348,21.933417245,-0.759142972783,-0.305687953710,0.574679755890,0.612686207723,0.782742746835
2505,-20.693088089,7.761050594,-15.510067667,22.100628972,159.441181295,0.766410669945,-0.287446318301,0.574446950632,0.612686207723,0.782742746835
2506,10.017924184,-19.704670007,-15.503779377,22.105040716,296.948945345,-0.371034229049,0.729802592845,0.574214050987,0.612686207723,0.782742746835
2507,5.924589788,21.300870521,-15.497488535,22.109451579,74.456709395,-0.219429251400,-0.788921130417,0.573981056840,0.612686207723,0.782742746835
2508,-18.760880748,-11.706930715,-15.491195138,22.113861562,211.964473445,0.694847435099,0.433590026481,0.573747968077,0.612686207723,0.782742746835
2509,21.745942546,-4.041272086,-15.484899184,22.118270666,349.472237495,-0.805405279470,0.149676743917,0.573514784581,0.612686207723,0.782742746835
2510,-13.307592895,17.672602884,-15.478600668,22.122678892,126.980001545,0.492873810909,-0.654540847562,0.573281506237,0.612686207723,0.782742746835
2511,-2.125490242,-22.024764168,-15.472299589,22.127086239,264.487765595,0.078721860825,0.815732006222,0.573048132929,0.612686207723,0.782742746835
2512,16.448059659,14.807575863,-15.465995943,22.131492708,41.995529645,-0.609187394786,-0.548428735680,0.572814664542,0.612686207723,0.782742746835
2513,-22.135066501,0.191897250,-15.459689726,22.135898301,179.503293695,0.819817277833,-0.007107305559,0.572581100959,0.612686207723,0.782742746835
2514,16.195306407,-15.096525032,-15.453380936,22.140303016,317.011057745,-0.599826163231,0.559130556729,0.572347442063,0.612686207723,0.782742746835
2515,-1.744705743,22.075870166,-15.447069569,22.144706856,94.518821795,0.064618731227,-0.817624820978,0.572113687737,0.612686207723,0.782742746835
2516,-13.628253443,-17.460062253,-15.440755622,22.149109820,232.026585845,0.504750127535,0.646668972347,0.571879837865,0.612686207723,0.782742746835
2517,21.847493822,3.669482743,-15.434439093,22.153511909,9.534349895,-0.809166437837,-0.135906768267,0.571645892330,0.612686207723,0.782742746835
2518,-18.592054916,12.054402016,-15.428119977,22.157913123,147.042113945,0.688594626513,-0.446459333937,0.571411851013,0.612686207723,0.782742746835
2519,5.567676575,-21.451552755,-15.421798273,22.162313463,284.549877995,-0.206210243510,0.794501953889,0.571177713797,0.612686207723,0.782742746835
2520,10.386945769,19.582505450,-15.415473975,22.166712930,62.057642045,-0.384701695145,-0.725277979642,0.570943480564,0.612686207723,0.782742746835
2521,-20.890947535,-7.424722033,-15.409147082,22.171111524,199.565406095,0.773738797609,0.274989704925,0.570709151197,0.612686207723,0.782742746835
2522,20.423712532,-8.638586498,-15.402817591,22.175509245,337.073170145,-0.756433797479,0.319947648079,0.570474725575,0.612686207723,0.782742746835
2523,-9.226357654,20.169842805,-15.396485497,22.179906094,114.580934195,0.341716950139,-0.747031215015,0.570240203581,0.612686207723,0.782742746835
2524,-6.822656018,-21.109112328,-15.390150798,22.184302072,252.088698245,0.252690963628,0.781818975121,0.570005585096,0.612686207723,0.782742746835
2525,19.293636369,10.958735245,-15.383813490,22.188697179,29.596462296,-0.714579124775,-0.405879083144,0.569770870001,0.612686207723,0.782742746835
2526,-21.633329702,4.953014493,-15.377473571,22.193091416,167.104226346,0.801234433419,-0.183444981237,0.569536058176,0.612686207723,0.782742746835
2527,12.608526337,-18.268918804,-15.371131037,22.197484782,304.611990396,-0.466982456911,0.676626622381,0.569301149501,0.612686207723,0.782742746835
2528,3.043944645,21.992220346,-15.364785884,22.201877280,82.119754446,-0.112738690541,-0.814526679472,0.569066143856,0.612686207723,0.782742746835
2529,-17.103423903,-14.163024733,-15.358438110,22.206268908,219.627518496,0.633460144567,0.524556471603,0.568831041122,0.612686207723,0.782742746835
2530,22.182903513,-1.110042629,-15.352087712,22.210659668,357.135282546,-0.821589018987,0.041112689949,0.568595841178,0.612686207723,0.782742746835
2531,-15.610244378,15.805970310,-15.345734685,22.215049560,134.643046596,0.578157199169,-0.585406307776,0.568360543903,0.612686207723,0.782742746835
2532,0.833893567,-22.203785095,-15.339379028,22.219438585,272.150810646,-0.030884946931,0.822362410940,0.568125149176,0.612686207723,0.782742746835
2533,14.386394799,16.939011772,-15.333020736,22.223826743,49.658574696,-0.532829436983,-0.627370806380,0.567889656876,0.612686207723,0.782742746835
2534,-22.054570858,-2.772977367,-15.326659806,22.228214035,187.166338746,0.816835957696,0.102702865429,0.567654066881,0.612686207723,0.782742746835
2535,18.139052248,-12.855477696,-15.320296235,22.232600461,324.674102796,-0.671816749942,0.476128803570,0.567418379071,0.612686207723,0.782742746835
2536,-4.692347615,21.736269717,-15.313930020,22.236986022,102.181866846,0.173790652404,-0.805047026557,0.567182593322,0.612686207723,0.782742746835
2537,-11.224861016,-19.201069413,-15.307561157,22.241370718,239.689630896,0.415735593198,0.711150718990,0.566946709514,0.612686207723,0.782742746835
2538,21.251187041,6.577282484,-15.301189643,22.245754550,17.197394946,-0.787081001504,-0.243603054954,0.566710727523,0.612686207723,0.782742746835
2539,-20.116817160,9.506959921,-15.294815475,22.250137518,154.705158996,0.745067302222,-0.352109626692,0.566474647226,0.612686207723,0.782742746835
2540,8.413312398,-20.602908002,-15.288438650,22.254519623,292.212923046,-0.311604162905,0.763070666747,0.566238468501,0.612686207723,0.782742746835
2541,7.714868190,20.879163694,-15.282059163,22.258900865,69.720687096,-0.285735858898,-0.773302359022,0.566002191224,0.612686207723,0.782742746835
2542,-19.796271116,-10.186331121,-15.275677012,22.263281245,207.228451146,0.733195226528,0.377271522997,0.565765815273,0.612686207723,0.782742746835
2543,21.482147056,-5.862258418,-15.269292194,22.267660764,344.736215196,-0.795635076147,0.217120682140,0.565529340523,0.612686207723,0.782742746835
2544,-11.882704136,18.837332146,-15.262904705,22.272039421,122.243979246,0.440100153169,-0.697678968386,0.565292766850,0.612686207723,0.782742746835
2545,-3.963277687,-21.921021738,-15.256514542,22.276417217,259.751743296,0.146788062491,0.811889693984,0.565056094130,0.612686207723,0.782742746835
2546,17.733318656,13.489373505,-15.250121700,22.280794154,37.259507346,-0.656789579859,-0.499606426114,0.564819322238,0.612686207723,0.782742746835
2547,-22.192296000,2.032439534,-15.243726178,22.285170230,174.767271396,0.821936888878,-0.075275538310,0.564582451051,0.612686207723,0.782742746835
2548,14.993958390,-16.492575544,-15.237327972,22.289545448,312.275035446,-0.555331792222,0.610836131260,0.564345480442,0.612686207723,0.782742746835
2549,0.084513014,22.293759618,-15.230927078,22.293919807,89.782799496,-0.003130111626,-0.825694800665,0.564108410286,0.612686207723,0.782742746835
2550,-15.124501972,-16.384850458,-15.224523492,22.298293308,227.290563546,0.560166739701,0.606846313259,0.563871240458,0.612686207723,0.782742746835
2551,22.224501826,1.865590278,-15.218117212,22.302665951,4.798327597,-0.823129697265,-0.069095936233,0.563633970833,0.612686207723,0.782742746835
2552,-17.651303448,13.639480165,-15.211708235,22.307037737,142.306091647,0.653751979541,-0.505165932055,0.563396601283,0.612686207723,0.782742746835
2553,3.802930365,-21.984919315,-15.205296555,22.311408666,279.813855697,-0.140849272760,0.814256270940,0.563159131683,0.612686207723,0.782742746835
2554,12.048796623,18.783516196,-15.198882171,22.315778739,57.321619747,-0.446251726790,-0.695685785020,0.562921561906,0.612686207723,0.782742746835
2555,-21.576714219,-5.712653351,-15.192465079,22.320147957,194.829383797,0.799137563680,0.211579753749,0.562683891825,0.612686207723,0.782742746835
2556,19.772708486,-10.364556335,-15.186045275,22.324516319,332.337147847,-0.732322536512,0.383872456863,0.562446121312,0.612686207723,0.782742746835
2557,-7.580105325,21.002882093,-15.179622757,22.328883827,109.844911897,0.280744641672,-0.777884521978,0.562208250242,0.612686207723,0.782742746835
2558,-8.599590660,-20.611189134,-15.173197519,22.333250481,247.352675947,0.318503357780,0.763377375341,0.561970278485,0.612686207723,0.782742746835
2559,20.267689971,9.390944806,-15.166769560,22.337616281,24.860439997,-0.750655184126,-0.347812770588,0.561732205914,0.612686207723,0.782742746835
2560,-21.292415779,6.767359564,-15.160338875,22.341981228,162.368204047,0.788607991832,-0.250642946832,0.561494032401,0.612686207723,0.782742746835
2561,11.131252892,-19.376644661,-15.153905461,22.346345323,299.875968097,-0.412268625625,0.717653505978,0.561255757817,0.612686207723,0.782742746835
2562,4.881848968,21.811045917,-15.147469315,22.350708565,77.383732147,-0.180809221054,-0.807816515453,0.561017382033,0.612686207723,0.782742746835
2563,-18.336451515,-12.787640254,-15.141030433,22.355070956,214.891496197,0.679127833886,0.473616305714,0.560778904920,0.612686207723,0.782742746835
2564,22.162978778,-2.957463979,-15.134588811,22.359432495,352.399260247,-0.820851065857,0.109535702936,0.560540326349,0.612686207723,0.782742746835
2565,-14.347350155,17.154963979,-15.128144447,22.363793184,129.907024297,0.531383339086,-0.635369036243,0.560301646191,0.612686207723,0.782742746835
2566,-1.008918830,-22.345387722,-15.121697337,22.368153023,267.414788347,0.037367364062,0.827606952676,0.560062864315,0.612686207723,0.782742746835
2567,15.841124308,15.798356700,-15.115247476,22.372512012,44.922552397,-0.586708307696,-0.585124322205,0.559823980592,0.612686207723,0.782742746835
2568,-22.356742894,-0.948875639,-15.108794862,22.376870152,182.430316447,0.828027514601,0.035143542178,0.559584994890,0.612686207723,0.782742746835
2569,17.129457560,-14.404895890,-15.102339491,22.381227444,319.938080497,-0.634424354075,0.533514662582,0.559345907080,0.612686207723,0.782742746835
2570,-2.900926087,22.196823958,-15.095881360,22.385583887,97.445844547,0.107441706927,-0.822104591026,0.559106717029,0.612686207723,0.782742746835
2571,-12.857187688,-18.330360466,-15.089420464,22.389939483,234.953608597,0.476192136584,0.678902239478,0.558867424608,0.612686207723,0.782742746835
2572,21.866722804,4.832271511,-15.082956801,22.394294231,12.461372647,-0.809878622359,-0.178973018909,0.558628029684,0.612686207723,0.782742746835
2573,-19.391762782,11.209771381,-15.076490367,22.398648133,149.969136697,0.718213436373,-0.415176717801,0.558388532125,0.612686207723,0.782742746835
2574,6.728097913,-21.368836205,-15.070021159,22.403001189,287.476900747,-0.249188811605,0.791438377956,0.558148931800,0.612686207723,0.782742746835
2575,9.475191825,20.305423567,-15.063549172,22.407353399,64.984664797,-0.350933030562,-0.752052724701,0.557909228576,0.612686207723,0.782742746835
2576,-20.706848463,-8.573851944,-15.057074403,22.411704764,202.492428847,0.766920313445,0.317550072011,0.557669422320,0.612686207723,0.782742746835
2577,21.064227549,-7.666671524,-15.050596848,22.416055284,340.000192897,-0.780156575900,0.283950797197,0.557429512899,0.612686207723,0.782742746835
2578,-10.355352624,19.885704177,-15.044116505,22.420404960,117.507956948,0.383531578678,-0.736507562110,0.557189500181,0.612686207723,0.782742746835
2579,-5.798009827,-21.662240528,-15.037633369,22.424753793,255.015720998,0.214741104719,0.802305204752,0.556949384031,0.612686207723,0.782742746835
2580,18.911571329,12.058900306,-15.031147437,22.429101782,32.523485048,-0.700428567753,-0.446625937271,0.556709164316,0.612686207723,0.782742746835
2581,-22.094755765,3.883477631,-15.024658704,22.433448928,170.031249098,0.818324287584,-0.143832504870,0.556468840901,0.612686207723,0.782742746835
2582,13.671382031,-17.791794970,-15.018167169,22.437795233,307.539013148,-0.506347482638,0.658955369256,0.556228413652,0.612686207723,0.782742746835
2583,1.937708387,22.358331002,-15.011672826,22.442140695,85.046777198,-0.071766977303,-0.828086333394,0.555987882435,0.612686207723,0.782742746835
2584,-16.534841842,-15.180372469,-15.005175672,22.446485316,222.554541248,0.612401549713,0.562236017376,0.555747247114,0.612686207723,0.782742746835
2585,22.450815822,0.024413758,-14.998675704,22.450829097,0.062305298,-0.831511697129,-0.000904213273,0.555506507555,0.612686207723,0.782742746835
2586,-16.574229669,15.150236371,-14.992172918,22.455172037,137.570069348,0.613860358109,-0.561119865578,0.555265663621,0.612686207723,0.782742746835
2587,1.987867827,-22.371369131,-14.985667310,22.459514137,275.077833398,-0.073624734319,0.828569227065,0.555024715177,0.612686207723,0.782742746835
2588,13.648488492,17.842184879,-14.979158876,22.463855398,52.585597448,-0.505499573780,-0.660821662168,0.554783662086,0.612686207723,0.782742746835
2589,-22.120466608,-3.937611009,-14.972647614,22.468195821,190.093361498,0.819276541054,0.145837444785,0.554542504212,0.612686207723,0.782742746835
2590,18.974425743,-12.041013880,-14.966133518,22.472535405,327.601125548,-0.702756508983,0.445963477029,0.554301241419,0.612686207723,0.782742746835
2591,-5.858693926,21.699898089,-14.959616586,22.476874151,105.108889598,0.216988663923,-0.803699929221,0.554059873569,0.612686207723,0.782742746835
2592,-10.340047164,-19.962172235,-14.953096814,22.481212060,242.616653648,0.382964709763,0.739339712390,0.553818400525,0.612686207723,0.782742746835
2593,21.112754857,7.736375256,-14.946574198,22.485549131,20.124417698,-0.781953883586,-0.286532416882,0.553576822149,0.612686207723,0.782742746835
2594,-20.797744737,8.558548807,-14.940048734,22.489885367,157.632181748,0.770286842105,-0.316983289148,0.553335138303,0.612686207723,0.782742746835
2595,9.556234862,-20.363406964,-14.933520419,22.494220767,295.139945798,-0.353934624511,0.754200257910,0.553093348849,0.612686207723,0.782742746835
2596,6.710106350,21.474623739,-14.926989249,22.498555331,72.647709848,-0.248522457413,-0.795356434788,0.552851453649,0.612686207723,0.782742746835
2597,-19.457470726,-11.304284542,-14.920455219,22.502889060,210.155473898,0.720647063925,0.418677205247,0.552609452564,0.612686207723,0.782742746835
2598,21.987500694,-4.808830771,-14.913918327,22.507221955,347.663237948,-0.814351877538,0.178104843357,0.552367345453,0.612686207723,0.782742746835
2599,-12.967075554,18.401766649,-14.907378569,22.511554016,125.171001998,0.480262057547,-0.681546912910,0.552125132179,0.612686207723,0.782742746835
2600,-2.869248753,-22.332319626,-14.900835940,22.515885243,262.678766048,0.106268472339,0.827122949109,0.551882812601,0.612686207723,0.782742746835
2601,17.204268085,14.531802092,-14.894290438,22.520215638,40.186530098,-0.637195114249,-0.538214892280,0.551640386579,0.612686207723,0.782742746835
2602,-22.506309183,0.906191690,-14.887742057,22.524545199,177.694294148,0.833567006791,-0.033562655196,0.551397853972,0.612686207723,0.782742746835
2603,15.986399910,-15.874041024,-14.881190795,22.528873929,315.202058198,-0.592088885564,0.587927445324,0.551155214641,0.612686207723,0.782742746835
2604,-1.065317737,22.508004858,-14.874636648,22.533201827,92.709822248,0.039456212485,-0.833629809574,0.550912468444,0.612686207723,0.782742746835
2605,-14.421175458,-17.319639346,-14.868079611,22.537528894,230.217586299,0.534117609541,0.641468123940,0.550669615239,0.612686207723,0.782742746835
2606,22.337261217,3.030180533,-14.861519682,22.541855131,7.725350349,-0.827305971006,-0.112228908623,0.550426654885,0.612686207723,0.782742746835
2607,-18.521212013,12.856708848,-14.854956855,22.546180537,145.233114399,0.685970815296,-0.476174401763,0.550183587240,0.612686207723,0.782742746835
2608,4.973337031,-21.995254026,-14.848391128,22.550505114,282.740878449,-0.184197667831,0.814639038002,0.549940412162,0.612686207723,0.782742746835
2609,11.192542271,19.581810501,-14.841822497,22.554828862,60.248642499,-0.414538602632,-0.725252240767,0.549697129508,0.612686207723,0.782742746835
2610,-21.484472257,-6.879882331,-14.835250957,22.559151780,197.756406549,0.795721194701,0.254810456719,0.549453739135,0.612686207723,0.782742746835
2611,20.493200469,-9.441349885,-14.828676504,22.563473871,335.264170599,-0.759007424786,0.349679625384,0.549210240901,0.612686207723,0.782742746835
2612,-8.735180631,20.808700021,-14.822099136,22.567795134,112.771934649,0.323525208561,-0.770692593357,0.548966634661,0.612686207723,0.782742746835
2613,-7.616482398,-21.248284570,-14.815518847,22.572115570,250.279698699,0.282091940660,0.786973502593,0.548722920272,0.612686207723,0.782742746835
2614,19.972988562,10.524977590,-14.808935635,22.576435178,27.787462749,-0.739740317105,-0.389813984815,0.548479097589,0.612686207723,0.782742746835
2615,-21.841157705,5.731865277,-14.802349495,22.580753961,165.295226799,0.808931766844,-0.212291306554,0.548235166469,0.612686207723,0.782742746835
2616,12.235509852,-18.983618522,-14.795760423,22.585071917,302.802990849,-0.453167031560,0.703096982282,0.547991126765,0.612686207723,0.782742746835
2617,3.801892481,22.267153189,-14.789168415,22.589389049,80.310754899,-0.140810832626,-0.824709377382,0.547746978334,0.612686207723,0.782742746835
2618,-17.848052749,-13.853610891,-14.782573468,22.593705355,217.818518949,0.661038990714,0.513096699679,0.547502721029,0.612686207723,0.782742746835
2619,22.522879462,-1.841316514,-14.775975577,22.598020837,355.326282999,-0.834180720798,0.068196907944,0.547258354706,0.612686207723,0.782742746835
2620,-15.366812363,16.574880018,-14.769374739,22.602335495,132.834047049,0.569141198629,-0.613884445126,0.547013879217,0.612686207723,0.782742746835
2621,0.134864346,-22.606247046,-14.762770949,22.606649329,270.341811099,-0.004994975770,0.837268409114,0.546769294416,0.612686207723,0.782742746835
2622,15.173750071,16.763440183,-14.756164204,22.610962341,47.849575149,-0.561990743368,-0.620868154919,0.546524600157,0.612686207723,0.782742746835
2623,-22.516485560,-2.111520796,-14.749554500,22.615274530,185.357339199,0.833943909637,0.078204473930,0.546279796292,0.612686207723,0.782742746835
2624,18.032704592,-13.655300481,-14.742941832,22.619585897,322.865103249,-0.667877947851,0.505751869671,0.546034882675,0.612686207723,0.782742746835
2625,-4.073508342,22.254150624,-14.736326197,22.623896442,100.372867299,0.150870679319,-0.824227800892,0.545789859157,0.612686207723,0.782742746835
2626,-12.031075893,-19.164783514,-14.729707591,22.628206166,237.880631349,0.445595403453,0.709806796814,0.545544725590,0.612686207723,0.782742746835
2627,21.821120614,6.005783337,-14.723086009,22.632515069,15.388395399,-0.808189652386,-0.222436419896,0.545299481826,0.612686207723,0.782742746835
2628,-20.150898559,10.313440246,-14.716461448,22.636823153,152.896159449,0.746329576255,-0.381979268374,0.545054127716,0.612686207723,0.782742746835
2629,7.893518344,-21.220583278,-14.709833904,22.641130416,290.403923499,-0.292352531262,0.785947528824,0.544808663111,0.612686207723,0.782742746835
2630,8.515482652,20.983383087,-14.703203372,22.645436860,67.911687549,-0.315388246387,-0.777162336568,0.544563087862,0.612686207723,0.782742746835
2631,-20.457012302,-9.722215917,-14.696569849,22.649742486,205.419451600,0.757667122304,0.360082071003,0.544317401818,0.612686207723,0.782742746835
2632,21.655741806,-6.650917649,-14.689933330,22.654047293,342.927215650,-0.802064511340,0.246330283291,0.544071604830,0.612686207723,0.782742746835
2633,-11.477819950,19.536134009,-14.683293812,22.658351282,120.434979700,0.425104442582,-0.723560518861,0.543825696748,0.612686207723,0.782742746835
2634,-4.733980577,-22.162701433,-14.676651290,22.662654454,257.942743750,0.175332613966,0.820840793806,0.543579677420,0.612686207723,0.782742746835
2635,18.464884430,13.146823721,-14.670005761,22.666956809,35.450507800,-0.683884608524,-0.486919397088,0.543333546695,0.612686207723,0.782742746835
2636,-22.500252033,2.779318894,-14.663357219,22.671258347,172.958271850,0.833342667881,-0.102937736832,0.543087304422,0.612686207723,0.782742746835
2637,14.716373817,-17.251357072,-14.656705662,22.675559070,310.466035900,-0.545050882103,0.638939150807,0.542840950450,0.612686207723,0.782742746835
2638,0.801880244,22.665678708,-14.650051085,22.679858977,87.973799950,-0.029699268289,-0.839469581770,0.542594484625,0.612686207723,0.782742746835
2639,-15.904741775,-16.174369117,-14.643393484,22.684158069,225.481564000,0.589064510204,0.599050708047,0.542347906796,0.612686207723,0.782742746835
2640,22.657583382,1.183201862,-14.636732854,22.688456346,2.989328050,-0.839169754893,-0.043822291203,0.542101216810,0.612686207723,0.782742746835
2641,-17.509554102,14.435255127,-14.630069192,22.692753809,140.497092100,0.648502003783,-0.534639078783,0.541854414513,0.612686207723,0.782742746835
2642,3.160723869,-22.475896515,-14.623402493,22.697050459,278.004856150,-0.117063847001,0.832440611658,0.541607499752,0.612686207723,0.782742746835
2643,12.854062946,18.711605740,-14.616732754,22.701346295,55.512620200,-0.476076405403,-0.693022434824,0.541360472374,0.612686207723,0.782742746835
2644,-22.121878639,-5.115528629,-14.610059970,22.705641318,193.020384250,0.819328838483,0.189464023290,0.541113332223,0.612686207723,0.782742746835
2645,19.771213301,-11.173195440,-14.603384137,22.709935529,330.528148300,-0.732267159311,0.413822053334,0.540866079145,0.612686207723,0.782742746835
2646,-7.032621587,21.598111710,-14.596705251,22.714228929,108.035912350,0.260467466189,-0.799930063335,0.540618712986,0.612686207723,0.782742746835
2647,-9.405455674,-20.680150470,-14.590023307,22.718521517,245.543676400,0.348350210147,0.765931498895,0.540371233589,0.612686207723,0.782742746835
2648,20.908480319,8.897285807,-14.583338302,22.722813294,23.051440450,-0.774388159964,-0.329529103959,0.540123640800,0.612686207723,0.782742746835
2649,-21.431339204,7.564322044,-14.576650230,22.727104260,160.559204500,0.793753303853,-0.280160075689,0.539875934463,0.612686207723,0.782742746835
2650,10.695194954,-20.058142911,-14.569959089,22.731394417,298.066968550,-0.396118331632,0.742894181881,0.539628114420,0.612686207723,0.782742746835
2651,5.663845502,22.018904840,-14.563264874,22.735683764,75.574732600,-0.209772055641,-0.815514994061,0.539380180516,0.612686207723,0.782742746835
2652,-19.053493217,-12.412523374,-14.556567580,22.739972302,213.082496650,0.705684933960,0.459723087944,0.539132132593,0.612686207723,0.782742746835
2653,22.438222019,-3.718542322,-14.549867203,22.744260031,350.590260700,-0.831045259958,0.137723789689,0.538883970493,0.612686207723,0.782742746835
2654,-14.036052417,17.902112194,-14.543163740,22.748546952,128.098024750,0.519853793220,-0.663041192355,0.538635694059,0.612686207723,0.782742746835
2655,-1.743283205,-22.685951075,-14.536457185,22.752833066,265.605788800,0.064566044626,0.840220410194,0.538387303134,0.612686207723,0.782742746835
2656,16.612710825,15.553272185,-14.529747534,22.757118372,43.113552850,-0.615285586097,-0.576047117955,0.538138797557,0.612686207723,0.782742746835
2657,-22.760064595,-0.246820398,-14.523034784,22.761402871,180.621316901,0.842965355368,0.009141496232,0.537890177171,0.612686207723,0.782742746835
2658,16.952477933,-15.195064222,-14.516318929,22.765686564,318.129080951,-0.627869553059,0.562780156352,0.537641441815,0.612686207723,0.782742746835
2659,-2.236531909,22.659863942,-14.509599966,22.769969452,95.636845001,0.082834515149,-0.839254220056,0.537392591331,0.612686207723,0.782742746835
2660,-13.659937519,-18.222860365,-14.502877890,22.774251533,233.144609051,0.505923611810,0.674920754263,0.537143625559,0.612686207723,0.782742746835
2661,22.385985610,4.210606282,-14.496152697,22.778532810,10.652373101,-0.829110578142,-0.155948380798,0.536894544337,0.612686207723,0.782742746835
2662,-19.354589142,12.019004127,-14.489424383,22.782813282,148.160137151,0.716836634882,-0.445148301009,0.536645347506,0.612686207723,0.782742746835
2663,6.153906818,-21.940397353,-14.482692942,22.787092951,285.667901201,-0.227922474753,0.812607309371,0.536396034903,0.612686207723,0.782742746835
2664,10.284756964,20.338888942,-14.475958372,22.791371815,63.175665251,-0.380916924579,-0.753292183053,0.536146606369,0.612686207723,0.782742746835
2665,-21.326384104,-8.051521243,-14.469220667,22.795649876,200.683429301,0.789866077942,0.298204490469,0.535897061740,0.612686207723,0.782742746835
2666,21.168107504,-8.470413335,-14.462479823,22.799927135,338.191193351,-0.784003981625,0.313719012422,0.535647400854,0.612686207723,0.782742746835
2667,-9.888876139,20.548523795,-14.455735836,22.804203592,115.698957401,0.366254671806,-0.761056436855,0.535397623549,0.612686207723,0.782742746835
2668,-6.589814201,-21.835775102,-14.448988701,22.808479246,253.206721451,0.244067192630,0.808732411196,0.535147729662,0.612686207723,0.782742746835
2669,19.612653244,11.651848881,-14.442238414,22.812754099,30.714485501,-0.726394564585,-0.431549958542,0.534897719030,0.612686207723,0.782742746835
2670,-22.336655017,4.657318576,-14.435484970,22.817028152,168.222249551,0.827283519153,-0.172493280605,0.534647591488,0.612686207723,0.782742746835
2671,13.326876190,-18.525824375,-14.428728366,22.821301404,305.730013601,-0.493588007054,0.686141643502,0.534397346873,0.612686207723,0.782742746835
2672,2.687693891,22.666784584,-14.421968596,22.825573855,83.237777651,-0.099544218196,-0.839510540147,0.534146985019,0.612686207723,0.782742746835
2673,-17.296251089,-14.901058492,-14.415205656,22.829845508,220.745541701,0.640601892185,0.551891055248,0.533896505763,0.612686207723,0.782742746835
2674,22.823506515,-0.696003135,-14.408439541,22.834116361,358.253305751,-0.845315056095,0.025777893879,0.533645908938,0.612686207723,0.782742746835
2675,-16.362259254,15.933247195,-14.401670248,22.838386415,135.761069801,0.606009602005,-0.590120266464,0.533395194379,0.612686207723,0.782742746835
2676,1.302510350,-22.805490236,-14.394897772,22.842655672,273.268833851,-0.048241124082,0.844647786536,0.533144361920,0.612686207723,0.782742746835
2677,14.447155857,17.699198566,-14.388122108,22.846924130,50.776597901,-0.535079846544,-0.655525872803,0.532893411395,0.612686207723,0.782742746835
2678,-22.612743082,-3.292539539,-14.381343251,22.851191792,188.284361951,0.837509003023,0.121945908857,0.532642342636,0.612686207723,0.782742746835
2679,18.901540210,-12.849271111,-14.374561198,22.855458656,325.792126001,-0.700057044796,0.475898930028,0.532391155476,0.612686207723,0.782742746835
2680,-5.258830974,22.246611230,-14.367775943,22.859724724,103.299890051,0.194771517571,-0.823948564082,0.532139849748,0.612686207723,0.782742746835
2681,-11.151752027,-19.959971574,-14.360987483,22.863989996,240.807654101,0.413027852864,0.739258206453,0.531888425283,0.612686207723,0.782742746835
2682,21.709770395,7.186301691,-14.354195812,22.868254472,18.315418151,-0.804065570192,-0.266159321874,0.531636881914,0.612686207723,0.782742746835
2683,-20.866275780,9.367530185,-14.347400926,22.872518153,155.823182201,0.772825028874,-0.346945562408,0.531385219470,0.612686207723,0.782742746835
2684,9.060154920,-21.006206311,-14.340602820,22.876781040,293.330946252,-0.335561293340,0.778007641145,0.531133437784,0.612686207723,0.782742746835
2685,7.510211154,21.613395459,-14.333801490,22.881043133,70.838710302,-0.278155968663,-0.800496128101,0.530881536685,0.612686207723,0.782742746835
2686,-20.141185168,-10.865993693,-14.326996932,22.885304431,208.346474352,0.745969821044,0.402444210840,0.530629516003,0.612686207723,0.782742746835
2687,22.195487702,-5.593970741,-14.320189140,22.889564937,345.854238402,-0.822055100081,0.207184101507,0.530377375567,0.612686207723,0.782742746835
2688,-12.589931454,19.121214214,-14.313378111,22.893824649,123.362002452,0.466293757571,-0.708193119055,0.530125115208,0.612686207723,0.782742746835
2689,-3.633446786,-22.607969736,-14.306563838,22.898083569,260.869766502,0.134572103195,0.837332212450,0.529872734753,0.612686207723,0.782742746835
2690,17.953992814,14.218698859,-14.299746319,22.902341697,38.377530552,-0.664962696822,-0.526618476261,0.529620234031,0.612686207723,0.782742746835
2691,-22.847554978,1.643627342,-14.292925547,22.906599034,175.885294602,0.846205739910,-0.060875086754,0.529367612870,0.612686207723,0.782742746835
2692,15.739745908,-16.648354337,-14.286101520,22.910855579,313.393058652,-0.582953552149,0.616605716176,0.529114871097,0.612686207723,0.782742746835
2693,-0.360263919,22.912279183,-14.279274231,22.915111334,90.900822702,0.013343108115,-0.848602932701,0.528862008540,0.612686207723,0.782742746835
2694,-15.214199311,-17.141338654,-14.272443676,22.919366299,228.408586752,0.563488863379,0.634864394584,0.528609025025,0.612686207723,0.782742746835
2695,22.801516483,2.362884187,-14.265609850,22.923620473,5.916350802,-0.844500610478,-0.087514229155,0.528355920378,0.612686207723,0.782742746835
2696,-18.412649722,13.662420353,-14.258772749,22.927873859,143.424114852,0.681949989688,-0.506015568640,0.528102694425,0.612686207723,0.782742746835
2697,4.348888993,-22.515985172,-14.251932369,22.932126455,280.931878902,-0.161069962696,0.833925376756,0.527849346991,0.612686207723,0.782742746835
2698,12.004819434,19.543841951,-14.245088703,22.936378263,58.439642952,-0.444622941982,-0.723845998182,0.527595877903,0.612686207723,0.782742746835
2699,-22.057743204,-6.303049789,-14.238241749,22.940629283,195.947407002,0.816953452007,0.233446288498,0.527342286983,0.612686207723,0.782742746835
2700,20.526144511,-10.254018116,-14.231391500,22.944879516,333.455171052,-0.760227574463,0.379778448736,0.527088574057,0.612686207723,0.782742746835
2701,-8.210370733,21.430173413,-14.224537952,22.949128961,110.962935102,0.304087804918,-0.793710126393,0.526834738947,0.612686207723,0.782742746835
2702,-8.423361449,-21.351920898,-14.217681100,22.953377619,248.470699152,0.311976349950,0.790811885122,0.526580781478,0.612686207723,0.782742746835
2703,20.637958574,10.056203763,-14.210820940,22.957625492,25.978463202,-0.764368836062,-0.372451991235,0.526326701472,0.612686207723,0.782742746835
2704,-22.014728299,6.526816240,-14.203957466,22.961872578,163.486227252,0.815360307362,-0.241733934804,0.526072498752,0.612686207723,0.782742746835
2705,11.826361109,-19.687046484,-14.197090675,22.966118879,300.993991302,-0.438013374425,0.729149869794,0.525818173140,0.612686207723,0.782742746835
2706,4.578864492,22.509367837,-14.190220560,22.970364395,78.501755352,-0.169587573784,-0.833680290251,0.525563724456,0.612686207723,0.782742746835
2707,-18.584605323,-13.507224346,-14.183347118,22.974609127,216.009519402,0.688318715650,0.500267568369,0.525309152524,0.612686207723,0.782742746835
2708,22.831925336,-2.594392813,-14.176470343,22.978853074,353.517283452,-0.845626864287,0.096088622689,0.525054457162,0.612686207723,0.782742746835
2709,-15.085849170,17.338969620,-14.169590231,22.983096238,131.025047502,0.558735154457,-0.642184060008,0.524799638192,0.612686207723,0.782742746835
2710,-0.588578637,-22.979802261,-14.162706777,22.987338618,268.532811553,0.021799208787,0.851103787437,0.524544695433,0.612686207723,0.782742746835
2711,15.959577261,16.550065091,-14.155819975,22.991580216,46.040575603,-0.591095454093,-0.612965373723,0.524289628705,0.612686207723,0.782742746835
2712,-22.951736603,-1.423225855,-14.148929821,22.995821031,183.548339653,0.850064318617,0.052712068692,0.524034437826,0.612686207723,0.782742746835
2713,17.888569256,-14.456897971,-14.142036311,23.000061065,321.056103703,-0.662539602079,0.535440665610,0.523779122616,0.612686207723,0.782742746835
2714,-3.425611252,22.747813535,-14.135139438,23.004300317,98.563867753,0.126874490833,-0.842511612399,0.523523682892,0.612686207723,0.782742746835
2715,-12.842353860,-19.091013710,-14.128239199,23.008538788,236.071631803,0.475642735568,0.707074581845,0.523268118472,0.612686207723,0.782742746835
2716,22.369465754,5.403228951,-14.121335588,23.012776478,13.579395853,-0.828498731636,-0.200119590765,0.523012429174,0.612686207723,0.782742746835
2717,-20.148085386,11.128232591,-14.114428600,23.017013388,151.087159903,0.746225384653,-0.412156762614,0.522756614813,0.612686207723,0.782742746835
2718,7.340908806,-21.819463496,-14.107518231,23.021249518,288.594923953,-0.271885511351,0.808128277643,0.522500675206,0.612686207723,0.782742746835
2719,9.327593862,21.051578235,-14.100604475,23.025484869,66.102688003,-0.345466439341,-0.779688082785,0.522244610170,0.612686207723,0.782742746835
2720,-21.101894293,-9.223775517,-14.093687327,23.029719441,203.610452053,0.781551640470,0.341621315444,0.521988419519,0.612686207723,0.782742746835
2721,21.794456924,-7.454169907,-14.086766783,23.033953234,341.118216103,-0.807202108294,0.276080366909,0.521732103069,0.612686207723,0.782742746835
2722,-11.037362822,20.222132618,-14.079842837,23.038186250,118.625980153,0.408791215619,-0.748967874745,0.521475660634,0.612686207723,0.782742746835
2723,-5.522260754,-22.370911602,-14.072915485,23.042418488,256.133744203,0.204528176091,0.828552281567,0.521219092028,0.612686207723,0.782742746835
2724,19.186799654,12.767724655,-14.065984721,23.046649948,33.641508253,-0.710622209414,-0.472878690927,0.520962397064,0.612686207723,0.782742746835
2725,-22.776403326,3.546625076,-14.059050540,23.050880632,171.149272303,0.843570493568,-0.131356484293,0.520705575556,0.612686207723,0.782742746835
2726,14.401542394,-18.003713469,-14.052112938,23.055110540,308.657036353,-0.533390459026,0.666804202555,0.520448627317,0.612686207723,0.782742746835
2727,1.542367425,23.007699772,-14.045171908,23.059339671,86.164800403,-0.057124719443,-0.852137028589,0.520191552158,0.612686207723,0.782742746835
2728,-16.681829988,-15.926227375,-14.038227447,23.063568027,223.672564453,0.617845555109,0.589860273146,0.519934349891,0.612686207723,0.782742746835
2729,23.062900962,0.475177249,-14.031279549,23.067795608,1.180328503,-0.854181517128,-0.017599157360,0.519677020328,0.612686207723,0.782742746835
2730,-17.330017896,15.231175202,-14.024328209,23.072022415,138.688092553,0.641852514655,-0.564117600074,0.519419563280,0.612686207723,0.782742746835
2731,2.490560939,-22.941454805,-14.017373421,23.076248447,276.195856603,-0.092242997725,0.849683511310,0.519161978556,0.612686207723,0.782742746835
2732,13.662769126,18.602069946,-14.010415181,23.080473705,53.703620653,-0.506028486135,-0.688965553552,0.518904265967,0.612686207723,0.782742746835
2733,-22.644162310,-4.488340872,-14.003453484,23.084698190,191.211384703,0.838672678166,0.166234847123,0.518646425322,0.612686207723,0.782742746835
2734,19.732540976,-11.988542082,-13.996488324,23.088921902,328.719148753,-0.730834850953,0.444020077104,0.518388456430,0.612686207723,0.782742746835
2735,-6.453197850,22.173172443,-13.989519696,23.093144842,106.226912803,0.239007327762,-0.821228609009,0.518130359100,0.612686207723,0.782742746835
2736,-10.221243950,-20.712666050,-13.982547595,23.097367009,243.734676854,0.378564590727,0.767135779616,0.517872133139,0.612686207723,0.782742746835
2737,21.531966644,8.370053719,-13.975572016,23.101588405,21.242440904,-0.797480246090,-0.310001989597,0.517613778354,0.612686207723,0.782742746835
2738,-21.534825798,8.374347065,-13.968592953,23.105809030,158.750204954,0.797586140664,-0.310161002414,0.517355294554,0.612686207723,0.782742746835
2739,10.224187095,-20.725333127,-13.961610402,23.110028883,296.257969004,-0.378673596107,0.767604930644,0.517096681543,0.612686207723,0.782742746835
2740,6.461943515,22.192605640,-13.954624356,23.114247967,73.765733054,-0.239331241300,-0.821948357024,0.516837939130,0.612686207723,0.782742746835
2741,-19.759331142,-12.001346423,-13.947634812,23.118466280,211.273497104,0.731827079345,0.444494311946,0.516579067118,0.612686207723,0.782742746835
2742,22.680845816,-4.498637606,-13.940641763,23.122683824,348.781261154,-0.840031326508,0.166616207617,0.516320065313,0.612686207723,0.782742746835
2743,-13.687859528,18.641245474,-13.933645205,23.126900599,126.289025204,0.506957760302,-0.690416499052,0.516060933520,0.612686207723,0.782742746835
2744,-2.499434328,-22.995681843,-13.926645132,23.131116605,263.796789254,0.092571641783,0.851691920105,0.515801671542,0.612686207723,0.782742746835
2745,17.379531517,15.270738807,-13.919641538,23.135331842,41.304553304,-0.643686352478,-0.565582918772,0.515542279184,0.612686207723,0.782742746835
2746,-23.134575071,0.479624672,-13.912634419,23.139546312,178.812317354,0.856836113732,-0.017763876756,0.515282756249,0.612686207723,0.782742746835
2747,16.737781242,-15.983751334,-13.905623769,23.143760014,316.320081404,-0.619917823783,0.591990790138,0.515023102538,0.612686207723,0.782742746835
2748,-1.545331335,23.096333102,-13.898609582,23.147972950,93.827845454,0.057234493882,-0.855419744513,0.514763317854,0.612686207723,0.782742746835
2749,-14.464501195,-18.077662486,-13.891591854,23.152185119,231.335609504,0.535722266470,0.669543055030,0.514503401999,0.612686207723,0.782742746835
2750,22.881119909,3.559922972,-13.884570579,23.156396521,8.843373554,-0.847448885502,-0.131848998978,0.514243354774,0.612686207723,0.782742746835
2751,-19.280024273,12.833331133,-13.877545751,23.160607158,146.351137604,0.714074973062,-0.475308560471,0.513983175979,0.612686207723,0.782742746835
2752,5.548707642,-22.490455565,-13.870517366,23.164817029,283.858901654,-0.205507690431,0.832979835724,0.513722865415,0.612686207723,0.782742746835
2753,11.102657134,20.335554496,-13.863485418,23.169026136,61.366665704,-0.411209523465,-0.753168685024,0.513462422881,0.612686207723,0.782742746835
2754,-21.927205583,-7.496429248,-13.856449901,23.173234477,198.874429754,0.812118725300,0.277645527689,0.513201848176,0.612686207723,0.782742746835
2755,21.236059322,-9.285666626,-13.849410810,23.177442055,336.382193804,-0.786520715642,0.343913578728,0.512941141099,0.612686207723,0.782742746835
2756,-9.388135237,21.195559938,-13.842368139,23.181648869,113.889957854,0.347708712488,-0.785020738431,0.512680301448,0.612686207723,0.782742746835
2757,-7.396217990,-21.974526794,-13.835321884,23.185854920,251.397721904,0.273933999623,0.813871362746,0.512419329020,0.612686207723,0.782742746835
2758,20.301001917,11.209291396,-13.828272038,23.190060208,28.905485954,-0.751888959904,-0.415158940601,0.512158223612,0.612686207723,0.782742746835
2759,-22.545181415,5.448734854,-13.821218596,23.194264734,166.413250004,0.835006719064,-0.201804994594,0.511896985022,0.612686207723,0.782742746835
2760,12.945893524,-19.250267049,-13.814161552,23.198468497,303.921014054,-0.479477537926,0.712972853683,0.511635613044,0.612686207723,0.782742746835
2761,3.458095980,22.943529303,-13.807100902,23.202671499,81.428778104,-0.128077628898,-0.849760344556,0.511374107475,0.612686207723,0.782742746835
2762,-18.051292395,-14.584575127,-13.800036639,23.206873740,218.936542154,0.668566384994,0.540169449154,0.511112468109,0.612686207723,0.782742746835
2763,23.166393557,-1.439521583,-13.792968758,23.211075219,356.444306204,-0.858014576197,0.053315614197,0.510850694740,0.612686207723,0.782742746835
2764,-16.112710305,16.713156601,-13.785897253,23.215275939,133.952070255,0.596767048322,-0.619005800021,0.510588787164,0.612686207723,0.782742746835
2765,0.591543049,-23.211939553,-13.778822120,23.219475898,271.459834305,-0.021909001809,0.859701464929,0.510326745172,0.612686207723,0.782742746835
2766,15.246011160,17.518511032,-13.771743351,23.223675098,48.967598355,-0.564667079987,-0.648833741941,0.510064568558,0.612686207723,0.782742746835
2767,-23.079689973,-2.619545744,-13.764660942,23.227873539,186.475362405,0.854803332328,0.097020212748,0.509802257114,0.612686207723,0.782742746835
2768,18.791118097,-13.661003400,-13.757574887,23.232071221,323.983126455,-0.695967336912,0.505963088902,0.509539810633,0.612686207723,0.782742746835
2769,-4.628946540,22.770529446,-13.750485180,23.236268145,101.490890505,0.171442464446,-0.843352942429,0.509277228904,0.612686207723,0.782742746835
2770,-11.970191788,-19.920684976,-13.743391816,23.240464311,238.998654555,0.443340436608,0.737803147274,0.509014511719,0.612686207723,0.782742746835
2771,22.286698753,6.604336769,-13.736294789,23.244659719,16.506418605,-0.825433287141,-0.244605065521,0.508751658868,0.612686207723,0.782742746835
2772,-20.898454026,10.186454186,-13.729194094,23.248854370,154.014182655,0.774016815763,-0.377276080947,0.508488670141,0.612686207723,0.782742746835
2773,8.530557225,-21.631778638,-13.722089724,23.253048265,291.521946705,-0.315946563895,0.801176986589,0.508225545327,0.612686207723,0.782742746835
2774,8.323389763,21.716824366,-13.714981674,23.257241403,69.029710755,-0.308273694935,-0.804326828365,0.507962284213,0.612686207723,0.782742746835
2775,-20.810663336,-10.392814503,-13.707869938,23.261433786,206.537474805,0.770765308728,0.384919055670,0.507698886589,0.612686207723,0.782742746835
2776,22.369410964,-6.395215317,-13.700754511,23.265625413,344.045238855,-0.828496702379,0.236859826571,0.507435352241,0.612686207723,0.782742746835
2777,-12.176794619,19.829524017,-13.693635386,23.269816285,121.553002905,0.450992393279,-0.734426815441,0.507171680957,0.612686207723,0.782742746835
2778,-4.416656776,-22.851094436,-13.686512558,23.274006402,259.060766955,0.163579880596,0.846336830960,0.506907872522,0.612686207723,0.782742746835
2779,18.695762422,13.868773037,-13.679386022,23.278195765,36.568531005,-0.692435645253,-0.513658260614,0.506643926724,0.612686207723,0.782742746835
2780,-23.158061184,2.402836727,-13.672255770,23.282384374,174.076295055,0.857705969788,-0.088993952850,0.506379843345,0.612686207723,0.782742746835
2781,15.455720262,-17.417955030,-13.665121799,23.286572230,311.584059105,-0.572434083779,0.645109445537,0.506115622172,0.612686207723,0.782742746835
2782,0.369158824,23.287833563,-13.657984101,23.290759333,89.091823155,-0.013672549053,-0.862512354193,0.505851262989,0.612686207723,0.782742746835
2783,-16.005788185,-16.925402180,-13.650842671,23.294945683,226.599587205,0.592806969830,0.626866747398,0.505586765578,0.612686207723,0.782742746835
2784,23.239289824,1.668810040,-13.643697503,23.299131281,4.107351255,-0.860714437914,-0.061807779269,0.505322129724,0.612686207723,0.782742746835
2785,-18.266474372,14.469984677,-13.636548591,23.303316127,141.615115305,0.676536087853,-0.535925358406,0.505057355208,0.612686207723,0.782742746835
2786,3.695458905,-23.012673684,-13.629395929,23.307500222,279.122879355,-0.136868848327,0.852321247563,0.504792441811,0.612686207723,0.782742746835
2787,12.822222314,19.468569686,-13.622239512,23.311683566,56.630643405,-0.474897122744,-0.721058136518,0.504527389316,0.612686207723,0.782742746835
2788,-22.609593444,-5.695252325,-13.615079333,23.315866159,194.138407455,0.837392349796,0.210935271285,0.504262197503,0.612686207723,0.782742746835
2789,20.522378375,-11.075045133,-13.607915386,23.320048003,331.646171505,-0.760088087949,0.410186856770,0.503996866152,0.612686207723,0.782742746835
2790,-7.652849469,22.033010641,-13.600747666,23.324229096,109.153935556,0.283438869225,-0.816037431164,0.503731395043,0.612686207723,0.782742746835
2791,-9.241767897,-21.419720193,-13.593576167,23.328409440,246.661699606,0.342287699887,0.793322970103,0.503465783954,0.612686207723,0.782742746835
2792,21.287218327,9.553221811,-13.586400882,23.332589035,24.169463656,-0.788415493590,-0.353823030050,0.503200032664,0.612686207723,0.782742746835
2793,-22.153607889,7.336374626,-13.579221806,23.336767881,161.677227706,0.820503995893,-0.271717578729,0.502934140951,0.612686207723,0.782742746835
2794,11.381768510,-20.377809127,-13.572038932,23.340945980,299.184991756,-0.421546981855,0.754733671367,0.502668108591,0.612686207723,0.782742746835
2795,5.373411919,22.718301601,-13.564852255,23.345123330,76.692755806,-0.199015256264,-0.841418577831,0.502401935361,0.612686207723,0.782742746835
2796,-19.311633318,-13.124428596,-13.557661768,23.349299933,214.200519856,0.715245678451,0.486089947994,0.502135621038,0.612686207723,0.782742746835
2797,23.109353732,-3.367877897,-13.550467466,23.353475790,351.708283906,-0.855901990091,0.124736218406,0.501869165397,0.612686207723,0.782742746835
2798,-14.767789101,18.096747238,-13.543269342,23.357650899,129.216047956,0.546955151887,-0.670249897715,0.501602568212,0.612686207723,0.782742746835
2799,-1.335107597,-23.323643955,-13.536067390,23.361825263,266.723812006,0.049448429530,0.863838664983,0.501335829257,0.612686207723,0.782742746835
2800,16.742352416,16.299188301,-13.528861604,23.365998881,44.231576056,-0.620087126521,-0.603673640774,0.501068948307,0.612686207723,0.782742746835
2801,-23.359404069,-0.709344288,-13.521651979,23.370171753,181.739340106,0.865163113659,0.026272010672,0.500801925134,0.612686207723,0.782742746835
2802,17.706813273,-15.258725883,-13.514438507,23.374343881,319.247104156,-0.655807898991,0.565137995663,0.500534759511,0.612686207723,0.782742746835
2803,-2.749822446,23.216232520,-13.507221183,23.378515263,96.754868206,0.101845275779,-0.859860463716,0.500267451209,0.612686207723,0.782742746835
2804,-13.657142193,-18.979791019,-13.500000000,23.382685902,234.262632256,0.505820081216,0.702955222926,0.500000000000,0.612686207723,0.782742746835
2805,22.895098451,4.770690829,-13.492774953,23.386855797,11.770396306,-0.847966609303,-0.176692252933,0.499732405654,0.612686207723,0.782742746835
2806,-20.108272453,11.949787743,-13.485546034,23.391024949,149.278160356,0.744750831606,-0.442584731210,0.499464667941,0.612686207723,0.782742746835
2807,6.756452483,-22.398335252,-13.478313239,23.395193357,286.785924406,-0.250238980839,0.829567972313,0.499196786630,0.612686207723,0.782742746835
2808,10.149668044,21.083508601,-13.471076560,23.399361024,64.293688456,-0.375913631246,-0.780870688911,0.498928761490,0.612686207723,0.782742746835
2809,-21.729623657,-8.691868389,-13.463835992,23.403527947,201.801452506,0.804800876202,0.321921051441,0.498660592290,0.612686207723,0.782742746835
2810,21.897918420,-8.270508650,-13.456591527,23.407694130,339.309216556,-0.811034015560,0.306315135181,0.498392278796,0.612686207723,0.782742746835
2811,-10.562074422,20.893964498,-13.449343161,23.411859570,116.816980606,0.391187941540,-0.773850536971,0.498123820775,0.612686207723,0.782742746835
2812,-6.326650499,-22.545147728,-13.442090886,23.416024270,254.324744656,0.234320388842,0.835005471412,0.497855217995,0.612686207723,0.782742746835
2813,19.897641326,12.352695509,-13.434834696,23.420188229,31.832508706,-0.736949678750,-0.457507241086,0.497586470219,0.612686207723,0.782742746835
2814,-23.020118760,4.332940461,-13.427574585,23.424351448,169.340272756,0.852596991119,-0.160479276326,0.497317577214,0.612686207723,0.782742746835
2815,14.049956133,-18.748173178,-13.420310546,23.428513927,306.848036806,-0.520368745680,0.694376784357,0.497048538743,0.612686207723,0.782742746835
2816,2.304617935,23.319069988,-13.413042573,23.432675667,84.355800857,-0.085356219821,-0.863669258809,0.496779354570,0.612686207723,0.782742746835
2817,-17.454257837,-15.640786309,-13.405770660,23.436836668,221.863564907,0.646453993950,0.579288381827,0.496510024458,0.612686207723,0.782742746835
2818,23.439585877,-0.257198356,-13.398494801,23.440996930,359.371328957,-0.868132810258,0.009525865040,0.496240548170,0.612686207723,0.782742746835
2819,-17.112922238,16.025706026,-13.391214988,23.445156454,136.879093007,0.633811934729,-0.593544667642,0.495970925467,0.612686207723,0.782742746835
2820,1.793645498,-23.380616353,-13.383931215,23.449315240,274.386857057,-0.066431314757,0.865948753825,0.495701156110,0.612686207723,0.782742746835
2821,14.473367024,18.455000848,-13.376643476,23.453473289,51.894621107,-0.536050630519,-0.683518549924,0.495431239860,0.612686207723,0.782742746835
2822,-23.142485818,-3.832203488,-13.369351765,23.457630600,189.402385157,0.857129104353,0.141933462513,0.495161176477,0.612686207723,0.782742746835
2823,19.656647508,-12.809046265,-13.362056074,23.461787175,326.910149207,-0.728023981762,0.474409120938,0.494890965719,0.612686207723,0.782742746835
2824,-5.842848462,22.726891635,-13.354756398,23.465943014,104.417913257,0.216401794887,-0.841736727224,0.494620607346,0.612686207723,0.782742746835
2825,-11.045415563,-20.708556219,-13.347452730,23.470098117,241.925677307,0.409089465297,0.766983563651,0.494350101114,0.612686207723,0.782742746835
2826,22.136892103,7.810156063,-13.340145063,23.474252484,19.433441357,-0.819884892695,-0.289265039364,0.494079446782,0.612686207723,0.782742746835
2827,-21.602561682,9.195916623,-13.332833391,23.478406117,156.941205407,0.800094877121,-0.340589504552,0.493808644105,0.612686207723,0.782742746835
2828,9.719023058,-21.376883979,-13.325517707,23.482559014,294.448969457,-0.359963816956,0.791736443666,0.493537692840,0.612686207723,0.782742746835
2829,7.274658592,22.331702674,-13.318198004,23.486711177,71.956733507,-0.269431799699,-0.827100099019,0.493266592741,0.612686207723,0.782742746835
2830,-20.452569741,-11.554783295,-13.310874276,23.490862607,209.464497557,0.757502582990,0.427954936867,0.492995343563,0.612686207723,0.782742746835
2831,22.890276233,-5.296310419,-13.303546517,23.495013302,346.972261607,-0.847788008633,0.196159645142,0.492723945060,0.612686207723,0.782742746835
2832,-13.303320394,19.370914812,-13.296214719,23.499163265,124.480025657,0.492715570143,-0.717441289335,0.492452396985,0.612686207723,0.782742746835
2833,-3.275988850,-23.273882257,-13.288878875,23.503312495,261.987789707,0.121332920363,0.861995639130,0.492180699090,0.612686207723,0.782742746835
2834,18.140095084,14.951176296,-13.281538980,23.507460992,39.495553757,-0.671855373491,-0.553747270236,0.491908851127,0.612686207723,0.782742746835
2835,-23.479458130,1.229142912,-13.274195027,23.511608758,177.003317807,0.869609560379,-0.045523811564,0.491636852847,0.612686207723,0.782742746835
2836,16.485654858,-16.769435123,-13.266847008,23.515755792,314.511081857,-0.610579809573,0.621090189750,0.491364704001,0.612686207723,0.782742746835
2837,-0.828564228,23.505303143,-13.259494917,23.519902095,92.018845907,0.030687564009,-0.870566783088,0.491092404338,0.612686207723,0.782742746835
2838,-15.269337531,-17.894919670,-13.252138747,23.524047667,229.526609957,0.565531019663,0.662774802584,0.490819953608,0.612686207723,0.782742746835
2839,23.351092480,2.881375135,-13.244778492,23.528192508,7.034374007,-0.864855277050,-0.106717597607,0.490547351557,0.612686207723,0.782742746835
2840,-19.168085357,13.651203996,-13.237414144,23.532336620,144.542138057,0.709929087281,-0.505600147994,0.490274597935,0.612686207723,0.782742746835
2841,4.913558777,-23.017880680,-13.230045697,23.536480001,282.049902107,-0.181983658413,0.852514099256,0.490001692488,0.612686207723,0.782742746835
2842,11.927348632,20.295301661,-13.222673144,23.540622654,59.557666158,-0.441753653050,-0.751677839314,0.489728634962,0.612686207723,0.782742746835
2843,-22.508094527,-6.909531083,-13.215296478,23.544764577,197.065430208,0.833633130618,0.255908558619,0.489455425102,0.612686207723,0.782742746835
2844,21.267829649,-10.110904267,-13.207915692,23.548905772,334.573194258,-0.787697394420,0.374477935801,0.489182062654,0.612686207723,0.782742746835
2845,-8.853974458,21.825515422,-13.200530779,23.553046239,112.080958308,0.327924979943,-0.808352423047,0.488908547362,0.612686207723,0.782742746835
2846,-8.215722383,-22.078109452,-13.193141732,23.557185979,249.588722358,0.304286014189,0.817707757469,0.488634878968,0.612686207723,0.782742746835
2847,20.975251363,10.731955346,-13.185748545,23.561324991,27.096486408,-0.776861161610,-0.397479827636,0.488361057215,0.612686207723,0.782742746835
2848,-22.719819023,6.256267493,-13.178351210,23.565463276,164.604250458,0.841474778632,-0.231713610868,0.488087081846,0.612686207723,0.782742746835
2849,12.529038921,-19.963698735,-13.170949720,23.569600834,302.112014508,-0.464038478541,0.739396249455,0.487812952601,0.612686207723,0.782742746835
2850,4.247506734,23.187923454,-13.163544069,23.573737666,79.619778558,-0.157315064212,-0.858811979764,0.487538669221,0.612686207723,0.782742746835
2851,-18.798494204,-14.231400046,-13.156134249,23.577873772,217.127542608,0.696240526077,0.527088890607,0.487264231446,0.612686207723,0.782742746835
2852,23.478714453,-2.204795533,-13.148720253,23.582009153,354.635306658,-0.869582016772,0.081659093798,0.486989639014,0.612686207723,0.782742746835
2853,-15.825929640,17.488457073,-13.141302075,23.586143809,132.143070708,0.586145542238,-0.647720632331,0.486714891664,0.612686207723,0.782742746835
2854,-0.143760223,-23.589839695,-13.133879707,23.590277740,269.650834758,0.005324452712,0.873697766493,0.486439989134,0.612686207723,0.782742746835
2855,16.043522534,17.300335622,-13.126453141,23.594410947,47.158598808,-0.594204538294,-0.640753171183,0.486164931159,0.612686207723,0.782742746835
2856,-23.520321796,-1.919821502,-13.119022372,23.598543430,184.666362858,0.871123029497,0.071104500074,0.485889717477,0.612686207723,0.782742746835
2857,18.643237673,-14.474666323,-13.111587391,23.602675189,322.174126908,-0.690490284180,0.536098752697,0.485614347821,0.612686207723,0.782742746835
2858,-3.970141382,23.270566765,-13.104148192,23.606806225,99.681890958,0.147042273390,-0.861872843154,0.485338821928,0.612686207723,0.782742746835
2859,-12.793821347,-19.844255077,-13.096704767,23.610936539,237.189655008,0.473845235075,0.734972410275,0.485063139531,0.612686207723,0.782742746835
2860,22.842361862,5.991481693,-13.089257110,23.615066130,14.697419058,-0.846013402299,-0.221906729368,0.484787300361,0.612686207723,0.782742746835
2861,-20.894086964,11.013786921,-13.081805212,23.619194999,152.205183108,0.773855072736,-0.407918034106,0.484511304153,0.612686207723,0.782742746835
2862,7.968335752,-22.238862871,-13.074349067,23.623323146,289.712947158,-0.295123546372,0.823661587828,0.484235150637,0.612686207723,0.782742746835
2863,9.148131298,21.784584327,-13.066888668,23.627450572,67.220711208,-0.338819677698,-0.806836456558,0.483958839545,0.612686207723,0.782742746835
2864,-21.464570877,-9.885526880,-13.059424006,23.631577278,204.728475258,0.794984106556,0.366130625172,0.483682370605,0.612686207723,0.782742746835
2865,22.508813275,-7.211088243,-13.051955076,23.635703262,342.236239308,-0.833659750932,0.267077342320,0.483405743547,0.612686207723,0.782742746835
2866,-11.728324922,20.525298714,-13.044481869,23.639828527,119.744003358,0.434382404524,-0.760196248665,0.483128958100,0.612686207723,0.782742746835
2867,-5.217448431,-23.061109009,-13.037004378,23.643953072,257.251767408,0.193238830774,0.854115148481,0.482852013992,0.612686207723,0.782742746835
2868,19.428127344,13.482559432,-13.029522596,23.648076897,34.759531459,-0.719560271996,-0.499354053042,0.482574910948,0.612686207723,0.782742746835
2869,-23.437120114,3.182446506,-13.022036515,23.652200004,172.267295509,0.868041485709,-0.117868389106,0.482297648695,0.612686207723,0.782742746835
2870,15.134728639,-18.181352483,-13.014546128,23.656322391,309.775059559,-0.560545505140,0.673383425301,0.482020226959,0.612686207723,0.782742746835
2871,1.121644654,23.633842820,-13.007051428,23.660444061,87.282823609,-0.041542394591,-0.875327511846,0.481742645463,0.612686207723,0.782742746835
2872,-16.794421885,-16.672103371,-12.999552406,23.664565013,224.790587659,0.622015625360,0.617485310020,0.481464903932,0.612686207723,0.782742746835
2873,23.649644955,0.949186411,-12.992049056,23.668685247,2.298351709,-0.875912776093,-0.035155052246,0.481187002089,0.612686207723,0.782742746835
2874,-18.082825129,15.277863749,-12.984541371,23.672804764,139.806115759,0.669734264054,-0.565846805515,0.480908939655,0.612686207723,0.782742746835
2875,3.014188142,-23.484279408,-12.977029341,23.676923564,277.313879809,-0.111636597859,0.869788126223,0.480630716351,0.612686207723,0.782742746835
2876,13.643206804,19.355997562,-12.969512961,23.681041648,54.821643859,-0.505303955720,-0.716888798610,0.480352331899,0.612686207723,0.782742746835
2877,-23.138886989,-5.057535617,-12.961992222,23.685159016,192.329407909,0.856995814422,0.187316133959,0.480073786018,0.612686207723,0.782742746835
2878,20.481770623,-11.902892667,-12.954467118,23.689275669,329.837171959,-0.758584097149,0.440847876564,0.479795078426,0.612686207723,0.782742746835
2879,-7.063558813,22.615988651,-12.946937639,23.693391606,107.344936009,0.261613289368,-0.837629209307,0.479516208842,0.612686207723,0.782742746835
2880,-10.070181143,-21.451416774,-12.939403779,23.697506828,244.852700059,0.372969671952,0.794496917553,0.479237176983,0.612686207723,0.782742746835
2881,21.919467133,9.016862788,-12.931865529,23.701621336,22.360464109,-0.811832116035,-0.333957881043,0.478957982566,0.612686207723,0.782742746835
2882,-22.257398641,8.159049193,-12.924322883,23.705735129,159.868228159,0.824348097826,-0.302187007144,0.478678625305,0.612686207723,0.782742746835
2883,10.902445833,-21.054538156,-12.916775833,23.709848209,297.375992209,-0.403794290113,0.779797709465,0.478399104916,0.612686207723,0.782742746835
2884,6.184084338,22.893427595,-12.909224370,23.713960575,74.883756259,-0.229040160652,-0.847904725758,0.478119421113,0.612686207723,0.782742746835
2885,-20.027711383,-12.705814693,-12.901668487,23.718072229,212.391520309,0.741767088253,0.470585729361,0.477839573608,0.612686207723,0.782742746835
2886,23.354512804,-4.160373303,-12.894108177,23.722183169,349.899284359,-0.864981955691,0.154087900115,0.477559562114,0.612686207723,0.782742746835
2887,-14.413095972,18.846741439,-12.886543431,23.726293398,127.407048409,0.533818369351,-0.698027460718,0.477279386342,0.612686207723,0.782742746835
2888,-2.103386768,-23.637000372,-12.878974242,23.730402914,264.914812459,0.077903213640,0.875444458214,0.476999046003,0.612686207723,0.782742746835
2889,17.520569355,16.011142871,-12.871400602,23.734511719,42.422576509,-0.648909976115,-0.593005291503,0.476718540806,0.612686207723,0.782742746835
2890,-23.738602269,0.028861089,-12.863822502,23.738619813,179.930340559,0.879207491427,-0.001068929209,0.476437870460,0.612686207723,0.782742746835
2891,17.487636418,-16.059254878,-12.856239936,23.742727196,317.438104609,-0.647690237688,0.594787217695,0.476157034674,0.612686207723,0.782742746835
2892,-2.047322097,23.658414803,-12.848652895,23.746833869,94.945868659,0.075826744344,-0.876237585311,0.475876033153,0.612686207723,0.782742746835
2893,-14.473900166,-18.831180442,-12.841061371,23.750939831,232.453632709,0.536070376529,0.697451127476,0.475594865606,0.612686207723,0.782742746835
2894,23.396926509,4.109257458,-12.833465357,23.755045084,9.961396759,-0.866552833672,-0.152194720684,0.475313531736,0.612686207723,0.782742746835
2895,-20.031389530,12.776565443,-12.825864844,23.759149627,147.469160810,0.741903315913,-0.473206127523,0.475032031248,0.612686207723,0.782742746835
2896,6.141137827,-22.956015362,-12.818259824,23.763253462,284.976924860,-0.227449549147,0.850222791167,0.474750363846,0.612686207723,0.782742746835
2897,10.980177247,21.078969301,-12.810650289,23.767356588,62.484688910,-0.406673231379,-0.780702566697,0.474468529233,0.612686207723,0.782742746835
2898,-22.338935350,-8.127375386,-12.803036232,23.771459005,199.992452960,0.827367975927,0.301013903196,0.474186527111,0.612686207723,0.782742746835
2899,21.965788379,-9.098429985,-12.795417644,23.775560715,337.500217010,-0.813547717758,0.336978888326,0.473904357180,0.612686207723,0.782742746835
2900,-10.052721262,21.550292495,-12.787794517,23.779661717,115.007981060,0.372323009700,-0.798158981302,0.473622019140,0.612686207723,0.782742746835
2901,-7.145681528,-22.684941502,-12.780166843,23.783762013,252.515745110,0.264654871419,0.840183018609,0.473339512691,0.612686207723,0.782742746835
2902,20.596010489,11.902382597,-12.772534613,23.787861601,30.023509160,-0.762815203289,-0.440828985091,0.473056837532,0.612686207723,0.782742746835
2903,-23.230803276,5.136843659,-12.764897821,23.791960483,167.531273210,0.860400121332,-0.190253468868,0.472773993359,0.612686207723,0.782742746835
2904,13.662136217,-19.483286214,-12.757256456,23.796058659,305.039037260,-0.506005045083,0.721603193102,0.472490979868,0.612686207723,0.782742746835
2905,3.087268192,23.599072162,-12.749610512,23.800156129,82.546801310,-0.114343266360,-0.874039709693,0.472207796756,0.612686207723,0.782742746835
2906,-18.220535476,-15.318438002,-12.741959980,23.804252894,220.054565360,0.674834647277,0.567349555615,0.471924443717,0.612686207723,0.782742746835
2907,23.786804349,-1.012629643,-12.734304852,23.808348954,357.562329410,-0.880992753670,0.037504801603,0.471640920445,0.612686207723,0.782742746835
2908,-16.858527134,16.817329362,-12.726645119,23.812444310,135.070093460,0.624389893865,-0.622864050447,0.471357226633,0.612686207723,0.782742746835
2909,1.071194644,-23.792437246,-12.718980773,23.816538961,272.577857510,-0.039673875721,0.881201379496,0.471073361972,0.612686207723,0.782742746835
2910,15.284321693,18.270524419,-12.711311806,23.820632909,50.085621560,-0.566085988620,-0.676686089607,0.470789326154,0.612686207723,0.782742746835
2911,-23.615802405,-3.148246025,-12.703638209,23.824726153,187.593385610,0.874659348319,0.116601704611,0.470505118868,0.612686207723,0.782742746835
2912,19.543523910,-13.633168139,-12.695959975,23.828818693,325.101149660,-0.723834218870,0.504932153315,0.470220739803,0.612686207723,0.782742746835
2913,-5.202606769,23.258127767,-12.688277094,23.832910531,102.608913710,0.192689139580,-0.861412139505,0.469936188649,0.612686207723,0.782742746835
2914,-11.876437602,-20.667677140,-12.680589557,23.837001667,240.116677760,0.439868059315,0.765469523712,0.469651465091,0.612686207723,0.782742746835
2915,22.722029218,7.218522062,-12.672897358,23.841092101,17.624441810,-0.841556637708,-0.267352668973,0.469366568817,0.612686207723,0.782742746835
2916,-21.634269318,10.027516527,-12.665200487,23.845181833,155.132205860,0.801269234013,-0.371389500982,0.469081499511,0.612686207723,0.782742746835
2917,9.180520835,-22.011491497,-12.657498935,23.849270863,292.639969910,-0.340019290169,0.815240425806,0.468796256858,0.612686207723,0.782742746835
2918,8.100506901,22.435786876,-12.649792695,23.853359193,70.147733960,-0.300018774111,-0.830955069469,0.468510840541,0.612686207723,0.782742746835
2919,-21.131838600,-11.073534497,-12.642081757,23.857446822,207.655498010,0.782660688871,0.410130907309,0.468225250243,0.612686207723,0.782742746835
2920,23.065975864,-6.110118687,-12.634366112,23.861533751,345.163262060,-0.854295402376,0.226300692119,0.467939485645,0.612686207723,0.782742746835
2921,-12.883012681,20.089693907,-12.626645754,23.865619980,122.671026110,0.477148617823,-0.744062737290,0.467653546428,0.612686207723,0.782742746835
2922,-4.071557528,-23.519890739,-12.618920671,23.869705509,260.178790161,0.150798426960,0.871107064418,0.467367432270,0.612686207723,0.782742746835
2923,18.892930323,14.595035080,-12.611190857,23.873790339,37.686554211,-0.699738160105,-0.540556854813,0.467081142852,0.612686207723,0.782742746835
2924,-23.793933151,2.000408576,-12.603456302,23.877874471,175.194318261,0.881256783356,-0.074089206508,0.466794677849,0.612686207723,0.782742746835
2925,16.196418544,-17.550610807,-12.595716997,23.881957904,312.702082311,-0.599867353465,0.650022622467,0.466508036939,0.612686207723,0.782742746835
2926,-0.087482665,23.885880436,-12.587972935,23.886040639,90.209846361,0.003240098709,-0.884662238355,0.466221219797,0.612686207723,0.782742746835
2927,-16.072919744,-17.674818596,-12.580224105,23.890122676,227.717610411,0.595293323833,0.654622910957,0.465934226098,0.612686207723,0.782742746835
2928,23.794903592,2.176131573,-12.572470499,23.894204016,5.225374461,-0.881292725611,-0.080597465683,0.465647055516,0.612686207723,0.782742746835
2929,-19.018824595,14.471085676,-12.564712108,23.898284659,142.733138511,0.704400910926,-0.535966136165,0.465359707722,0.612686207723,0.782742746835
2930,4.249536795,-23.521574580,-12.556948924,23.902364605,280.240902561,-0.157390251655,0.871169428901,0.465072182388,0.612686207723,0.782742746835
2931,12.757295983,20.218047803,-12.549180938,23.906443855,57.748666611,-0.472492443828,-0.748816585309,0.464784479186,0.612686207723,0.782742746835
2932,-23.067862903,-6.291802837,-12.541408140,23.910522409,195.256430661,0.854365292717,0.233029734687,0.464496597784,0.612686207723,0.782742746835
2933,21.263201687,-10.944604149,-12.533630522,23.914600267,332.764194711,-0.787525988395,0.405355709210,0.464208537850,0.612686207723,0.782742746835
2934,-8.287261937,22.437121464,-12.525848074,23.918677430,110.271958761,0.306935627285,-0.831004498682,0.463920299053,0.612686207723,0.782742746835
2935,-9.046830335,-22.146173822,-12.518060789,23.922753899,247.779722811,0.335067790200,0.820228660092,0.463631881059,0.612686207723,0.782742746835
2936,21.634061823,10.220594269,-12.510268655,23.926829672,25.287486861,-0.801261548998,-0.378540528481,0.463343283533,0.612686207723,0.782742746835
2937,-22.860088860,7.078456014,-12.502471666,23.930904752,162.795250911,0.846669957793,-0.262165037553,0.463054506139,0.612686207723,0.782742746835
2938,12.076945565,-20.664719019,-12.494669811,23.934979138,300.303014961,-0.447294280196,0.765359963669,0.462765548541,0.612686207723,0.782742746835
2939,5.054513452,23.399362046,-12.486863081,23.939052830,77.810779011,-0.187204201927,-0.866643038744,0.462476410400,0.612686207723,0.782742746835
2940,-19.536406233,-13.842041250,-12.479051467,23.943125829,215.318543061,0.723570601234,0.512668194443,0.462187091379,0.612686207723,0.782742746835
2941,23.759742892,-2.990470909,-12.471234961,23.947198136,352.826307111,-0.879990477485,0.110758181807,0.461897591136,0.612686207723,0.782742746835
2942,-15.502296210,18.257659621,-12.463413552,23.951269750,130.334071161,0.574159118893,-0.676209615603,0.461607909332,0.612686207723,0.782742746835
2943,-0.902114410,-23.938348654,-12.455587232,23.955340672,267.841835211,0.033411644797,0.886605505720,0.461318045625,0.612686207723,0.782742746835
2944,16.838173740,17.044919357,-12.447755991,23.959410902,45.349599261,-0.623636064433,-0.631293309531,0.461027999670,0.612686207723,0.782742746835
2945,-23.933687351,-1.194572995,-12.439919820,23.963480441,182.857363311,0.886432864859,0.044243444246,0.460737771124,0.612686207723,0.782742746835
2946,18.458012176,-15.288728052,-12.432078710,23.967549289,320.365127361,-0.683630080602,0.566249187104,0.460447359641,0.612686207723,0.782742746835
2947,-3.283533559,23.745670140,-12.424232652,23.971617447,97.872891411,0.121612354031,-0.879469264435,0.460156764876,0.612686207723,0.782742746835
2948,-13.621105070,-19.730660500,-12.416381635,23.975684914,235.380655461,0.504485372955,0.730765203710,0.459865986480,0.612686207723,0.782742746835
2949,23.375612951,5.348757832,-12.408525651,23.979751691,12.888419512,-0.865763442621,-0.198102141935,0.459575024106,0.612686207723,0.782742746835
2950,-20.853018807,11.848000755,-12.400664690,23.983817779,150.396183562,0.772334029879,-0.438814842785,0.459283877404,0.612686207723,0.782742746835
2951,7.374407359,-22.826227359,-12.392798743,23.987883177,287.903947612,-0.273126198488,0.845415828096,0.458992546022,0.612686207723,0.782742746835
2952,9.982927859,21.816386382,-12.384927799,23.991947887,65.411711662,-0.369738068868,-0.808014310434,0.458701029609,0.612686207723,0.782742746835
2953,-22.101600751,-9.344936153,-12.377051851,23.996011908,202.919475712,0.818577805609,0.346108746408,0.458409327811,0.612686207723,0.782742746835
2954,22.613274762,-8.040112940,-12.369170887,24.000075241,340.427239762,-0.837528694898,0.297781960731,0.458117440276,0.612686207723,0.782742746835
2955,-11.245210011,21.207165945,-12.361284899,24.004137886,117.935003812,0.416489259683,-0.785450590568,0.457825366647,0.612686207723,0.782742746835
2956,-6.034387836,-23.237465937,-12.353393877,24.008199843,255.442767862,0.223495845764,0.860646886545,0.457533106568,0.612686207723,0.782742746835
2957,20.149660468,13.060622757,-12.345497811,24.012261114,32.950531912,-0.746283721043,-0.483726768786,0.457240659682,0.612686207723,0.782742746835
2958,-23.684060849,3.981076434,-12.337596692,24.016321697,170.458295962,0.877187438847,-0.147447275330,0.456948025630,0.612686207723,0.782742746835
2959,14.777208511,-18.937075818,-12.329690509,24.020381594,307.966060012,-0.547304018941,0.701373178460,0.456655204052,0.612686207723,0.782742746835
2960,1.895877587,23.949517828,-12.321779254,24.024440806,85.473824062,-0.070217688394,-0.887019178816,0.456362194587,0.612686207723,0.782742746835
2961,-17.578597081,-16.381749136,-12.313862916,24.028499331,222.981588112,0.651059151147,0.606731449488,0.456068996873,0.612686207723,0.782742746835
2962,24.031680644,0.205254923,-12.305941485,24.032557171,0.489352162,-0.890062246085,-0.007602034199,0.455775610547,0.612686207723,0.782742746835
2963,-17.861876021,16.084533356,-12.298014952,24.036614326,137.997116212,0.661550963729,-0.595723457620,0.455482035244,0.612686207723,0.782742746835
2964,2.306234452,-23.929795966,-12.290083306,24.040670796,275.504880262,-0.085416090799,0.886288739487,0.455188270599,0.612686207723,0.782742746835
2965,14.466239527,19.206165426,-12.282146539,24.044726582,53.012644312,-0.535786649135,-0.711339460214,0.454894316244,0.612686207723,0.782742746835
2966,-23.644520080,-4.390964661,-12.274204639,24.048781684,190.520408362,0.875722965935,0.162628320787,0.454600171812,0.612686207723,0.782742746835
2967,20.404226653,-12.736029964,-12.266257597,24.052836102,328.028172412,-0.755712098262,0.471704813488,0.454305836934,0.612686207723,0.782742746835
2968,-6.443462850,23.177914814,-12.258305403,24.056889837,105.535936462,0.238646772238,-0.858441289412,0.454011311239,0.612686207723,0.782742746835
2969,-10.907084817,-21.446782358,-12.250348048,24.060942889,243.043700512,0.403966104347,0.794325272508,0.453716594356,0.612686207723,0.782742746835
2970,22.533432686,8.447982491,-12.242385520,24.064995258,20.551464562,-0.834571580966,-0.312888240415,0.453421685911,0.612686207723,0.782742746835
2971,-22.325740384,8.993349609,-12.234417809,24.069046946,158.059228612,0.826879273471,-0.333087022547,0.453126585531,0.612686207723,0.782742746835
2972,10.389134042,-21.715891389,-12.226444907,24.073097951,295.566992662,-0.384782742298,0.804292273651,0.452831292840,0.612686207723,0.782742746835
2973,7.009428897,23.034256566,-12.218466801,24.077148274,73.074756712,-0.259608477654,-0.853120613568,0.452535807463,0.612686207723,0.782742746835
2974,-20.731437794,-12.252003106,-12.210483484,24.081197917,210.582520762,0.767831029395,0.453777892809,0.452240129020,0.612686207723,0.782742746835
2975,23.566788014,-4.970474816,-12.202494943,24.085246878,348.090284813,-0.872844000505,0.184091659848,0.451944257135,0.612686207723,0.782742746835
2976,-14.022265027,19.587501749,-12.194501168,24.089295159,125.598048863,0.519343149137,-0.725463027747,0.451648191425,0.612686207723,0.782742746835
2977,-2.892071348,-23.919136453,-12.186502151,24.093342760,263.105812913,0.107113753622,0.885893942697,0.451351931510,0.612686207723,0.782742746835
2978,18.292740013,15.686295045,-12.178497879,24.097389680,40.613576963,-0.677508889360,-0.580973890548,0.451055477008,0.612686207723,0.782742746835
2979,-24.088481302,0.790115203,-12.170488343,24.101435922,178.121341013,0.892165974157,-0.029263526045,0.450758827533,0.612686207723,0.782742746835
2980,17.231273162,-16.856970747,-12.162473533,24.105481484,315.629105063,-0.638195302311,0.624332249887,0.450461982702,0.612686207723,0.782742746835
2981,-1.319305771,24.073402209,-12.154453437,24.109526367,93.136869113,0.048863176699,-0.891607489225,0.450164942127,0.612686207723,0.782742746835
2982,-15.291099071,-18.645282913,-12.146428046,24.113570572,230.644633163,0.566337002627,0.690566033826,0.449867705421,0.612686207723,0.782742746835
2983,23.873890872,3.420035731,-12.138397349,24.117614098,8.152397213,-0.884218180462,-0.126667990030,0.449570272195,0.612686207723,0.782742746835
2984,-19.917403276,13.607034233,-12.130361336,24.121656947,145.660161263,0.737681602805,-0.503964230854,0.449272642058,0.612686207723,0.782742746835
2985,5.495974580,-23.491352055,-12.122319995,24.125699118,283.167925313,-0.203554614063,0.870050076105,0.448974814620,0.612686207723,0.782742746835
2986,11.817599034,21.037793019,-12.114273316,24.129740612,60.675689363,-0.437688853108,-0.779177519209,0.448676789486,0.612686207723,0.782742746835
2987,-22.928593766,-7.531201366,-12.106221289,24.133781430,198.183453413,0.849207176514,0.278933383935,0.448378566263,0.612686207723,0.782742746835
2988,21.997766831,-9.936432188,-12.098163903,24.137821571,335.691217463,-0.814732104846,0.368016006974,0.448080144555,0.612686207723,0.782742746835
2989,-9.510096394,22.189806688,-12.090101147,24.141861035,113.198981513,0.352225792370,-0.821844692131,0.447781523966,0.612686207723,0.782742746835
2990,-7.977884370,-22.789862644,-12.082033011,24.145899824,250.706745563,0.295477198876,0.844068986801,0.447482704096,0.612686207723,0.782742746835
2991,21.280532990,11.417461103,-12.073959483,24.149937938,28.214509613,-0.788167888536,-0.422868929758,0.447183684548,0.612686207723,0.782742746835
2992,-23.407899625,5.956908730,-12.065880553,24.153975376,165.722273663,0.866959245383,-0.220626249249,0.446884464920,0.612686207723,0.782742746835
2993,13.238634808,-20.207624773,-12.057796210,24.158012140,303.230037713,-0.490319807706,0.748430547161,0.446585044809,0.612686207723,0.782742746835
2994,3.888946728,23.847026397,-12.049706443,24.162048229,80.737801763,-0.144035064008,-0.883223199893,0.446285423813,0.612686207723,0.782742746835
2995,-18.979192437,-14.959607386,-12.041611241,24.166083645,218.245565813,0.702933053234,0.554059532815,0.445985601526,0.612686207723,0.782742746835
2996,24.103759094,-1.789810144,-12.033510594,24.170118386,355.753329863,-0.892731818280,0.066289264607,0.445685577542,0.612686207723,0.782742746835
2997,-16.567127063,17.604543384,-12.025404489,24.174152454,133.261093913,0.613597298624,-0.652020125327,0.445385351454,0.612686207723,0.782742746835
2998,0.324439828,-24.176008971,-12.017292917,24.178185849,270.768857963,-0.012016289909,0.895407739651,0.445084922852,0.612686207723,0.782742746835
2999,16.094111500,18.048802455,-12.009175866,24.182218571,48.276622013,-0.596078203686,-0.668474165006,0.444784291326,0.612686207723,0.782742746835
3000,-24.063099341,-2.437615475,-12.001053325,24.186250621,185.784386063,0.891225901520,0.090282054636,0.444483456465,0.612686207723,0.782742746835
3001,19.393198089,-14.459377962,-11.992925282,24.190281999,323.292150114,-0.718266595896,0.535532517116,0.444182417855,0.612686207723,0.782742746835
3002,-4.533526516,23.765771702,-11.984791727,24.194312705,100.799914164,0.167908389479,-0.880213766735,0.443881175082,0.612686207723,0.782742746835
3003,-12.712783969,-20.589922659,-11.976652649,24.198342739,238.307678214,0.470843850699,0.762589728102,0.443579727730,0.612686207723,0.782742746835
3004,23.286180998,6.596104148,-11.968508035,24.202372103,15.815442264,-0.862451148083,-0.244300153615,0.443278075381,0.612686207723,0.782742746835
3005,-21.629709341,10.867636050,-11.960357876,24.206400796,153.323206314,0.801100345957,-0.402505038892,0.442976217617,0.612686207723,0.782742746835
3006,8.609524250,-22.627880054,-11.952202158,24.210428818,290.830970364,-0.318871268534,0.838069631635,0.442674154017,0.612686207723,0.782742746835
3007,8.938004689,22.504487548,-11.944040872,24.214456171,68.338734414,-0.331037210719,-0.833499538827,0.442371884160,0.612686207723,0.782742746835
3008,-21.795793281,-10.558328797,-11.935874006,24.218482853,205.846498464,0.807251602995,0.391049214687,0.442069407622,0.612686207723,0.782742746835
3009,23.207445564,-6.938617023,-11.927701547,24.222508867,343.354262514,-0.859535020891,0.256985815650,0.441766723980,0.612686207723,0.782742746835
3010,-12.427544535,20.796179858,-11.919523486,24.226534211,120.862026564,0.460279427222,-0.770228883644,0.441463832807,0.612686207723,0.782742746835
3011,-4.884744433,-23.733083571,-11.911339809,24.230558886,258.369790614,0.180916460481,0.879003095211,0.441160733676,0.612686207723,0.782742746835
3012,19.636586665,14.202798041,-11.903150506,24.234582894,35.877554664,-0.727280987578,-0.526029557069,0.440857426157,0.612686207723,0.782742746835
3013,-24.077256663,2.792085903,-11.894955565,24.238606233,173.385318714,0.891750246777,-0.103410588985,0.440553909821,0.612686207723,0.782742746835
3014,15.870426245,-18.325791306,-11.886754974,24.242628904,310.893082764,-0.587793564625,0.678733011328,0.440250184235,0.612686207723,0.782742746835
3015,0.676648008,24.237207507,-11.878548722,24.246650908,88.400846814,-0.025061037351,-0.897674352105,0.439946248966,0.612686207723,0.782742746835
3016,-16.873735680,-17.417581593,-11.870336797,24.250672245,225.908610864,0.624953173317,0.645095614558,0.439642103580,0.612686207723,0.782742746835
3017,24.211588387,1.445377517,-11.862119186,24.254692915,3.416374914,-0.896725495832,-0.053532500633,0.439337747639,0.612686207723,0.782742746835
3018,-18.832331027,15.291450571,-11.853895879,24.258712919,140.924138964,0.697493741758,-0.566350021141,0.439033180707,0.612686207723,0.782742746835
3019,3.557737727,-24.000472471,-11.845666863,24.262732257,278.431903014,-0.131768063945,0.888906387817,0.438728402342,0.612686207723,0.782742746835
3020,13.590971856,20.103748025,-11.837432127,24.266750929,55.939667064,-0.503369327995,-0.744583260187,0.438423412106,0.612686207723,0.782742746835
3021,-23.605354186,-5.644242948,-11.829191658,24.270768935,193.447431114,0.874272377271,0.209046035117,0.438118209554,0.612686207723,0.782742746835
3022,21.221996985,-11.785248948,-11.820945445,24.274786277,330.955195164,-0.785999888331,0.436490701780,0.437812794244,0.612686207723,0.782742746835
3023,-7.688890875,23.029138716,-11.812693475,24.278802954,108.462959214,0.284773736110,-0.852931063544,0.437507165729,0.612686207723,0.782742746835
3024,-9.888046183,-22.178409312,-11.804435736,24.282818966,245.970723264,0.366223932718,0.821422567123,0.437201323562,0.612686207723,0.782742746835
3025,22.276120670,9.675989300,-11.796172217,24.286834315,23.478487314,-0.825041506290,-0.358369974068,0.436895267296,0.612686207723,0.782742746835
3026,-22.965550611,7.913837896,-11.787902905,24.290848999,160.986251364,0.850575948547,-0.293105107269,0.436588996478,0.612686207723,0.782742746835
3027,11.590276556,-21.351952101,-11.779627788,24.294863020,298.494015415,-0.429269502072,0.790813040791,0.436282510658,0.612686207723,0.782742746835
3028,5.877697986,23.577278461,-11.771346853,24.298876379,76.001779465,-0.217692517985,-0.873232535609,0.435975809383,0.612686207723,0.782742746835
3029,-20.263600096,-13.417038738,-11.763060089,24.302889074,213.509543515,0.750503707256,0.496927360655,0.435668892196,0.612686207723,0.782742746835
3030,24.008790341,-3.795184814,-11.754767483,24.306901107,351.017307565,-0.889214457078,0.140562400505,0.435361758642,0.612686207723,0.782742746835
3031,-15.142222802,19.019294259,-11.746469023,24.310912478,128.525071615,0.560823066734,-0.704418305889,0.435054408263,0.612686207723,0.782742746835
3032,-1.682222317,-24.256661305,-11.738164696,24.314923187,266.032835665,0.062304530246,0.898394863132,0.434746840597,0.612686207723,0.782742746835
3033,17.628464494,16.752544679,-11.729854490,24.318933234,43.540599715,-0.652906092361,-0.620464617757,0.434439055185,0.612686207723,0.782742746835
3034,-24.318871136,-0.445021764,-11.721538392,24.322942621,181.048363765,0.900698930979,0.016482287564,0.434131051562,0.612686207723,0.782742746835
3035,18.235591567,-16.101669541,-11.713216390,24.326951346,318.556127815,-0.675392280264,0.596358131133,0.433822829264,0.612686207723,0.782742746835
3036,-2.570259601,24.194820757,-11.704888471,24.330959411,96.063891865,0.095194800019,-0.896104472480,0.433514387825,0.612686207723,0.782742746835
3037,-14.450516820,-19.579917609,-11.696554623,24.334966816,233.571655915,0.535204326663,0.725182133680,0.433205726777,0.612686207723,0.782742746835
3038,23.885337749,4.677207996,-11.688214833,24.338973562,11.079419965,-0.884642138860,-0.173229925767,0.432896845649,0.612686207723,0.782742746835
3039,-20.775132235,12.687574186,-11.679869087,24.342979647,148.587184015,0.769449342026,-0.469910155053,0.432587743970,0.612686207723,0.782742746835
3040,6.749713151,-23.392670958,-11.671517374,24.346985074,286.094948065,-0.249989375974,0.866395220674,0.432278421268,0.612686207723,0.782742746835
3041,10.826274266,21.811980464,-11.663159681,24.350989841,63.602712115,-0.400973120969,-0.807851128306,0.431968877067,0.612686207723,0.782742746835
3042,-22.720474196,-8.771874523,-11.654795994,24.354993951,201.110476165,0.841499044291,0.324884241604,0.431659110891,0.612686207723,0.782742746835
3043,22.682414571,-8.880812104,-11.646426301,24.358997402,338.618240215,-0.840089428569,0.328918966815,0.431349122261,0.612686207723,0.782742746835
3044,-10.728166820,21.873779170,-11.638050589,24.363000195,116.126004265,0.397339511849,-0.810139969257,0.431038910698,0.612686207723,0.782742746835
3045,-6.866036902,-23.379656538,-11.629668844,24.367002330,253.633768315,0.254297663040,0.865913205105,0.430728475721,0.612686207723,0.782742746835
3046,20.858957837,12.603559204,-11.621281055,24.371003809,31.141532365,-0.772553993959,-0.466798489030,0.430417816845,0.612686207723,0.782742746835
3047,-23.898250822,4.797338674,-11.612887207,24.375004630,168.649296415,0.885120400826,-0.177679210163,0.430106933585,0.612686207723,0.782742746835
3048,14.383630784,-19.683674460,-11.604487287,24.379004795,306.157060465,-0.532727066083,0.729024980014,0.429795825455,0.612686207723,0.782742746835
3049,2.690530683,24.234107030,-11.596081283,24.383004304,83.664824515,-0.099649284560,-0.897559519613,0.429484491966,0.612686207723,0.782742746835
3050,-18.356827736,-16.054681511,-11.587669181,24.387003156,221.172588565,0.679882508742,0.594617833745,0.429172932627,0.612686207723,0.782742746835
3051,24.384532148,-0.561728554,-11.579250968,24.391001354,358.680352615,-0.903130820285,0.020804761276,0.428861146946,0.612686207723,0.782742746835
3052,-17.603837618,16.888483420,-11.570826630,24.394998895,136.188116665,0.651993985868,-0.625499385908,0.428549134430,0.612686207723,0.782742746835
3053,1.572773001,-24.348252099,-11.562396154,24.398995782,273.695880716,-0.058250851907,0.901787114773,0.428236894582,0.612686207723,0.782742746835
3054,15.289797968,19.019150806,-11.553959526,24.402992015,51.203644766,-0.566288813618,-0.704412992803,0.427924426905,0.612686207723,0.782742746835
3055,-24.125422432,-3.696624924,-11.545516734,24.406987592,188.711408816,0.893534164138,0.136912034224,0.427611730899,0.612686207723,0.782742746835
3056,20.289690393,-13.572933772,-11.537067764,24.410982516,326.219172866,-0.751470014540,0.502701250828,0.427298806063,0.612686207723,0.782742746835
3057,-5.793549033,23.717628066,-11.528612601,24.414976787,103.726936916,0.214575890124,-0.878430669122,0.426985651894,0.612686207723,0.782742746835
3058,-11.750966631,-21.405627737,-11.520151233,24.418970404,241.234700966,0.435220986319,0.792801027297,0.426672267887,0.612686207723,0.782742746835
3059,23.127872086,7.847462801,-11.511683645,24.422963367,18.742465016,-0.856587855046,-0.290646770399,0.426358653536,0.612686207723,0.782742746835
3060,-22.358312264,9.837786156,-11.503209825,24.426955679,156.250229066,0.828085639397,-0.364362450204,0.426044808330,0.612686207723,0.782742746835
3061,9.842602702,-22.360553657,-11.494729758,24.430947337,293.757993116,-0.364540840801,0.828168653973,0.425730731761,0.612686207723,0.782742746835
3062,7.847989886,23.140338516,-11.486243430,24.434938344,71.265757166,-0.290666292075,-0.857049574660,0.425416423315,0.612686207723,0.782742746835
3063,-21.421435234,-11.763645204,-11.477750827,24.438928699,208.773521216,0.793386490130,0.435690563121,0.425101882479,0.612686207723,0.782742746835
3064,23.745603710,-5.796771903,-11.469251936,24.442918403,346.281285266,-0.879466804061,0.214695255669,0.424787108735,0.612686207723,0.782742746835
3065,-13.595824467,20.317599297,-11.460746742,24.446907455,123.789049316,0.503549054330,-0.752503677649,0.424472101566,0.612686207723,0.782742746835
3066,-3.699806802,-24.169355345,-11.452235232,24.450895857,261.296813366,0.137029881555,0.895161309090,0.424156860452,0.612686207723,0.782742746835
3067,19.057394951,15.325045838,-11.443717392,24.454883608,38.804577416,-0.705829442640,-0.567594290293,0.423841384871,0.612686207723,0.782742746835
3068,-24.408228503,1.573129907,-11.435193206,24.458870709,176.312341466,0.904008463059,-0.058264070641,0.423525674298,0.612686207723,0.782742746835
3069,16.937994287,-17.650374782,-11.426662662,24.462857160,313.820105516,-0.627333121750,0.653717584515,0.423209728208,0.612686207723,0.782742746835
3070,-0.566985355,24.460272527,-11.418125744,24.466842961,91.327869566,0.020999457581,-0.905936019524,0.422893546074,0.612686207723,0.782742746835
3071,-16.107222445,-18.422236935,-11.409582439,24.470828114,228.835633616,0.596563794250,0.682305071665,0.422577127364,0.612686207723,0.782742746835
3072,24.324966900,2.704151988,-11.401032732,24.474812617,6.343397666,-0.900924699992,-0.100153777328,0.422260471548,0.612686207723,0.782742746835
3073,-19.766318887,14.439671547,-11.392476608,24.478796472,143.851161716,0.732085884693,-0.534802649901,0.421943578091,0.612686207723,0.782742746835
3074,4.821994909,-24.003226156,-11.383914054,24.482779679,281.358925766,-0.178592404051,0.889008376148,0.421626446458,0.612686207723,0.782742746835
3075,12.660416429,20.959851639,-11.375345055,24.486762238,58.866689816,-0.468904312202,-0.776290801430,0.421309076111,0.612686207723,0.782742746835
3076,-23.497393813,-6.904276423,-11.366769596,24.490744149,196.374453866,0.870273844944,0.255713941606,0.420991466510,0.612686207723,0.782742746835
3077,21.993593368,-10.783015525,-11.358187662,24.494725412,333.882217916,-0.814577532141,0.399370945357,0.420673617113,0.612686207723,0.782742746835
3078,-8.935020723,22.811225346,-11.349599239,24.498706029,111.389981966,0.330926693459,-0.844860197998,0.420355527376,0.612686207723,0.782742746835
3079,-8.821788038,-22.859520489,-11.341004312,24.502685999,248.897746016,0.326732890282,0.846648907017,0.420037196753,0.612686207723,0.782742746835
3080,21.949860327,10.898636469,-11.332402867,24.506665323,26.405510067,-0.812957789887,-0.403653202570,0.419718624696,0.612686207723,0.782742746835
3081,-23.550889925,6.791704725,-11.323794888,24.510644001,163.913274117,0.872255182413,-0.251544619453,0.419399810655,0.612686207723,0.782742746835
3082,12.780036498,-20.919783950,-11.315180360,24.514622033,301.421038167,-0.473334685115,0.774806812973,0.419080754077,0.612686207723,0.782742746835
3083,4.708273614,24.062291601,-11.306559269,24.518599420,78.928802217,-0.174380504232,-0.891195985205,0.418761454408,0.612686207723,0.782742746835
3084,-19.728778214,-14.564753748,-11.297931599,24.522576161,216.436566267,0.730695489418,0.539435324005,0.418441911093,0.612686207723,0.782742746835
3085,24.389690762,-2.587421528,-11.289297336,24.526552258,353.944330317,-0.903321880090,0.095830426956,0.418122123571,0.612686207723,0.782742746835
3086,-16.239052509,18.385863138,-11.280656465,24.530527710,131.452094367,0.601446389220,-0.680957894010,0.417802091282,0.612686207723,0.782742746835
3087,-0.445372326,-24.530459786,-11.272008969,24.534502518,268.959858417,0.016495271343,0.908535547617,0.417481813664,0.612686207723,0.782742746835
3088,16.901228454,17.790034138,-11.263354834,24.538476682,46.467622467,-0.625971424230,-0.658890153247,0.417161290152,0.612686207723,0.782742746835
3089,-24.483399218,-1.701477207,-11.254694045,24.542450203,183.975386517,0.906792563633,0.063017674337,0.416840520177,0.612686207723,0.782742746835
3090,19.205736431,-15.286156292,-11.246026586,24.546423080,321.483150567,-0.711323571524,0.566153936728,0.416519503171,0.612686207723,0.782742746835
3091,-3.836682886,24.248747897,-11.237352441,24.550395315,98.990914617,0.142099366132,-0.898101773944,0.416198238563,0.612686207723,0.782742746835
3092,-13.552935442,-20.475225886,-11.228671596,24.554366907,236.498678667,0.501960571928,0.758341699491,0.415876725777,0.612686207723,0.782742746835
3093,23.828182048,5.943879083,-11.219984034,24.558337856,14.006442717,-0.882525261036,-0.220143669748,0.415554964239,0.612686207723,0.782742746835
3094,-21.588682138,11.714767854,-11.211289741,24.562308164,151.514206767,0.799580819936,-0.433880290894,0.415232953370,0.612686207723,0.782742746835
3095,8.006904178,-23.224803377,-11.202588700,24.566277830,289.021970817,-0.296552006611,0.860177902849,0.414910692589,0.612686207723,0.782742746835
3096,9.785668072,22.537473924,-11.193880895,24.570246855,66.529734867,-0.362432150813,-0.834721256451,0.414588181314,0.612686207723,0.782742746835
3097,-22.443116222,-10.009924516,-11.185166312,24.574215238,204.037498917,0.831226526743,0.370737945039,0.414265418960,0.612686207723,0.782742746835
3098,23.314225984,-7.780356381,-11.176444933,24.578182981,341.545262967,-0.863489851258,0.288161347456,0.413942404939,0.612686207723,0.782742746835
3099,-11.937555935,21.488993951,-11.167716744,24.582150084,119.053027017,0.442131701310,-0.795888664845,0.413619138662,0.612686207723,0.782742746835
3100,-5.714146480,-23.912876381,-11.158981727,24.586116546,256.560791067,0.211635054805,0.885662088186,0.413295619536,0.612686207723,0.782742746835
3101,20.369634842,13.774981934,-11.150239868,24.590082368,34.068555117,-0.754430920083,-0.510184516066,0.412971846968,0.612686207723,0.782742746835
3102,-24.328723797,3.602828527,-11.141491150,24.594047551,171.576319167,0.901063844315,-0.133438093581,0.412647820361,0.612686207723,0.782742746835
3103,15.508067556,-19.093507789,-11.132735556,24.598012095,309.084083217,-0.574372872457,0.707166955164,0.412323539117,0.612686207723,0.782742746835
3104,1.462548468,24.558464429,-11.123973071,24.601976000,86.591847267,-0.054168461772,-0.909572756617,0.411999002632,0.612686207723,0.782742746835
3105,-17.670288231,-17.123468137,-11.115203678,24.605939267,224.099611317,0.654455119664,0.634202523580,0.411674210306,0.612686207723,0.782742746835
3106,24.600218207,0.690315445,-11.106427361,24.609901895,1.607375367,-0.911119192869,-0.025567238700,0.411349161530,0.612686207723,0.782742746835
3107,-18.608732052,16.110784796,-11.097644104,24.613863885,139.115139418,0.689212298240,-0.596695733186,0.411023855697,0.612686207723,0.782742746835
3108,2.839277993,-24.453544117,-11.088853889,24.617825237,276.622903468,-0.105158444182,0.905686819163,0.410698292196,0.612686207723,0.782742746835
3109,14.426857220,19.952396705,-11.080056701,24.621785953,54.130667518,-0.534328045175,-0.738977655729,0.410372470413,0.612686207723,0.782742746835
3110,-24.119444503,-4.967873231,-11.071252523,24.625746031,191.638431568,0.893312759376,0.183995304837,0.410046389734,0.612686207723,0.782742746835
3111,21.144076980,-12.631326151,-11.062441338,24.629705472,329.146195618,-0.783113962208,0.467826894482,0.409720049539,0.612686207723,0.782742746835
3112,-7.059780659,23.600358319,-11.053623129,24.633664277,106.653959668,0.261473357733,-0.874087345144,0.409393449208,0.612686207723,0.782742746835
3113,-10.737875540,-22.174545513,-11.044797879,24.637622446,244.161723718,0.397699094080,0.821279463430,0.409066588119,0.612686207723,0.782742746835
3114,22.900143365,9.098950365,-11.035965572,24.641579979,21.669487768,-0.848153457967,-0.336998161660,0.408739465645,0.612686207723,0.782742746835
3115,-23.035804132,8.760948349,-11.027126191,24.645536877,159.177251818,0.853177930805,-0.324479568465,0.408412081159,0.612686207723,0.782742746835
3116,11.069726170,-22.024047643,-11.018279719,24.649493140,296.685015868,-0.409989858140,0.815705468245,0.408084434029,0.612686207723,0.782742746835
3117,6.715636375,23.721145929,-11.009426138,24.653448767,74.192779918,-0.248727273163,-0.878560960337,0.407756523623,0.612686207723,0.782742746835
3118,-20.978670036,-12.956965838,-11.000565431,24.657403760,211.700543968,0.776987779104,0.479887623621,0.407428349306,0.612686207723,0.782742746835
3119,24.225207478,-4.617565042,-10.991697582,24.661358119,349.208308018,-0.897229906591,0.171020927494,0.407099910438,0.612686207723,0.782742746835
3120,-14.746157424,19.771910620,-10.982822572,24.665311844,126.716072068,0.546153978685,-0.732292985920,0.406771206379,0.612686207723,0.782742746835
3121,-2.482774015,-24.544010789,-10.973940385,24.669264935,264.223836118,0.091954593156,0.909037436632,0.406442236486,0.612686207723,0.782742746835
3122,18.412910966,16.423530871,-10.965051003,24.673217393,41.731600168,-0.681959665395,-0.608278921149,0.406113000112,0.612686207723,0.782742746835
3123,-24.674994678,0.327594575,-10.956154408,24.677169217,179.239364218,0.913888691787,-0.012133132418,0.405783496610,0.612686207723,0.782742746835
3124,17.976163984,-16.911984894,-10.947250584,24.681120409,316.747128268,-0.665783851269,0.626369810900,0.405453725327,0.612686207723,0.782742746835
3125,-1.831475323,24.617035298,-10.938339511,24.685070969,94.254892318,0.067832419364,-0.911742048082,0.405123685610,0.612686207723,0.782742746835
3126,-15.280540204,-19.392081989,-10.929421174,24.689020896,231.762656368,0.565945933492,0.718225258857,0.404793376802,0.612686207723,0.782742746835
3127,24.370455670,3.977897350,-10.920495553,24.692970192,9.270420418,-0.902609469256,-0.147329531480,0.404462798244,0.612686207723,0.782742746835
3128,-20.660349885,13.530991967,-10.911562630,24.696918856,146.778184468,0.765198143878,-0.501147850621,0.404131949274,0.612686207723,0.782742746835
3129,6.095219492,-23.937024134,-10.902622389,24.700866888,284.285948518,-0.225748870067,0.886556449404,0.403800829227,0.612686207723,0.782742746835
3130,11.676668047,21.771156892,-10.893674811,24.704814290,61.793712568,-0.432469186931,-0.806339144164,0.403469437436,0.612686207723,0.782742746835
3131,-23.319941726,-8.167202158,-10.884719877,24.708761061,199.301476618,0.863701545411,0.302488968806,0.403137773231,0.612686207723,0.782742746835
3132,22.715892344,-9.731707572,-10.875757570,24.712707202,336.809240668,-0.841329346092,0.360433613774,0.402805835938,0.612686207723,0.782742746835
3133,-10.177942743,22.523818568,-10.866787872,24.716652713,114.317004718,0.376960842323,-0.834215502510,0.402473624883,0.612686207723,0.782742746835
3134,-7.710953115,-23.487212425,-10.857810763,24.720597594,251.824768769,0.285590856106,0.869896756473,0.402141139387,0.612686207723,0.782742746835
3135,21.554639444,12.111997687,-10.848826227,24.724541846,29.332532819,-0.798319979392,-0.448592506910,0.401808378767,0.612686207723,0.782742746835
3136,-24.079097245,5.629837424,-10.839834243,24.728485469,166.840296869,0.891818416499,-0.208512497190,0.401475342342,0.612686207723,0.782742746835
3137,13.954501094,-20.419718825,-10.830834794,24.732428463,304.348060919,-0.516833373852,0.756285882391,0.401142029422,0.612686207723,0.782742746835
3138,3.504265555,24.486897816,-10.821827862,24.736370828,81.855824969,-0.129787613145,-0.906922141336,0.400808439319,0.612686207723,0.782742746835
3139,-19.127645674,-15.691279004,-10.812813426,24.740312565,219.363589019,0.708431321258,0.581158481630,0.400474571340,0.612686207723,0.782742746835
3140,24.707372538,-1.350493308,-10.803791469,24.744253674,356.871353069,-0.915087871763,0.050018270670,0.400140424789,0.612686207723,0.782742746835
3141,-17.308958430,17.688218452,-10.794761972,24.748194156,134.379117119,0.641072534459,-0.655119201940,0.399805998968,0.612686207723,0.782742746835
3142,0.814997096,-24.738712937,-10.785724916,24.752134010,271.886881169,-0.030185077635,0.916248627293,0.399471293176,0.612686207723,0.782742746835
3143,16.112370814,18.795070334,-10.776680281,24.756073237,49.394645219,-0.596754474593,-0.696113716084,0.399136306708,0.612686207723,0.782742746835
3144,-24.580558436,-2.975623159,-10.767628049,24.760011838,186.902409269,0.910391053175,0.110208265141,0.398801038856,0.612686207723,0.782742746835
3145,20.138145736,-14.412088557,-10.758568201,24.763949812,324.410173319,-0.745857249487,0.533781057677,0.398465488911,0.612686207723,0.782742746835
3146,-5.114829091,24.234000035,-10.749500716,24.767887160,101.917937369,0.189438114493,-0.897555556867,0.398129656160,0.612686207723,0.782742746835
3147,-12.600318461,-21.327804226,-10.740425577,24.771823882,239.425701419,0.466678461513,0.789918675045,0.397793539885,0.612686207723,0.782742746835
3148,23.701572881,7.216212681,-10.731342763,24.775759978,16.933465469,-0.877836032643,-0.267267136323,0.397457139369,0.612686207723,0.782742746835
3149,-22.354834190,10.690869698,-10.722252255,24.779695450,154.441229519,0.827956821859,-0.395958136981,0.397120453887,0.612686207723,0.782742746835
3150,9.263651059,-22.987237757,-10.713154033,24.783630296,291.948993569,-0.343098187367,0.851379176201,0.396783482716,0.612686207723,0.782742746835
3151,8.698308583,23.211264130,-10.704048078,24.787564518,69.456757619,-0.322159577154,-0.859676449271,0.396446225126,0.612686207723,0.782742746835
3152,-22.096351645,-11.241424411,-10.694934370,24.791498116,206.964521669,0.818383394255,0.416349052275,0.396108680386,0.612686207723,0.782742746835
3153,23.890424530,-6.637847443,-10.685812890,24.795431089,344.472285719,-0.884830538140,0.245846201592,0.395770847762,0.612686207723,0.782742746835
3154,-13.134336676,21.035627565,-10.676683616,24.799363439,121.980049769,0.486456913941,-0.779097317208,0.395432726514,0.612686207723,0.782742746835
3155,-4.525228477,-24.386999780,-10.667546529,24.803295165,259.487813819,0.167601054691,0.903222214080,0.395094315903,0.612686207723,0.782742746835
3156,19.813084004,14.927832307,-10.658401610,24.807226268,36.995577869,-0.733817926062,-0.552882678034,0.394755615184,0.612686207723,0.782742746835
3157,-24.697069768,2.376603475,-10.649248837,24.811156748,174.503341919,0.914706287699,-0.088022350935,0.394416623610,0.612686207723,0.782742746835
3158,16.608108200,-18.437984307,-10.640088192,24.815086606,312.011105969,-0.615115118514,0.682888307657,0.394077340430,0.612686207723,0.782742746835
3159,0.208410329,24.818140794,-10.630919652,24.819015842,89.518870019,-0.007718901082,-0.919190399789,0.393737764891,0.612686207723,0.782742746835
3160,-16.920766491,-18.162219930,-10.621743198,24.822944455,227.026634070,0.626695055218,0.672674812226,0.393397896235,0.612686207723,0.782742746835
3161,24.749165586,1.962752735,-10.612558810,24.826872447,4.534398120,-0.916635762448,-0.072694545733,0.393057733701,0.612686207723,0.782742746835
3162,-19.578181473,15.272964015,-10.603366466,24.830799818,142.042162170,0.725117832319,-0.565665333895,0.392717276527,0.612686207723,0.782742746835
3163,4.120254226,-24.490552235,-10.594166147,24.834726567,279.549926220,-0.152602008352,0.907057490186,0.392376523946,0.612686207723,0.782742746835
3164,13.507118107,20.845057644,-10.584957830,24.838652696,57.057690270,-0.500263633579,-0.772039172008,0.392035475186,0.612686207723,0.782742746835
3165,-24.044161992,-6.247556794,-10.575741496,24.842578204,194.565454320,0.890524518241,0.231390992365,0.391694129474,0.612686207723,0.782742746835
3166,21.953048552,-11.636682309,-10.566517123,24.846503092,332.073218370,-0.813075872299,0.430988233667,0.391352486034,0.612686207723,0.782742746835
3167,-8.328343999,23.413295928,-10.557284690,24.850427360,109.580982420,0.308457185142,-0.867159108439,0.391010544085,0.612686207723,0.782742746835
3168,-9.675919981,-22.893565397,-10.548044177,24.854351008,247.088746470,0.358367406694,0.847909829506,0.390668302843,0.612686207723,0.782742746835
3169,22.602670546,10.346645461,-10.538795561,24.858274037,24.596510520,-0.837135946158,-0.383209091154,0.390325761521,0.612686207723,0.782742746835
3170,-23.659297043,7.639795523,-10.529538822,24.862196448,162.104274570,0.876270260849,-0.282955389743,0.389982919328,0.612686207723,0.782742746835
3171,12.286959444,-21.618382546,-10.520273938,24.866118239,299.612038620,-0.455072572003,0.800680835029,0.389639775470,0.612686207723,0.782742746835
3172,5.543860168,24.244266844,-10.511000887,24.870039412,77.119802670,-0.205328154380,-0.897935809026,0.389296329149,0.612686207723,0.782742746835
3173,-20.467862977,-14.134371921,-10.501719648,24.873959967,214.627566720,0.758068999136,0.523495256330,0.388952579564,0.612686207723,0.782742746835
3174,24.643879274,-3.404133199,-10.492430200,24.877879904,352.135330770,-0.912736269407,0.126079007368,0.388608525910,0.612686207723,0.782742746835
3175,-15.874671214,19.159821148,-10.483132519,24.881799223,129.643094820,0.587950785719,-0.709623005477,0.388264167379,0.612686207723,0.782742746835
3176,-1.236979507,-24.854956012,-10.473826585,24.885717925,267.150858870,0.045814055797,0.920553926373,0.387919503159,0.612686207723,0.782742746835
3177,17.704178704,17.494457327,-10.464512376,24.889636011,44.658622920,-0.655710322363,-0.647942863958,0.387574532434,0.612686207723,0.782742746835
3178,-24.875761184,-0.941015576,-10.455189868,24.893553479,182.166386970,0.921324488310,0.034852428737,0.387229254386,0.612686207723,0.782742746835
3179,18.981245120,-16.111994370,-10.445859041,24.897470331,319.674151020,-0.703009078517,0.596740532234,0.386883668191,0.612686207723,0.782742746835
3180,-3.113173208,24.706015574,-10.436519872,24.901386567,97.181915070,0.115302711423,-0.915037613853,0.386537773023,0.612686207723,0.782742746835
3181,-14.395379941,-20.323560549,-10.427172337,24.905302187,234.689679120,0.533162220029,0.752724464794,0.386191568051,0.612686207723,0.782742746835
3182,24.346899677,5.262848776,-10.417816416,24.909217192,12.197443170,-0.901737025080,-0.194920325019,0.385845052443,0.612686207723,0.782742746835
3183,-21.511029214,12.567408141,-10.408452085,24.913131582,149.705207220,0.796704785688,-0.465459560765,0.385498225359,0.612686207723,0.782742746835
3184,7.373559436,-23.801045576,-10.399079321,24.917045356,287.212971270,-0.273094793908,0.881520206532,0.385151085959,0.612686207723,0.782742746835
3185,10.642013071,22.534456531,-10.389698102,24.920958516,64.720735320,-0.394148632256,-0.834609501153,0.384803633398,0.612686207723,0.782742746835
3186,-23.072517687,-9.429110511,-10.380308404,24.924871061,202.228499371,0.854537692106,0.349226315208,0.384455866826,0.612686207723,0.782742746835
3187,23.385898930,-8.633883989,-10.370910206,24.928782993,339.736263421,-0.866144404819,0.319773481083,0.384107785390,0.612686207723,0.782742746835
3188,-11.413719748,22.166782516,-10.361503482,24.932694311,117.244027471,0.422730361048,-0.820991945021,0.383759388234,0.612686207723,0.782742746835
3189,-6.558353238,-24.058725495,-10.352088211,24.936605015,254.751791521,0.242901971781,0.891063907241,0.383410674497,0.612686207723,0.782742746835
3190,21.090667658,13.312138501,-10.342664369,24.940515106,32.259555571,-0.781135839200,-0.493042166694,0.383061643315,0.612686207723,0.782742746835
3191,-24.547669598,4.431279175,-10.333231933,24.944424584,169.767319621,0.909172948072,-0.164121450929,0.382712293818,0.612686207723,0.782742746835
3192,15.109768892,-19.852310343,-10.323790879,24.948333449,307.275083671,-0.559621070061,0.735270753426,0.382362625135,0.612686207723,0.782742746835
3193,2.268925000,24.848870101,-10.314341182,24.952241702,84.782847721,-0.084034259245,-0.920328522275,0.382012636389,0.612686207723,0.782742746835
3194,-18.461095902,-16.792776070,-10.304882821,24.956149343,222.290611771,0.683744292666,0.621954669269,0.381662326699,0.612686207723,0.782742746835
3195,24.959901828,-0.087834401,-10.295415770,24.960056373,359.798375821,-0.924440808429,0.003253125974,0.381311695181,0.612686207723,0.782742746835
3196,-18.348194689,16.927586652,-10.285940006,24.963962790,137.306139871,0.679562766271,-0.626947653761,0.380960740946,0.612686207723,0.782742746835
3197,2.095295018,-24.879795037,-10.276455504,24.967868597,274.813903921,-0.077603519199,0.921473890246,0.380609463102,0.612686207723,0.782742746835
3198,15.263441698,19.764028787,-10.266962240,24.971773793,52.321667971,-0.565312655466,-0.732001066192,0.380257860752,0.612686207723,0.782742746835
3199,-24.609043769,-4.263739583,-10.257460191,24.975678378,189.829432021,0.911446065500,0.157916280859,0.379905932994,0.612686207723,0.782742746835
3200,21.029344305,-13.481328295,-10.247949331,24.979582353,327.337196071,-0.778864603898,0.499308455377,0.379553678924,0.612686207723,0.782742746835
3201,-6.400877659,24.149602974,-10.238429636,24.983485717,104.844960121,0.237069542924,-0.894429739763,0.379201097632,0.612686207723,0.782742746835
3202,-11.594825425,-22.134353526,-10.228901082,24.987388472,242.352724171,0.429437978700,0.819790871347,0.378848188204,0.612686207723,0.782742746835
3203,23.504874448,8.490317068,-10.219363643,24.991290618,19.860488221,-0.870550905483,-0.314456187721,0.378494949724,0.612686207723,0.782742746835
3204,-23.070490783,9.618320324,-10.209817294,24.995192154,157.368252271,0.854462621590,-0.356234086072,0.378141381267,0.612686207723,0.782742746835
3205,10.516020828,-22.679681674,-10.200262012,24.999093081,294.876016321,-0.389482252899,0.839988210149,0.377787481909,0.612686207723,0.782742746835
3206,7.566898759,23.830478848,-10.190697769,25.002993400,72.383780371,-0.280255509597,-0.882610327717,0.377433250719,0.612686207723,0.782742746835
3207,-21.680233751,-12.462430242,-10.181124543,25.006893111,209.891544421,0.802971620421,0.461571490443,0.377078686760,0.612686207723,0.782742746835
3208,24.408385498,-5.456229879,-10.171542306,25.010792213,347.399308471,-0.904014277711,0.202082588129,0.376723789094,0.612686207723,0.782742746835
3209,-14.314584406,20.514078690,-10.161951033,25.014690708,124.907072521,0.530169792813,-0.759780692213,0.376368556776,0.612686207723,0.782742746835
3210,-3.302446527,-24.799669801,-10.152350699,25.018588595,262.414836571,0.122312834335,0.918506288910,0.376012988858,0.612686207723,0.782742746835
3211,19.190046413,16.058235209,-10.142741278,25.022485875,39.922600621,-0.710742459733,-0.594749452191,0.375657084388,0.612686207723,0.782742746835
3212,-25.001217775,1.122021920,-10.133122745,25.026382548,177.430364672,0.925971028714,-0.041556367403,0.375300842407,0.612686207723,0.782742746835
3213,17.679956943,-17.718181904,-10.123495073,25.030278614,314.938128722,-0.654813220116,0.656228959426,0.374944261954,0.612686207723,0.782742746835
3214,-1.068356350,25.011367142,-10.113858236,25.034174074,92.445892772,0.039568753687,-0.926346931176,0.374587342061,0.612686207723,0.782742746835
3215,-16.109669004,-19.167249679,-10.104212207,25.038068928,229.953656822,0.596654407555,0.709898136250,0.374230081759,0.612686207723,0.782742746835
3216,24.829920959,3.251914037,-10.094556962,25.041963177,7.461420872,-0.919626702191,-0.120441260634,0.373872480070,0.612686207723,0.782742746835
3217,-20.508635614,14.376745427,-10.084892472,25.045856819,144.969184922,0.759579096818,-0.532472052846,0.373514536015,0.612686207723,0.782742746835
3218,5.411918713,-24.458150047,-10.075218712,25.049749857,282.476948972,-0.200441433821,0.905857409162,0.373156248607,0.612686207723,0.782742746835
3219,12.532609658,21.693747650,-10.065535655,25.053642290,59.984713022,-0.464170728091,-0.803472135203,0.372797616858,0.612686207723,0.782742746835
3220,-23.898784163,-7.531807988,-10.055843274,25.057534118,197.492477072,0.885140154193,0.278955851414,0.372438639773,0.612686207723,0.782742746835
3221,22.713409513,-10.591320428,-10.046141541,25.061425341,335.000241122,-0.841237389381,0.392271126966,0.372079316351,0.612686207723,0.782742746835
3222,-9.595316515,23.155991993,-10.036430431,25.065315961,112.508005172,0.355382093163,-0.857629333070,0.371719645589,0.612686207723,0.782742746835
3223,-8.567689529,-23.559706798,-10.026709915,25.069205976,250.015769222,0.317321834409,0.872581733266,0.371359626478,0.612686207723,0.782742746835
3224,22.235350106,11.586600796,-10.016979966,25.073095388,27.523533272,-0.823531485421,-0.429133362817,0.370999258002,0.612686207723,0.782742746835
3225,-24.226048393,6.477168802,-10.007240557,25.076984197,165.031297322,0.897261051593,-0.239895140832,0.370638539144,0.612686207723,0.782742746835
3226,13.490360830,-21.143801105,-9.997491660,25.080872403,302.539061372,-0.499642993711,0.783103744645,0.370277468879,0.612686207723,0.782742746835
3227,4.335732146,24.707217799,-9.987733247,25.084760007,80.046825422,-0.160582672088,-0.915082140688,0.369916046178,0.612686207723,0.782742746835
3228,-19.889601279,-15.291957678,-9.977965290,25.088647008,217.554589472,0.736651899214,0.566368802904,0.369554270007,0.612686207723,0.782742746835
3229,24.999413949,-2.159753452,-9.968187762,25.092533406,355.062353522,-0.925904220317,0.079990868593,0.369192139327,0.612686207723,0.782742746835
3230,-16.977526031,18.482258159,-9.958400634,25.096419203,132.570117572,0.628797260424,-0.684528079980,0.368829653094,0.612686207723,0.782742746835
3231,0.034118601,-25.100281210,-9.948603877,25.100304399,270.077881622,-0.001263651878,0.929640044814,0.368466810259,0.612686207723,0.782742746835
3232,16.932458456,18.534080922,-9.938797464,25.104188993,47.585645672,-0.627128090959,-0.686447441548,0.368103609766,0.612686207723,0.782742746835
3233,-25.008928327,-2.229087930,-9.928981365,25.108072986,185.093409722,0.926256604694,0.082558812238,0.367740050557,0.612686207723,0.782742746835
3234,19.949617756,-15.251986904,-9.919155552,25.111956378,322.601173772,-0.738874731713,0.564888403840,0.367376131565,0.612686207723,0.782742746835
3235,-4.408339650,24.725936155,-9.909319996,25.115839170,100.108937822,0.163271838895,-0.915775413144,0.367011851722,0.612686207723,0.782742746835
3236,-13.453636654,-21.213204899,-9.899474669,25.119721362,237.616701872,0.498282839032,0.785674255503,0.366647209951,0.612686207723,0.782742746835
3237,24.253354123,6.555168887,-9.889619540,25.123602953,15.124465922,-0.898272374936,-0.242784032838,0.366282205172,0.612686207723,0.782742746835
3238,-22.315068088,11.551111879,-9.879754580,25.127483946,152.632229973,0.826484003275,-0.427818958492,0.365916836298,0.612686207723,0.782742746835
3239,8.653108836,-23.594685439,-9.869879760,25.131364339,290.139994023,-0.320485512450,0.873877238497,0.365551102237,0.612686207723,0.782742746835
3240,9.558923340,23.246666044,-9.859995051,25.135244132,67.647758073,-0.354034197782,-0.860987631266,0.365185001893,0.612686207723,0.782742746835
3241,-22.754861147,-10.686057076,-9.850100422,25.139123327,205.155522123,0.842772635091,0.395779891699,0.364818534162,0.612686207723,0.782742746835
3242,24.000756666,-7.492277705,-9.840195844,25.143001924,342.663286173,-0.888916913553,0.277491766854,0.364451697936,0.612686207723,0.782742746835
3243,-12.638399161,21.740203230,-9.830281287,25.146879922,120.171050223,0.468088857810,-0.805192712216,0.364084492102,0.612686207723,0.782742746835
3244,-5.366961472,-24.571453324,-9.820356720,25.150757323,257.678814273,0.198776350811,0.910053826819,0.363716915539,0.612686207723,0.782742746835
3245,20.558377029,14.495128559,-9.810422112,25.154634125,35.186578323,-0.761421371426,-0.536856613282,0.363348967124,0.612686207723,0.782742746835
3246,-24.954270798,3.199220374,-9.800477435,25.158510331,172.694342373,0.924232251774,-0.118489643474,0.362980645725,0.612686207723,0.782742746835
3247,16.241962000,-19.218333344,-9.790522656,25.162385939,310.202106423,-0.601554148137,0.711790123862,0.362611950205,0.612686207723,0.782742746835
3248,1.005635193,25.146160504,-9.780557744,25.166260950,87.709870473,-0.037245747872,-0.931339277908,0.362242879422,0.612686207723,0.782742746835
3249,-17.730240651,-17.865449358,-9.770582670,25.170135365,225.217634523,0.656675579655,0.661683309547,0.361873432228,0.612686207723,0.782742746835
3250,25.145534737,1.197005072,-9.760597402,25.174009183,2.725398573,-0.931316101378,-0.044333521185,0.361503607469,0.612686207723,0.782742746835
3251,-19.353077214,16.105407937,-9.750601908,25.177882406,140.233162623,0.716780637543,-0.596496590241,0.361133403985,0.612686207723,0.782742746835
3252,3.391831706,-24.952279739,-9.740596156,25.181755033,277.740926673,-0.125623396512,0.924158508869,0.360762820609,0.612686207723,0.782742746835
3253,14.356198762,20.693365306,-9.730580117,25.185627064,55.248690723,-0.531711065264,-0.766420937267,0.360391856171,0.612686207723,0.782742746835
3254,-24.567757474,-5.562025475,-9.720553756,25.189498500,192.756454773,0.909916943474,0.206000943503,0.360020509492,0.612686207723,0.782742746835
3255,21.875955126,-12.495937182,-9.710517043,25.193369341,330.264218823,-0.810220560226,0.462812488240,0.359648779389,0.612686207723,0.782742746835
3256,-7.690945518,23.994796100,-9.700469946,25.197239587,107.771982873,0.284849833996,-0.888696151840,0.359276664670,0.612686207723,0.782742746835
3257,-10.538806253,-22.891689970,-9.690412432,25.201109240,245.279746923,0.390326157521,0.847840369243,0.358904164140,0.612686207723,0.782742746835
3258,23.237669206,9.762256956,-9.680344468,25.204978298,22.787510973,-0.860654415020,-0.361565072442,0.358531276596,0.612686207723,0.782742746835
3259,-23.732685833,8.499739892,-9.670266022,25.208846762,160.295275023,0.878988364170,-0.314805181177,0.358158000829,0.612686207723,0.782742746835
3260,11.760056230,-22.302063954,-9.660177062,25.212714632,297.803039073,-0.435557638156,0.826002368656,0.357784335625,0.612686207723,0.782742746835
3261,6.394308921,24.392392598,-9.650077554,25.216581910,75.310803123,-0.236826256340,-0.903421948056,0.357410279761,0.612686207723,0.782742746835
3262,-21.195038376,-13.668993216,-9.639967464,25.220448594,212.818567173,0.785001421315,0.506259008012,0.357035832011,0.612686207723,0.782742746835
3263,24.865645037,-4.238602161,-9.629846761,25.224314686,350.326331223,-0.920949816171,0.156985265214,0.356660991139,0.612686207723,0.782742746835
3264,-15.474389171,19.924968136,-9.619715409,25.228180185,127.834095273,0.573125524865,-0.737961782809,0.356285755905,0.612686207723,0.782742746835
3265,-2.049103477,-25.148703236,-9.609573377,25.232045092,265.341859324,0.075892721389,0.931433453189,0.355910125062,0.612686207723,0.782742746835
3266,18.501483170,17.162349609,-9.599420629,25.235909407,42.849623374,-0.685240117401,-0.635642578123,0.355534097355,0.612686207723,0.782742746835
3267,-25.239282124,-0.157434266,-9.589257131,25.239773130,180.357387424,0.934788226807,0.005830898744,0.355157671524,0.612686207723,0.782742746835
3268,18.719871237,-16.935394670,-9.579082850,25.243636262,317.865151474,-0.693328564323,0.627236839631,0.354780846303,0.612686207723,0.782742746835
3269,-2.364117402,25.136569868,-9.568897751,25.247498803,95.372915524,0.087559903773,-0.930984069191,0.354403620416,0.612686207723,0.782742746835
3270,-15.238612978,-20.134942126,-9.558701800,25.251360754,232.880679574,0.564393073274,0.745738597242,0.354025992583,0.612686207723,0.782742746835
3271,24.841235000,4.554040804,-9.548494961,25.255222113,10.388443624,-0.920045740751,-0.168668177913,0.353647961517,0.612686207723,0.782742746835
3272,-21.396634351,13.424057006,-9.538277200,25.259082882,147.896207674,0.792467938936,-0.497187296512,0.353269525922,0.612686207723,0.782742746835
3273,6.710417401,-24.355422198,-9.528048481,25.262943062,285.403971724,-0.248533977829,0.902052673993,0.352890684499,0.612686207723,0.782742746835
3274,11.505555869,22.495188382,-9.517808770,25.266802651,62.911735774,-0.426131698856,-0.833155125270,0.352511435937,0.612686207723,0.782742746835
3275,-23.682736756,-8.816706870,-9.507558031,25.270661651,200.419499824,0.877138398368,0.326544698903,0.352131778923,0.612686207723,0.782742746835
3276,23.422088568,-9.497743493,-9.497296228,25.274520062,337.927263874,-0.867484761789,0.351768277530,0.351751712132,0.612686207723,0.782742746835
3277,-10.856742508,22.828217858,-9.487023324,25.278377884,115.435027924,0.402101574380,-0.845489550280,0.351371234236,0.612686207723,0.782742746835
3278,-7.415946984,-24.170129144,-9.476739285,25.282235117,252.942791974,0.274664703093,0.895189968312,0.350990343897,0.612686207723,0.782742746835
3279,21.798300841,12.814855327,-9.466444074,25.286091762,30.450556024,-0.807344475585,-0.474624271370,0.350609039771,0.612686207723,0.782742746835
3280,-24.733470239,5.276069617,-9.456137654,25.289947819,167.958320074,0.916054453302,-0.195409985815,0.350227320508,0.612686207723,0.782742746835
3281,14.675994407,-20.600768746,-9.445819988,25.293803288,305.466084124,-0.543555348402,0.762991435032,0.349845184747,0.612686207723,0.782742746835
3282,3.094469350,25.107683451,-9.435491040,25.297658169,82.973848174,-0.114609975922,-0.929914201885,0.349462631123,0.612686207723,0.782742746835
3283,-19.244693507,-16.425842589,-9.425150773,25.301512463,220.481612224,0.712766426168,0.608364540318,0.349079658261,0.612686207723,0.782742746835
3284,25.289786638,-0.887833765,-9.414799149,25.305366170,357.989376274,-0.936658764365,0.032882732045,0.348696264781,0.612686207723,0.782742746835
3285,-18.050926614,17.740367230,-9.404436131,25.309219290,135.497140324,0.668552837538,-0.657050638146,0.348312449293,0.612686207723,0.782742746835
3286,1.326947580,-25.278267647,-9.394061681,25.313071823,273.004904374,-0.049146206673,0.936232135091,0.347928210402,0.612686207723,0.782742746835
3287,16.099224086,19.538720865,-9.383675761,25.316923771,50.512668424,-0.596267558730,-0.723656328344,0.347543546702,0.612686207723,0.782742746835
3288,-25.073096798,-3.532912434,-9.373278333,25.320775132,188.020432474,0.928633214725,0.130848608683,0.347158456781,0.612686207723,0.782742746835
3289,20.877743914,-14.333753397,-9.362869359,25.324625908,325.528196524,-0.773249774577,0.530879755445,0.346772939220,0.612686207723,0.782742746835
3290,-5.713155765,24.675728006,-9.352448800,25.328476098,103.035960574,0.211598361669,-0.913915852091,0.346386992590,0.612686207723,0.782742746835
3291,-12.457404594,-22.057647116,-9.342016617,25.332325703,240.543724624,0.461385355340,0.816949893189,0.346000615456,0.612686207723,0.782742746835
3292,24.089088556,7.850959314,-9.331572772,25.336174723,18.051488675,-0.892188465032,-0.290776270880,0.345613806375,0.612686207723,0.782742746835
3293,-23.069294595,10.484484754,-9.321117225,25.340023159,155.559252725,0.854418318342,-0.388314250143,0.345226563893,0.612686207723,0.782742746835
3294,9.929919799,-23.317557559,-9.310649937,25.343871010,293.067016775,-0.367774807380,0.863613242939,0.344838886551,0.612686207723,0.782742746835
3295,8.430049505,23.904833971,-9.300170868,25.347718277,70.574780825,-0.312224055745,-0.885364221140,0.344450772881,0.612686207723,0.782742746835
3296,-22.366933293,-11.934074784,-9.289679978,25.351564960,208.082544875,0.828404936788,0.442002769794,0.344062221406,0.612686207723,0.782742746835
3297,24.557757302,-6.309788133,-9.279177227,25.355411059,345.590308925,-0.909546566734,0.233695856794,0.343673230642,0.612686207723,0.782742746835
3298,-13.848025242,21.244389635,-9.268662576,25.359256575,123.098072975,0.512889823792,-0.786829245727,0.343283799094,0.612686207723,0.782742746835
3299,-4.139903760,-25.022951764,-9.258135982,25.363101509,260.605837025,0.153329768892,0.926775991268,0.342893925261,0.612686207723,0.782742746835
3300,19.958421932,15.657053880,-9.247597406,25.366945859,38.113601075,-0.739200812304,-0.579890884432,0.342503607633,0.612686207723,0.782742746835
3301,-25.296739670,1.936989512,-9.237046807,25.370789627,175.621365125,0.936916284068,-0.071740352287,0.342112844690,0.612686207723,0.782742746835
3302,17.347238308,-18.518782720,-9.226484142,25.374632812,313.129129175,-0.642490307717,0.685880841493,0.341721634905,0.612686207723,0.782742746835
3303,-0.282098373,25.376907514,-9.215909372,25.378475416,90.636893225,0.010448087894,-0.939885463467,0.341329976742,0.612686207723,0.782742746835
3304,-16.936407761,-18.905558196,-9.205322454,25.382317438,228.144657275,0.627274361502,0.700205859100,0.340937868656,0.612686207723,0.782742746835
3305,25.262723820,2.500369531,-9.194723345,25.386158878,5.652421325,-0.935656437780,-0.092606278923,0.340545309091,0.612686207723,0.782742746835
3306,-20.319995568,15.223332973,-9.184112005,25.389999738,143.160185375,0.752592428427,-0.563827147155,0.340152296486,0.612686207723,0.782742746835
3307,4.700829565,-24.954945645,-9.173488390,25.393840016,280.667949425,-0.174104798704,0.924257246119,0.339758829268,0.612686207723,0.782742746835
3308,13.392602889,21.579627492,-9.162852458,25.397679714,58.175713475,-0.496022329214,-0.799245462668,0.339364905855,0.612686207723,0.782742746835
3309,-24.455813677,-6.866610248,-9.152204166,25.401518831,195.683477525,0.905770876932,0.254318898070,0.338970524657,0.612686207723,0.782742746835
3310,22.674710430,-11.458171316,-9.141543470,25.405357368,333.191241575,-0.839804089988,0.424376715422,0.338575684075,0.612686207723,0.782742746835
3311,-8.981098835,23.769035967,-9.130870327,25.409195325,110.699005625,0.332633290189,-0.880334665426,0.338180382500,0.612686207723,0.782742746835
3312,-9.434794985,-23.596755598,-9.120184694,25.413032703,248.206769675,0.349436851297,0.873953911020,0.337784618312,0.612686207723,0.782742746835
3313,22.899760404,11.028065500,-9.109486527,25.416869501,25.714533725,-0.848139274212,-0.408446870365,0.337388389884,0.612686207723,0.782742746835
3314,-24.338594765,7.337920969,-9.098775781,25.420705720,163.222297775,0.901429435754,-0.271774850690,0.336991695579,0.612686207723,0.782742746835
3315,12.991787911,-21.854536148,-9.088052411,25.424541360,300.730061825,-0.481177330034,0.809427264745,0.336594533749,0.612686207723,0.782742746835
3316,5.183568754,24.894435973,-9.077316374,25.428376422,78.237825875,-0.191984027926,-0.922016147153,0.336196902738,0.612686207723,0.782742746835
3317,-20.641264297,-14.857171997,-9.066567624,25.432210905,215.745589925,0.764491270256,0.550265629520,0.335798800878,0.612686207723,0.782742746835
3318,25.259908738,-2.988207851,-9.055806115,25.436044811,353.253353975,-0.935552175472,0.110674364865,0.335400226493,0.612686207723,0.782742746835
3319,-16.609867971,19.269138166,-9.045031803,25.439878138,130.761118026,0.615180295218,-0.713671783934,0.335001177897,0.612686207723,0.782742746835
3320,-0.768631883,-25.432098395,-9.034244642,25.443710888,268.268882076,0.028467847531,0.941929570193,0.334601653392,0.612686207723,0.782742746835
3321,17.748573635,18.236380720,-9.023444584,25.447543061,45.776646126,-0.657354579068,-0.675421508145,0.334201651272,0.612686207723,0.782742746835
3322,-25.409569310,-1.458169886,-9.012631585,25.451374657,183.284410176,0.941095159612,0.054006292058,0.333801169821,0.612686207723,0.782742746835
3323,19.724173716,-16.091130079,-9.001805597,25.455205676,320.792174226,-0.730524952431,0.595967780708,0.333400207310,0.612686207723,0.782742746835
3324,-3.675142596,25.192376763,-8.990966574,25.459036118,98.299938276,0.136116392430,-0.933050991220,0.332998762002,0.612686207723,0.782742746835
3325,-14.309422499,-21.061765641,-8.980114468,25.462865984,235.807702326,0.529978611058,0.780065394095,0.332596832149,0.612686207723,0.782742746835
3326,24.782067430,5.865296420,-8.969249232,25.466695275,13.315466376,-0.917854349277,-0.217233200726,0.332194415992,0.612686207723,0.782742746835
3327,-22.238818989,12.417025501,-8.958370818,25.470523989,150.823230426,0.823659962543,-0.459889833358,0.331791511761,0.612686207723,0.782742746835
3328,8.011836771,-24.181668427,-8.947479177,25.474352129,288.330994476,-0.296734695219,0.895617349160,0.331388117677,0.612686207723,0.782742746835
3329,10.428369875,23.246219955,-8.936574263,25.478179693,65.838758526,-0.386235921303,-0.860971109444,0.330984231947,0.612686207723,0.782742746835
3330,-23.395665007,-10.098293094,-8.925656025,25.482006682,203.346522576,0.866506111367,0.374010855330,0.330579852771,0.612686207723,0.782742746835
3331,24.076148998,-8.358632547,-8.914724415,25.485833096,340.854286626,-0.891709222134,0.309578983204,0.330174978336,0.612686207723,0.782742746835
3332,-12.108645249,22.429967073,-8.903779384,25.489658936,118.362050676,0.448468342557,-0.830739521237,0.329769606816,0.612686207723,0.782742746835
3333,-6.223620743,-24.722141525,-8.892820882,25.493484202,255.869814726,0.230504471961,0.915634871314,0.329363736377,0.612686207723,0.782742746835
3334,21.291864758,14.027446523,-8.881848860,25.497308894,33.377578776,-0.788587583638,-0.519535056403,0.328957365172,0.612686207723,0.782742746835
3335,-25.179138241,4.039651267,-8.870863266,25.501133012,170.885342826,0.932560675587,-0.149616713597,0.328550491342,0.612686207723,0.782742746835
3336,15.839942318,-19.989973395,-8.859864052,25.504956557,308.393106876,-0.586664530312,0.740369385004,0.328143113019,0.612686207723,0.782742746835
3337,1.823425790,25.443524745,-8.848851165,25.508779529,85.900870926,-0.067534288501,-0.942352768338,0.327735228320,0.612686207723,0.782742746835
3338,-18.534168308,-17.532183614,-8.837824555,25.512601928,223.408634976,0.686450678084,0.649340133840,0.327326835354,0.612686207723,0.782742746835
3339,25.513160097,0.408096881,-8.826784170,25.516423755,0.916399026,-0.944931855459,-0.015114699312,0.326917932215,0.612686207723,0.782742746835
3340,-19.091134316,16.935509908,-8.815729959,25.520245009,138.424163076,0.707079048738,-0.627241107687,0.326508516985,0.612686207723,0.782742746835
3341,2.637830576,-25.387394101,-8.804661869,25.524065691,275.931927126,-0.097697428745,0.940273855583,0.326098587738,0.612686207723,0.782742746835
3342,15.206159659,20.504771686,-8.793579848,25.527885801,53.439691176,-0.563191098473,-0.759435988360,0.325688142531,0.612686207723,0.782742746835
3343,-25.067073177,-4.848692594,-8.782483844,25.531705339,190.947455226,0.928410117662,0.179581207193,0.325277179411,0.612686207723,0.782742746835
3344,21.762179057,-13.359287567,-8.771373803,25.535524306,328.455219276,-0.806006631729,0.494788428424,0.324865696414,0.612686207723,0.782742746835
3345,-7.023734587,24.554534778,-8.760249672,25.539342703,105.962983327,0.260138318021,-0.909427213982,0.324453691560,0.612686207723,0.782742746835
3346,-11.408971880,-22.853630136,-8.749111397,25.543160528,243.470747377,0.422554514067,0.846430745787,0.324041162860,0.612686207723,0.782742746835
3347,23.853590368,9.146272486,-8.737958924,25.546977783,20.978511427,-0.883466309923,-0.338750832830,0.323628108309,0.612686207723,0.782742746835
3348,-23.770664236,9.370091765,-8.726792199,25.550794467,158.486275477,0.880394971709,-0.347040435744,0.323214525893,0.612686207723,0.782742746835
3349,11.200014493,-22.969497107,-8.715611167,25.554610582,295.994039527,-0.414815351593,0.850722115073,0.322800413583,0.612686207723,0.782742746835
3350,7.258213797,24.506151851,-8.704415772,25.558426127,73.501803577,-0.268822733213,-0.907635253744,0.322385769335,0.612686207723,0.782742746835
3351,-21.908918433,-13.169186127,-8.693205960,25.562241102,211.009567627,0.811441423448,0.487747634318,0.321970591095,0.612686207723,0.782742746835
3352,25.054350077,-5.089473099,-8.681981673,25.566055508,348.517331677,-0.927938891748,0.188499003685,0.321554876795,0.612686207723,0.782742746835
3353,-15.038651394,20.679873852,-8.670742858,25.569869345,126.025095727,0.556987088671,-0.765921253787,0.321138624353,0.612686207723,0.782742746835
3354,-2.880450069,-25.410947440,-8.659489455,25.573682613,263.532859777,0.106683335878,0.941146201466,0.320721831673,0.612686207723,0.782742746835
3355,19.291678306,16.794029136,-8.648221409,25.577495312,41.040623827,-0.714506603913,-0.622001079093,0.320304496647,0.612686207723,0.782742746835
3356,-25.573097779,0.648043605,-8.636938663,25.581307444,178.548387877,0.947151769594,-0.024001615001,0.319886617152,0.612686207723,0.782742746835
3357,18.421803656,-17.754871576,-8.625641158,25.585119007,316.056151927,-0.682289024284,0.657587836147,0.319468191051,0.612686207723,0.782742746835
3358,-1.590658167,25.539442932,-8.614328837,25.588930003,93.563915977,0.058913265456,-0.945905293779,0.319049216194,0.612686207723,0.782742746835
3359,-16.081138267,-19.909428792,-8.603001641,25.592740431,231.071680027,0.595597713584,0.737386251539,0.318629690416,0.612686207723,0.782742746835
3360,25.310124023,3.818508709,-8.591659512,25.596550292,8.579444077,-0.937412000867,-0.141426248469,0.318209611538,0.612686207723,0.782742746835
3361,-21.245424613,14.283218963,-8.580302389,25.600359586,146.087208127,0.786867578250,-0.529008109733,0.317788977367,0.612686207723,0.782742746835
3362,6.018434398,-24.886781278,-8.568930214,25.604168313,283.594972177,-0.222904977707,0.921732639932,0.317367785694,0.612686207723,0.782742746835
3363,12.374813247,22.419466010,-8.557542926,25.607976474,61.102736227,-0.458326416543,-0.830350592968,0.316946034298,0.612686207723,0.782742746835
3364,-24.272542348,-8.173565387,-8.546140465,25.611784068,198.610500277,0.898983049912,0.302724643949,0.316523720940,0.612686207723,0.782742746835
3365,23.422462489,-10.370475310,-8.534722771,25.615591097,336.118264327,-0.867498610722,0.384091678141,0.316100843368,0.612686207723,0.782742746835
3366,-10.267364967,23.471999232,-8.523289782,25.619397559,113.626028377,0.380272776562,-0.869333304876,0.315677399316,0.612686207723,0.782742746835
3367,-8.285502954,-24.246628553,-8.511841435,25.623203457,251.133792427,0.306870479770,0.898023279735,0.315253386499,0.612686207723,0.782742746835
3368,22.491173968,12.283756469,-8.500377671,25.627008789,28.641556477,-0.833006443263,-0.454953943299,0.314828802621,0.612686207723,0.782742746835
3369,-24.885544123,6.135820828,-8.488898425,25.630813556,166.149320527,0.921686819371,-0.227252623258,0.314403645368,0.612686207723,0.782742746835
3370,14.207246703,-21.337473344,-8.477403635,25.634617758,303.657084577,-0.526194322336,0.790276790537,0.313977912409,0.612686207723,0.782742746835
3371,3.937858795,25.334204542,-8.465893238,25.638421396,81.164848628,-0.145846622035,-0.938303871941,0.313551601402,0.612686207723,0.782742746835
3372,-20.019632974,-16.023045009,-8.454367170,25.642224470,218.672612678,0.741467887909,0.593446111452,0.313124709983,0.612686207723,0.782742746835
3373,25.589059757,-1.708426353,-8.442825366,25.646026980,356.180376728,-0.947742953955,0.063275050113,0.312697235777,0.612686207723,0.782742746835
3374,-17.717176993,18.547651154,-8.431267763,25.649828926,133.688140778,0.656191740468,-0.686950042738,0.312269176390,0.612686207723,0.782742746835
3375,0.535415924,-25.648042377,-8.419694294,25.653630308,271.195904828,-0.019830219425,0.949927495451,0.311840529412,0.612686207723,0.782742746835
3376,16.932713017,19.276592073,-8.408104895,25.657431128,48.703668878,-0.627137519161,-0.713947854550,0.311411292416,0.612686207723,0.782742746835
3377,-25.510584399,-2.776486950,-8.396499500,25.661231384,186.211432928,0.944836459211,0.102832850012,0.310981462960,0.612686207723,0.782742746835
3378,20.689264018,-15.187105537,-8.384878042,25.665031078,323.719196978,-0.766269037718,0.562485390271,0.310551038584,0.612686207723,0.782742746835
3379,-4.997616685,25.177622441,-8.373240454,25.668830209,101.226961028,0.185096914241,-0.932504534848,0.310120016810,0.612686207723,0.782742746835
3380,-13.324124045,-21.944283693,-8.361586669,25.672628778,238.734725078,0.493486075756,0.812751247891,0.309688395144,0.612686207723,0.782742746835
3381,24.651591463,7.181777689,-8.349916619,25.676426785,16.242489128,-0.913021906051,-0.265991766272,0.309256171074,0.612686207723,0.782742746835
3382,-23.031943298,11.357970966,-8.338230236,25.680224231,153.750253178,0.853034936946,-0.420665591345,0.308823342071,0.612686207723,0.782742746835
3383,9.312215669,-23.936406997,-8.326527451,25.684021114,291.258017228,-0.344896876643,0.886533592490,0.308389905588,0.612686207723,0.782742746835
3384,9.303647543,23.943811457,-8.314808195,25.687817437,68.765781278,-0.344579538621,-0.886807831740,0.307955859059,0.612686207723,0.782742746835
3385,-23.037436022,-11.372577996,-8.303072397,25.691613199,206.273545328,0.853238371204,0.421206592442,0.307521199903,0.612686207723,0.782742746835
3386,24.672798573,-7.176839376,-8.291319989,25.695408400,343.781309378,-0.913807354543,0.265808865790,0.307085925516,0.612686207723,0.782742746835
3387,-13.347039230,21.961456707,-8.279550899,25.699203041,121.289073428,0.494334786309,-0.813387285452,0.306650033280,0.612686207723,0.782742746835
3388,-4.993796657,-25.213211932,-8.267765055,25.702997121,258.796837478,0.184955431733,0.933822664161,0.306213520556,0.612686207723,0.782742746835
3389,20.716607311,15.220422682,-8.255962387,25.706790641,36.304601528,-0.767281752245,-0.563719358582,0.305776384686,0.612686207723,0.782742746835
3390,-25.560800150,2.771209995,-8.244142821,25.710583602,173.812365578,0.946696301855,-0.102637407228,0.305338622995,0.612686207723,0.782742746835
3391,16.978317066,-19.312324635,-8.232306285,25.714376003,311.320129628,-0.628826558011,0.715271282792,0.304900232786,0.612686207723,0.782742746835
3392,0.526082809,25.712786589,-8.220452706,25.718167845,88.827893678,-0.019484548473,-0.952325429230,0.304461211345,0.612686207723,0.782742746835
3393,-17.759272494,-18.607187371,-8.208582010,25.721959128,226.335657728,0.657750833121,0.689155087810,0.304021555936,0.612686207723,0.782742746835
3394,25.667891506,1.724398765,-8.196694123,25.725749852,3.843421778,-0.950662648364,-0.063866620938,0.303581263807,0.612686207723,0.782742746835
3395,-20.094479068,16.069260733,-8.184788969,25.729540018,141.351185828,0.744239965489,-0.595157804934,0.303140332182,0.612686207723,0.782742746835
3396,3.962997434,-25.426342736,-8.172866473,25.733329625,278.858949878,-0.146777682737,0.941716397646,0.302698758266,0.612686207723,0.782742746835
3397,14.255155426,21.428714881,-8.160926560,25.737118675,56.366713929,-0.527968719498,-0.793656106708,0.302256539245,0.612686207723,0.782742746835
3398,-24.989874841,-6.172556781,-8.148969152,25.740907167,193.874477979,0.925550920028,0.228613214093,0.301813672283,0.612686207723,0.782742746835
3399,22.599583350,-12.330780926,-8.136994172,25.744695101,331.382242029,-0.837021605567,0.456695589836,0.301370154523,0.612686207723,0.782742746835
3400,-8.336132757,24.361716700,-8.125001543,25.748482478,108.890006079,0.308745657649,-0.902285803715,0.300925983089,0.612686207723,0.782742746835
3401,-10.310814509,-23.598018522,-8.112991187,25.752269298,246.397770129,0.381882018858,0.874000685992,0.300481155081,0.612686207723,0.782742746835
3402,23.546567660,10.437123622,-8.100963025,25.756055561,23.905534179,-0.872095098516,-0.386560134164,0.300035667578,0.612686207723,0.782742746835
3403,-24.416270138,8.210674435,-8.088916976,25.759841268,161.413298229,0.904306301421,-0.304099053156,0.299589517640,0.612686207723,0.782742746835
3404,12.459397343,-22.550562389,-8.076852962,25.763626418,298.921062279,-0.461459160852,0.835206014421,0.299142702302,0.612686207723,0.782742746835
3405,6.046402251,25.047963792,-8.064770902,25.767411013,76.428826329,-0.223940824093,-0.927702362670,0.298695218577,0.612686207723,0.782742746835
3406,-21.381224727,-14.387415458,-8.052670713,25.771195051,213.936590379,0.791897212094,0.532867239203,0.298247063458,0.612686207723,0.782742746835
3407,25.488150570,-3.834540255,-8.040552316,25.774978535,351.444354429,-0.944005576674,0.142020009460,0.297798233913,0.612686207723,0.782742746835
3408,-16.206352481,20.047410850,-8.028415626,25.778761462,128.952118479,0.600235277062,-0.742496698166,0.297348726889,0.612686207723,0.782742746835
3409,-1.592005060,-25.733345809,-8.016260561,25.782543835,266.459882529,0.058963150364,0.953086881798,0.296898539308,0.612686207723,0.782742746835
3410,18.559242213,17.902209897,-8.004087038,25.786325653,43.967646579,-0.687379341208,-0.663044810987,0.296447668069,0.612686207723,0.782742746835
3411,-25.781556649,-0.664041803,-7.991894971,25.790106917,181.475410629,0.954872468486,0.024594140847,0.295996110049,0.612686207723,0.782742746835
3412,19.461923903,-16.928028734,-7.979684277,25.793887626,318.983174679,-0.720811996413,0.626964027200,0.295543862100,0.612686207723,0.782742746835
3413,-2.916325214,25.632298183,-7.967454868,25.797667781,96.490938729,0.108012044976,-0.949344377165,0.295090921049,0.612686207723,0.782742746835
3414,-15.166182854,-20.873466043,-7.955206660,25.801447382,233.998702779,0.561710476081,0.773091334911,0.294637283700,0.612686207723,0.782742746835
3415,25.286598052,5.147588757,-7.942939564,25.805226429,11.506466829,-0.936540668606,-0.190651435456,0.294182946832,0.612686207723,0.782742746835
3416,-22.125935966,13.287125076,-7.930653494,25.809004924,149.014230879,0.819479109840,-0.492115743569,0.293727907198,0.612686207723,0.782742746835
3417,7.340726935,-24.746989459,-7.918348361,25.812782865,286.521994929,-0.271878775388,0.916555165151,0.293272161529,0.612686207723,0.782742746835
3418,11.305181742,23.209645605,-7.906024076,25.816560253,64.029758979,-0.418710434872,-0.859616503879,0.292815706526,0.612686207723,0.782742746835
3419,-24.017492643,-9.478916315,-7.893680549,25.820337089,201.537523029,0.889536764574,0.351070974623,0.292358538868,0.612686207723,0.782742746835
3420,24.116194108,-9.235475797,-7.881317691,25.824113372,339.045287079,-0.893192374382,0.342054659135,0.291900655205,0.612686207723,0.782742746835
3421,-11.545744581,23.103584952,-7.868935408,25.827889103,116.553051129,0.427620169653,-0.855688331541,0.291442052165,0.612686207723,0.782742746835
3422,-7.093811397,-24.838532957,-7.856533611,25.831664283,254.060815179,0.262733755461,0.919945665086,0.290982726344,0.612686207723,0.782742746835
3423,22.012159724,13.525336520,-7.844112207,25.835438910,31.568579229,-0.815265174964,-0.500938389624,0.290522674315,0.612686207723,0.782742746835
3424,-25.371020758,4.896553225,-7.831671101,25.839212987,169.076343280,0.939667435469,-0.181353823139,0.290061892622,0.612686207723,0.782742746835
3425,15.402475962,-20.751474311,-7.819210200,25.842986512,306.584107330,-0.570462072677,0.768573122627,0.289600377783,0.612686207723,0.782742746835
3426,2.660501435,25.709467284,-7.806729410,25.846759486,84.091871380,-0.098537090175,-0.952202492008,0.289138126287,0.612686207723,0.782742746835
3427,-19.331087606,-17.162722743,-7.794228634,25.850531909,221.599635430,0.715966207638,0.635656397896,0.288675134595,0.612686207723,0.782742746835
3428,25.851166432,-0.402763201,-7.781707777,25.854303782,359.107399480,-0.957450608583,0.014917155576,0.288211399139,0.612686207723,0.782742746835
3429,-18.792523789,17.761787573,-7.769166741,25.858075105,136.615163530,0.696019399603,-0.657843984180,0.287746916325,0.612686207723,0.782742746835
3430,1.859378174,-25.794917814,-7.756605428,25.861845878,274.122927580,-0.068865858306,0.955367326448,0.287281682526,0.612686207723,0.782742746835
3431,16.055509309,20.279317472,-7.744023740,25.865616101,51.630691630,-0.594648492931,-0.751085832298,0.286815694089,0.612686207723,0.782742746835
3432,-25.541036840,-4.108595567,-7.731421578,25.869385775,189.138455680,0.945964327398,0.152170206195,0.286348947329,0.612686207723,0.782742746835
3433,21.611630426,-14.225244278,-7.718798840,25.873154900,326.646219730,-0.800430756536,0.526860899189,0.285881438531,0.612686207723,0.782742746835
3434,-6.327650763,25.091353179,-7.706155427,25.876923475,104.153983780,0.234357435651,-0.929309377010,0.285413163952,0.612686207723,0.782742746835
3435,-12.284941390,-22.779166088,-7.693491235,25.880691502,241.661747830,0.454997829276,0.843672818062,0.284944119816,0.612686207723,0.782742746835
3436,24.449197630,8.499526571,-7.680806163,25.884458980,19.169511880,-0.905525838153,-0.314797280420,0.284474302316,0.612686207723,0.782742746835
3437,-23.772884263,10.249400694,-7.668100106,25.888225910,156.677275930,0.880477194932,-0.379607433102,0.284003707615,0.612686207723,0.782742746835
3438,10.607557337,-23.619377473,-7.655372960,25.891992292,294.185039980,-0.392872493957,0.874791758244,0.283532331842,0.612686207723,0.782742746835
3439,8.134160479,24.585071125,-7.642624620,25.895758126,71.692804030,-0.301265202933,-0.910558189816,0.283060171095,0.612686207723,0.782742746835
3440,-22.608140499,-12.635556821,-7.629854979,25.899523413,209.200568080,0.837338536996,0.467983585974,0.282587221439,0.612686207723,0.782742746835
3441,25.209399081,-5.955378666,-7.617063931,25.903288152,346.708332130,-0.933681447447,0.220569580205,0.282113478907,0.612686207723,0.782742746835
3442,-14.567942495,21.423127984,-7.604251366,25.907052344,124.216096180,0.539553425726,-0.793449184602,0.281638939499,0.612686207723,0.782742746835
3443,-3.729709368,-25.640976059,-7.591417178,25.910815989,261.723860230,0.138137383983,0.949665779969,0.281163599177,0.612686207723,0.782742746835
3444,20.073316955,16.389855269,-7.578561255,25.914579088,39.231624280,-0.743456183506,-0.607031676640,0.280687453875,0.612686207723,0.782742746835
3445,-25.876383822,1.474175590,-7.565683486,25.918341640,176.739388330,0.958384586009,-0.054599095927,0.280210499488,0.612686207723,0.782742746835
3446,18.087273763,-18.568952186,-7.552783761,25.922103647,314.247152380,-0.669899028250,0.687738969861,0.279732731878,0.612686207723,0.782742746835
3447,-0.793960978,25.913705013,-7.539861966,25.925865107,91.754916430,0.029405962130,-0.959766852338,0.279254146871,0.612686207723,0.782742746835
3448,-16.921468453,-19.647122207,-7.526917987,25.929626022,229.262680480,0.626721053800,0.727671192860,0.278774740257,0.612686207723,0.782742746835
3449,25.752538716,3.057332072,-7.513951710,25.933386391,6.770444530,-0.953797730208,-0.113234521167,0.278294507790,0.612686207723,0.782742746835
3450,-21.057371178,15.143403609,-7.500963020,25.937146215,144.278208581,0.779902636206,-0.560866800330,0.277813445186,0.612686207723,0.782742746835
3451,5.298595857,-25.394004406,-7.487951799,25.940905494,281.785972631,-0.196244291013,0.940518681716,0.277331548128,0.612686207723,0.782742746835
3452,13.248303175,22.307130360,-7.474917931,25.944664228,59.293736681,-0.490677895360,-0.826190013349,0.276848812256,0.612686207723,0.782742746835
3453,-24.840734260,-7.500569808,-7.461861296,25.948422418,196.801500731,0.920027194805,0.277798881767,0.276365233175,0.612686207723,0.782742746835
3454,23.386732650,-11.250617140,-7.448781774,25.952180064,334.309264781,-0.866175283332,0.416689523718,0.275880806452,0.612686207723,0.782742746835
3455,-9.646362437,24.096853859,-7.435679246,25.955937166,111.817028831,0.357272682839,-0.892476068849,0.275395527613,0.612686207723,0.782742746835
3456,-9.165589784,-24.287808920,-7.422553588,25.959693724,249.324792881,0.339466288314,0.899548478520,0.274909392145,0.612686207723,0.782742746835
3457,23.167951453,11.719502881,-7.409404678,25.963449738,26.832556931,-0.858072276040,-0.434055662261,0.274422395497,0.612686207723,0.782742746835
3458,-25.003352895,7.009143341,-7.396232393,25.967205209,164.340320981,0.926050107237,-0.259597901522,0.273934533075,0.612686207723,0.782742746835
3459,13.704067333,-22.061035991,-7.383036607,25.970960138,301.848085031,-0.507558049383,0.817075407068,0.273445800245,0.612686207723,0.782742746835
3460,4.797756406,25.527775618,-7.369817193,25.974714523,79.355849081,-0.177694681710,-0.945473171042,0.272956192331,0.612686207723,0.782742746835
3461,-20.784484244,-15.584801357,-7.356574025,25.978468366,216.863613131,0.769795712734,0.577214865075,0.272465704617,0.612686207723,0.782742746835
3462,25.856949087,-2.548338010,-7.343306973,25.982221666,354.371377181,-0.957664780996,0.094382889266,0.271974332343,0.612686207723,0.782742746835
3463,-17.347237143,19.347977420,-7.330015909,25.985974424,131.879141231,0.642490264571,-0.716591756314,0.271482070704,0.612686207723,0.782742746835
3464,-0.278098321,-25.988238728,-7.316700701,25.989726641,269.386905281,0.010299937808,0.962527360290,0.270988914855,0.612686207723,0.782742746835
3465,17.762427748,18.977804810,-7.303361217,25.993478315,46.894669331,-0.657867694378,-0.702881659640,0.270494859905,0.612686207723,0.782742746835
3466,-25.920524442,-1.995583037,-7.289997325,25.997229449,184.402433381,0.960019423777,0.073910482854,0.269999900917,0.612686207723,0.782742746835
3467,20.463936884,-16.039895582,-7.276608889,26.000980041,321.910197431,-0.757923588298,0.594070206747,0.269504032912,0.612686207723,0.782742746835
3468,-4.255290035,25.654210061,-7.263195773,26.004730092,99.417961481,0.157603334631,-0.950155928202,0.269007250862,0.612686207723,0.782742746835
3469,-14.193497669,-21.794165163,-7.249757842,26.008479603,236.925725531,0.525685098849,0.807191302338,0.268509549695,0.612686207723,0.782742746835
3470,25.191221135,6.483703651,-7.236294956,26.012228573,14.433489581,-0.933008190188,-0.240137172268,0.268010924288,0.612686207723,0.782742746835
3471,-22.958209214,12.237307264,-7.222806976,26.015977002,151.941253631,0.850304044965,-0.453233602370,0.267511369475,0.612686207723,0.782742746835
3472,8.663734613,-24.534991054,-7.209293761,26.019724892,289.449017681,-0.320879059754,0.908703372368,0.267010880038,0.612686207723,0.782742746835
3473,10.186246863,23.947055819,-7.195755169,26.023472242,66.956781731,-0.377268402323,-0.886927993294,0.266509450713,0.612686207723,0.782742746835
3474,-23.690435616,-10.778654459,-7.182191057,26.027219053,204.464545781,0.877423541337,0.399209424398,0.266007076184,0.612686207723,0.782742746835
3475,24.753028759,-8.055974363,-7.168601279,26.030965324,341.972309831,-0.916778842935,0.298369420864,0.265503751086,0.612686207723,0.782742746835
3476,-12.812223905,22.663916219,-7.154985690,26.034711056,119.480073881,0.474526811291,-0.839404304412,0.264999470002,0.612686207723,0.782742746835
3477,-5.862763529,-25.369848396,-7.141344142,26.038456249,256.987837932,0.217139389975,0.939624014678,0.264494227464,0.612686207723,0.782742746835
3478,21.463191955,14.748817546,-7.127676485,26.042200904,34.495601982,-0.794933035386,-0.546252501714,0.263988017952,0.612686207723,0.782742746835
3479,-25.792680586,3.623379665,-7.113982569,26.045945020,172.003366032,0.955284466146,-0.134199246858,0.263480835893,0.612686207723,0.782742746835
3480,16.573543920,-20.097360972,-7.100262243,26.049688599,309.511130082,-0.613834959988,0.744346702655,0.262972675659,0.612686207723,0.782742746835
3481,1.354951454,26.018174546,-7.086515352,26.053431639,87.018894132,-0.050183387175,-0.963636094305,0.262463531570,0.612686207723,0.782742746835
3482,-18.576791535,-18.272360015,-7.072741743,26.057174141,224.526658182,0.688029316094,0.676754074631,0.261953397887,0.612686207723,0.782742746835
3483,26.044489382,0.925160063,-7.058941258,26.060916107,2.034422232,-0.964610717854,-0.034265187534,0.261442268819,0.612686207723,0.782742746835
3484,-19.832179352,16.913043326,-7.045113740,26.064657535,139.542186282,0.734525161173,-0.626409012083,0.260930138515,0.612686207723,0.782742746835
3485,3.199494362,-25.871309057,-7.031259029,26.068398425,277.049950332,-0.118499791180,0.958196631722,0.260417001070,0.612686207723,0.782742746835
3486,15.118779566,21.240972788,-7.017376964,26.072138780,54.557714382,-0.559954798734,-0.786702695856,0.259902850517,0.612686207723,0.782742746835
3487,-25.499845688,-5.450625148,-7.003467382,26.075878597,192.065478432,0.944438729189,0.201875005486,0.259387680832,0.612686207723,0.782742746835
3488,22.487861289,-13.207670626,-6.989530120,26.079617879,329.573242482,-0.832883751434,0.489172986141,0.258871485931,0.612686207723,0.782742746835
3489,-7.661293889,24.932831141,-6.975565011,26.083356624,107.081006532,0.283751625502,-0.923438190426,0.258354259668,0.612686207723,0.782742746835
3490,-11.194289877,-23.563199932,-6.961571888,26.087094834,244.588770582,0.414603328760,0.872711108576,0.257835995837,0.612686207723,0.782742746835
3491,24.174496970,9.814542129,-6.947550581,26.090832507,22.096534632,-0.895351739614,-0.363501560329,0.257316688168,0.612686207723,0.782742746835
3492,-24.458652510,9.094002552,-6.933500919,26.094569646,159.604298682,0.905876018874,-0.336814909348,0.256796330329,0.612686207723,0.782742746835
3493,11.893841591,-23.230542854,-6.919422730,26.098306249,297.112062732,-0.440512651523,0.860390476073,0.256274915922,0.612686207723,0.782742746835
3494,6.922848488,25.167256147,-6.905315839,26.102042318,74.619826782,-0.256401795837,-0.932120598045,0.255752438486,0.612686207723,0.782742746835
3495,-22.108093779,-13.883221049,-6.891180070,26.105777852,212.127590832,0.818818288124,0.514193372168,0.255228891491,0.612686207723,0.782742746835
3496,25.683475432,-4.697419616,-6.877015245,26.109512851,349.635354882,-0.951239830817,0.173978504289,0.254704268344,0.612686207723,0.782742746835
3497,-15.767389006,20.815646262,-6.862821184,26.113247316,127.143118932,0.583977370596,-0.770949861573,0.254178562379,0.612686207723,0.782742746835
3498,-2.434733170,-26.003245641,-6.848597705,26.116981247,264.650882982,0.090175302593,0.963083171885,0.253651766865,0.612686207723,0.782742746835
3499,19.363004043,17.531851242,-6.834344625,26.120714645,42.158647032,-0.717148297886,-0.649327823788,0.253123874998,0.612686207723,0.782742746835
3500,-26.124004723,0.152101551,-6.820061757,26.124447509,179.666411082,0.967555730464,-0.005633390779,0.252594879906,0.612686207723,0.782742746835
3501,19.163022311,-17.761203721,-6.805748915,26.128179839,317.174175132,-0.709741567067,0.657822360035,0.252064774642,0.612686207723,0.782742746835
3502,-2.133000140,26.044713786,-6.791405909,26.131911637,94.681939182,0.079000005167,-0.964619029103,0.251533552187,0.612686207723,0.782742746835
3503,-16.022430908,-20.648330142,-6.777032547,26.135642901,232.189703232,0.593423366945,0.764752968237,0.251001205448,0.612686207723,0.782742746835
3504,25.765865930,4.403067889,-6.762628636,26.139373633,9.697467283,-0.954291330723,-0.163076588480,0.250467727256,0.612686207723,0.782742746835
3505,-21.976312943,14.159927523,-6.748193980,26.143103833,147.205231333,0.813937516402,-0.524441760100,0.249933110367,0.612686207723,0.782742746835
3506,6.640702861,-25.289483340,-6.733728381,26.146833500,284.712995383,-0.245951957810,0.936647531108,0.249397347456,0.612686207723,0.782742746835
3507,12.187890949,23.136707639,-6.719231640,26.150562636,62.220759433,-0.451403368463,-0.856915097756,0.248860431123,0.612686207723,0.782742746835
3508,-24.619102671,-8.828744753,-6.704703555,26.154291240,199.728523483,0.911818617441,0.326990546420,0.248322353886,0.612686207723,0.782742746835
3509,24.120529194,-10.121365803,-6.690143921,26.158019312,337.236287533,-0.893352933109,0.374865400119,0.247783108181,0.612686207723,0.782742746835
3510,-10.950403406,23.759748813,-6.675552532,26.161746853,114.744051583,0.405570496501,-0.879990696773,0.247242686364,0.612686207723,0.782742746835
3511,-7.976129163,-24.920140169,-6.660929179,26.165473863,252.251815633,0.295412191236,0.922968154406,0.246701080705,0.612686207723,0.782742746835
3512,22.717897244,12.989387644,-6.646273652,26.169200342,29.759579683,-0.841403601630,-0.481088431250,0.246158283390,0.612686207723,0.782742746835
3513,-25.529310009,5.768570108,-6.631585736,26.172926291,167.267343733,0.945530000335,-0.213650744733,0.245614286519,0.612686207723,0.782742746835
3514,14.930030377,-21.501425247,-6.616865217,26.176651709,304.775107783,-0.552964088052,0.796349083205,0.245069082103,0.612686207723,0.782742746835
3515,3.515564505,25.943263576,-6.602111876,26.180376597,82.282871833,-0.130206092769,-0.960861613940,0.244522662065,0.612686207723,0.782742746835
3516,-20.119552355,-16.757408985,-6.587325492,26.184100956,219.790635883,0.745168605730,0.620644777236,0.243975018237,0.612686207723,0.782742746835
3517,26.158718564,-1.234345998,-6.572505844,26.187824784,357.298399933,-0.968841428283,0.045716518432,0.243426142360,0.612686207723,0.782742746835
3518,-18.457460066,18.582770485,-6.557652704,26.191548084,134.806163983,0.683609632083,-0.688250758720,0.242876026081,0.612686207723,0.782742746835
3519,1.057625823,-26.173911490,-6.542765846,26.195270854,272.313928033,-0.039171326796,0.969404129273,0.242324660952,0.612686207723,0.782742746835
3520,16.902764280,20.017087672,-6.527845038,26.198993094,49.821692083,-0.626028306675,-0.741373617467,0.241772038429,0.612686207723,0.782742746835
3521,-25.988612077,-3.342799057,-6.512890046,26.202714807,187.329456133,0.962541188050,0.123807372482,0.241218149870,0.612686207723,0.782742746835
3522,21.424264188,-15.092322264,-6.497900636,26.206435990,324.837220183,-0.793491266223,0.558974898668,0.240662986533,0.612686207723,0.782742746835
3523,-5.603663907,25.604125883,-6.482876569,26.210156646,102.344984233,0.207543107677,-0.948300958614,0.240106539577,0.612686207723,0.782742746835
3524,-13.165239496,-22.668123092,-6.467817602,26.213876773,239.852748283,0.487601462804,0.839560114502,0.239548800056,0.612686207723,0.782742746835
3525,25.023285172,7.822886857,-6.452723491,26.217596372,17.360512333,-0.926788339688,-0.289736550248,0.238989758921,0.612686207723,0.782742746835
3526,-23.739042859,11.136212452,-6.437593989,26.221315444,154.868276383,0.879223809590,-0.412452313026,0.238429407015,0.612686207723,0.782742746835
3527,9.983443563,-24.250428086,-6.422428847,26.225033989,292.376040433,-0.369757168996,0.898164003167,0.237867735076,0.612686207723,0.782742746835
3528,9.020726944,24.628721388,-6.407227811,26.228752006,69.883804483,-0.334100997913,-0.912174866209,0.237304733730,0.612686207723,0.782742746835
3529,-23.291366260,-12.068749463,-6.391990624,26.232469496,207.391568534,0.862643194815,0.446990720851,0.236740393493,0.612686207723,0.782742746835
3530,25.330240349,-6.834939925,-6.376717029,26.236186459,344.899332583,-0.938157049977,0.253145923147,0.236174704767,0.612686207723,0.782742746835
3531,-14.062787082,22.153341136,-6.361406762,26.239902896,122.407096634,0.520843965994,-0.820494116161,0.235607657839,0.612686207723,0.782742746835
3532,-4.595556088,-25.838118978,-6.346059558,26.243618807,259.914860684,0.170205781040,0.956967369563,0.235039242878,0.612686207723,0.782742746835
3533,20.844969293,15.950229069,-6.330675148,26.247334192,37.422624734,-0.772035899743,-0.590749224761,0.234469449936,0.612686207723,0.782742746835
3534,-26.148356875,2.319700196,-6.315253261,26.251049050,174.930388784,0.968457662026,-0.085914822056,0.233898268942,0.612686207723,0.782742746835
3535,17.716556014,-19.376177211,-6.299793622,26.254763383,312.438152834,-0.656168741267,0.717636193004,0.233325689701,0.612686207723,0.782742746835
3536,0.024786120,26.258465493,-6.284295951,26.258477191,89.945916884,-0.000918004442,-0.972535758999,0.232751701895,0.612686207723,0.782742746835
3537,-17.758125966,-19.348168147,-6.268759967,26.262190474,227.453680934,0.657708369106,0.716598820270,0.232176295077,0.612686207723,0.782742746835
3538,26.167488062,2.271616405,-6.253185384,26.265903231,4.961444984,-0.969166224510,-0.084133940911,0.231599458670,0.612686207723,0.782742746835
3539,-20.832490045,16.003126418,-6.237571913,26.269615464,142.469209034,0.771573705380,-0.592708385844,0.231021181966,0.612686207723,0.782742746835
3540,4.551916301,-25.876007781,-6.221919261,26.273327172,279.976973084,-0.168589492647,0.958370658561,0.230441454121,0.612686207723,0.782742746835
3541,14.124545546,22.158067558,-6.206227132,26.277038356,57.484737134,-0.523131316500,-0.820669168824,0.229860264156,0.612686207723,0.782742746835
3542,-25.386144225,-6.798635909,-6.190495226,26.280749016,194.992501184,0.940227563904,0.251801329974,0.229277600953,0.612686207723,0.782742746835
3543,23.314656196,-12.136704635,-6.174723238,26.284459152,332.500265234,-0.863505785038,0.449507579076,0.228693453249,0.612686207723,0.782742746835
3544,-8.994544947,24.701537972,-6.158910860,26.288168765,110.008029284,0.333131294350,-0.914871776756,0.228107809642,0.612686207723,0.782742746835
3545,-10.054770099,-24.293300297,-6.143057782,26.291877854,247.515793334,0.372398892566,0.899751862869,0.227520658579,0.612686207723,0.782742746835
3546,23.827323571,11.122792661,-6.127163686,26.295586420,25.023557384,-0.882493465609,-0.411955283759,0.226931988360,0.612686207723,0.782742746835
3547,-25.086402370,7.894637761,-6.111228253,26.299294463,162.531321434,0.929126013698,-0.292393991164,0.226341787130,0.612686207723,0.782742746835
3548,13.167037136,-22.770091049,-6.095251158,26.303001983,300.039085484,-0.487668042071,0.843336705522,0.225750042884,0.612686207723,0.782742746835
3549,5.672811484,25.687782062,-6.079232073,26.306708981,77.546849534,-0.210104129044,-0.951399335629,0.225156743453,0.612686207723,0.782742746835
3550,-21.537836243,-15.111570781,-6.063170666,26.310415456,215.054613584,0.797697638620,0.559687806689,0.224561876513,0.612686207723,0.782742746835
3551,26.092724313,-3.406277072,-6.047066598,26.314121409,352.562377634,-0.966397196768,0.126158410089,0.223965429573,0.612686207723,0.782742746835
3552,-16.941441029,20.139900335,-6.030919529,26.317826841,130.070141684,0.627460778855,-0.745922234616,0.223367389975,0.612686207723,0.782742746835
3553,-1.112372412,-26.298016300,-6.014729112,26.321531751,267.577905734,0.041198978211,0.974000603711,0.222767744893,0.612686207723,0.782742746835
3554,18.586899045,18.642565319,-5.998494996,26.325236139,45.085669784,-0.688403668334,-0.690465382187,0.222166481327,0.612686207723,0.782742746835
3555,-26.301972903,-1.191345163,-5.982216825,26.328940006,182.593433834,0.974147144538,0.044123894923,0.221563586101,0.612686207723,0.782742746835
3556,20.201839473,-16.890642020,-5.965894238,26.332643353,320.101197885,-0.748216276774,0.625579334076,0.220959045858,0.612686207723,0.782742746835
3557,-3.487233255,26.104450468,-5.949526871,26.336346178,97.608961935,0.129156787233,-0.966831498817,0.220352847059,0.612686207723,0.782742746835
3558,-15.064043027,-21.607238643,-5.933114351,26.340048483,235.116725985,0.557927519525,0.800268097883,0.219744975978,0.612686207723,0.782742746835
3559,25.706848783,5.757699523,-5.916656305,26.343750268,12.624490035,-0.952105510500,-0.213248130468,0.219135418699,0.612686207723,0.782742746835
3560,-22.847910044,13.121021640,-5.900152350,26.347451532,150.132254085,0.846218890502,-0.485963764460,0.218524161110,0.612686207723,0.782742746835
3561,7.985336484,-25.112101218,-5.883602100,26.351152277,287.640018135,-0.295753203098,0.930077822877,0.217911188903,0.612686207723,0.782742746835
3562,11.076397165,23.914256757,-5.867005164,26.354852502,65.147782185,-0.410236932029,-0.885713213229,0.217296487569,0.612686207723,0.782742746835
3563,-24.324653111,-10.153054985,-5.850361145,26.358552208,202.655546235,0.900913078168,0.376039073523,0.216680042391,0.612686207723,0.782742746835
3564,24.798011963,-8.945775607,-5.833669638,26.362251394,340.163310285,-0.918444887537,0.331325022488,0.216061838442,0.612686207723,0.782742746835
3565,-12.244215305,23.350428565,-5.816930236,26.365950061,117.671074335,0.453489455757,-0.864830687606,0.215441860583,0.612686207723,0.782742746835
3566,-6.745430557,-25.492303021,-5.800142523,26.369648210,255.178838385,0.249830761368,0.944159371146,0.214820093455,0.612686207723,0.782742746835
3567,22.196785893,14.242754888,-5.783306080,26.373345840,32.686602435,-0.822103181239,-0.527509440279,0.214196521477,0.612686207723,0.782742746835
3568,-25.991704902,4.492178884,-5.766420479,26.377042951,170.194366485,0.962655737127,-0.166376995718,0.213571128838,0.612686207723,0.782742746835
3569,16.133311722,-20.872462045,-5.749485286,26.380739545,307.702130535,-0.597530063793,0.773054149804,0.212943899499,0.612686207723,0.782742746835
3570,2.203252208,26.292282570,-5.732500064,26.384435621,85.209894585,-0.081601933619,-0.973788243324,0.212314817181,0.612686207723,0.782742746835
3571,-19.387506445,-17.901342434,-5.715464365,26.388131179,222.717658635,0.718055794269,0.663012682730,0.211683865363,0.612686207723,0.782742746835
3572,26.391621956,0.103834890,-5.698377737,26.391826219,0.225422685,-0.977467479865,-0.003845736680,0.211051027279,0.612686207723,0.782742746835
3573,-19.533234157,17.753204742,-5.681239720,26.395520742,137.733186735,0.723453116935,-0.657526101551,0.210416285910,0.612686207723,0.782742746835
3574,2.411418887,-26.288849314,-5.664049847,26.399214748,275.240950785,-0.089311810634,0.973661085720,0.209779623979,0.612686207723,0.782742746835
3575,15.981993033,21.016409353,-5.646807647,26.402908238,52.748714835,-0.591925667876,-0.778385531605,0.209141023946,0.612686207723,0.782742746835
3576,-25.984638771,-4.701822561,-5.629512636,26.406601210,190.256478885,0.962394028572,0.174141576341,0.208500468004,0.612686207723,0.782742746835
3577,22.339422746,-14.087363235,-5.612164328,26.410293667,327.764242935,-0.827386027643,0.521754193891,0.207857938069,0.612686207723,0.782742746835
3578,-6.957490414,25.481208032,-5.594762226,26.413985607,105.272006985,0.257684830144,-0.943748445633,0.207213415779,0.612686207723,0.782742746835
3579,-12.083760312,-23.492049643,-5.577305827,26.417677031,242.779771035,0.447546678238,0.870075912699,0.206566882485,0.612686207723,0.782742746835
3580,24.782302251,9.161123234,-5.559794620,26.421367939,20.287535085,-0.917863046344,-0.339300860530,0.205918319244,0.612686207723,0.782742746835
3581,-24.465364948,9.986472140,-5.542228084,26.425058332,157.795299136,0.906124627718,-0.369869338528,0.205267706814,0.612686207723,0.782742746835
3582,11.295810776,-23.893166196,-5.524605693,26.428748210,295.303063185,-0.418363362060,0.884932081328,0.204615025649,0.612686207723,0.782742746835
3583,7.811512854,25.251812271,-5.506926909,26.432437572,72.810827236,-0.289315290890,-0.935252306319,0.203960255888,0.612686207723,0.782742746835
3584,-22.820504901,-13.345161526,-5.489191188,26.436126420,210.318591286,0.845203885228,0.494265241701,0.203303377351,0.612686207723,0.782742746835
3585,25.845262576,-5.575500567,-5.471397977,26.439814753,347.826355336,-0.957231947247,0.206500020985,0.202644369532,0.612686207723,0.782742746835
3586,-15.293428577,21.572433118,-5.453546713,26.443502572,125.334119386,0.566423280616,-0.798979004363,0.201983211588,0.612686207723,0.782742746835
3587,-3.295530391,-26.241061941,-5.435636823,26.447189876,262.841883436,0.122056681134,0.971891182986,0.201319882337,0.612686207723,0.782742746835
3588,20.158413930,17.125630623,-5.417667727,26.450876666,40.349647486,-0.746607923321,-0.634282615677,0.200654360243,0.612686207723,0.782742746835
3589,-26.436068032,0.989043735,-5.399638832,26.454562943,177.857411536,0.979113630800,-0.036631249449,0.199986623416,0.612686207723,0.782742746835
3590,18.827667167,-18.589187007,-5.381549539,26.458248705,315.365175586,-0.697321006196,0.688488407682,0.199316649595,0.612686207723,0.782742746835
3591,-1.326305124,26.428675021,-5.363399236,26.461933955,92.872939636,0.049122411984,-0.978839815585,0.198644416147,0.612686207723,0.782742746835
3592,-16.876687041,-20.386427034,-5.345187301,26.465618691,230.380703686,0.625062483006,0.755052853124,0.197969900053,0.612686207723,0.782742746835
3593,26.218826746,3.632784177,-5.326913103,26.469302915,7.888467736,-0.971067657244,-0.134547562099,0.197293077901,0.612686207723,0.782742746835
3594,-21.789889373,15.033952972,-5.308575999,26.472986625,145.396231786,0.807032939742,-0.556813073053,0.196613925875,0.612686207723,0.782742746835
3595,5.912719488,-25.808018002,-5.290175333,26.476669824,282.903995836,-0.218989610666,0.955852518599,0.195932419749,0.612686207723,0.782742746835
3596,13.075028715,23.027216356,-5.271710442,26.480352509,60.411759886,-0.484260322770,-0.852859865055,0.195248534871,0.612686207723,0.782742746835
3597,-25.199283957,-8.148630630,-5.253180646,26.484034683,197.919523936,0.933306813223,0.301801134460,0.194562246157,0.612686207723,0.782742746835
3598,24.088836872,-11.014856120,-5.234585258,26.487716345,335.427287986,-0.892179143393,0.407957634080,0.193873528080,0.612686207723,0.782742746835
3599,-10.323364714,24.397177751,-5.215923576,26.491397495,112.935052036,0.382346841273,-0.903599175972,0.193182354657,0.612686207723,0.782742746835
3600,-8.869161006,-24.966520550,-5.197194885,26.495078134,250.442816086,0.328487444649,0.924685946307,0.192488699438,0.612686207723,0.782742746835
3601,23.407736462,12.420227982,-5.178398458,26.498758262,27.950580136,-0.866953202300,-0.460008443782,0.191792535496,0.612686207723,0.782742746835
3602,-25.653441569,6.654333110,-5.159533556,26.502437878,165.458344186,0.950127465523,-0.246456781863,0.191093835412,0.612686207723,0.782742746835
3603,14.423113957,-22.238435677,-5.140599424,26.506116984,302.966108236,-0.534189405813,0.823645765802,0.190392571266,0.612686207723,0.782742746835
3604,4.387300900,26.144231724,-5.121595295,26.509795579,80.473872286,-0.162492625928,-0.968304878675,0.189688714619,0.612686207723,0.782742746835
3605,-20.898133019,-16.316627165,-5.102520386,26.513473664,217.981636336,0.774004926631,0.604319524620,0.188982236505,0.612686207723,0.782742746835
3606,26.435022367,-2.085402174,-5.083373900,26.517151238,355.489400386,-0.979074902497,0.077237117537,0.188273107413,0.612686207723,0.782742746835
3607,-18.086201476,19.397001058,-5.064155026,26.520828303,132.997164436,0.669859313931,-0.718407446582,0.187561297275,0.612686207723,0.782742746835
3608,0.233748539,-26.523474877,-5.044862937,26.524504858,270.504928487,-0.008657353287,0.982350921381,0.186846775450,0.612686207723,0.782742746835
3609,17.746450101,19.718212161,-5.025496789,26.528180903,48.012692537,-0.657275929671,-0.730304154115,0.186129510708,0.612686207723,0.782742746835
3610,-26.408799425,-2.552394769,-5.006055723,26.531856439,185.520456587,0.978103682389,0.094533139584,0.185409471217,0.612686207723,0.782742746835
3611,21.200080792,-15.959041468,-4.986538862,26.535531466,323.028220637,-0.785188177498,0.591075609918,0.184686624523,0.612686207723,0.782742746835
3612,-4.852774069,26.091761882,-4.966945313,26.539205984,100.535984687,0.179732372911,-0.966361551175,0.183960937534,0.612686207723,0.782742746835
3613,-14.048391889,-22.520372192,-4.947274166,26.542879993,238.043748737,0.520310810719,0.834087858951,0.183232376503,0.612686207723,0.782742746835
3614,25.574678818,7.117254088,-4.927524489,26.546553494,15.551512787,-0.947210326599,-0.263602003265,0.182500907010,0.612686207723,0.782742746835
3615,-23.668882669,12.029069776,-4.907695336,26.550226487,153.059276837,0.876625284054,-0.445521102798,0.181766493942,0.612686207723,0.782742746835
3616,9.328467732,-24.861400611,-4.887785740,26.553898971,290.567040887,-0.345498804899,0.920792615214,0.181029101474,0.612686207723,0.782742746835
3617,9.916484129,24.636718880,-4.867794712,26.557570948,68.074804937,-0.367277189958,-0.912471069621,0.180288693048,0.612686207723,0.782742746835
3618,-23.957282795,-11.469446360,-4.847721247,26.561242417,205.582568987,0.887306770184,0.424794309617,0.179545231353,0.612686207723,0.782742746835
3619,25.416366679,-7.726766960,-4.827564314,26.564913378,343.090333037,-0.941346914024,0.286176554061,0.178798678301,0.612686207723,0.782742746835
3620,-13.523750004,22.869145867,-4.807322865,26.568583833,120.598097087,0.500879629769,-0.847005402497,0.178048995006,0.612686207723,0.782742746835
3621,-5.476650095,-26.001749454,-4.786995828,26.572253780,258.105861137,0.202838892405,0.963027757567,0.177296141761,0.612686207723,0.782742746835
3622,21.605223843,15.475593614,-4.766582106,26.575923221,35.613625187,-0.800193475675,-0.573170133855,0.176540078010,0.612686207723,0.782742746835
3623,-26.388275476,3.183337325,-4.746080583,26.579592155,173.121389237,0.977343536134,-0.117901382407,0.175780762328,0.612686207723,0.782742746835
3624,17.309968351,-20.175101955,-4.725490114,26.583260582,310.629153287,-0.641109938908,0.747225998322,0.175018152387,0.612686207723,0.782742746835
3625,0.864372862,26.572873891,-4.704809533,26.586928504,88.136917337,-0.032013809720,-0.984180514470,0.174252204938,0.612686207723,0.782742746835
3626,-18.589643964,-19.012756997,-4.684037646,26.590595919,225.644681387,0.688505331987,0.704176185084,0.173482875772,0.612686207723,0.782742746835
3627,26.554019093,1.462492879,-4.663173232,26.594262829,3.152445437,-0.983482188628,-0.054166402914,0.172710119700,0.612686207723,0.782742746835
3628,-20.570842610,16.860909638,-4.642215044,26.597929233,140.660209487,0.761883059615,-0.624478134737,0.171933890514,0.612686207723,0.782742746835
3629,3.779439158,-26.331743262,-4.621161806,26.601595132,278.167973537,-0.139979228088,0.975249750441,0.171154140960,0.612686207723,0.782742746835
3630,15.002063019,21.972209557,-4.600012213,26.605260526,55.675737587,-0.555631963681,-0.813785539137,0.170370822703,0.612686207723,0.782742746835
3631,-25.907636976,-6.068711399,-4.578764930,26.608925415,193.183501637,0.959542110214,0.224767088864,0.169583886289,0.612686207723,0.782742746835
3632,23.206036183,-13.027272181,-4.557418590,26.612589799,330.691265687,-0.859482821587,0.482491562255,0.168793281115,0.612686207723,0.782742746835
3633,-8.312757245,25.284837885,-4.535971795,26.616253678,108.199029737,0.307879897945,-0.936475477218,0.167998955384,0.612686207723,0.782742746835
3634,-10.951601236,-24.262778372,-4.514423114,26.619917054,245.706793787,0.405614860585,0.898621421179,0.167200856071,0.612686207723,0.782742746835
3635,24.468007526,10.494361140,-4.492771080,26.623579925,23.214557838,-0.906222500967,-0.388680042207,0.166398928877,0.612686207723,0.782742746835
3636,-25.134243370,8.790895423,-4.471014191,26.627242292,160.722321888,0.930897902585,-0.325588719354,0.165593118190,0.612686207723,0.782742746835
3637,12.596776410,-23.463296449,-4.449150910,26.630904156,298.230085938,-0.466547274446,0.869010979594,0.164783367038,0.612686207723,0.782742746835
3638,6.561660142,25.813653295,-4.427179660,26.634565517,75.737849988,-0.243024449714,-0.956061233148,0.163969617042,0.612686207723,0.782742746835
3639,-22.278297915,-14.603853818,-4.405098826,26.638226374,213.245614038,0.825122145014,0.540883474729,0.163151808367,0.612686207723,0.782742746835
3640,26.295697843,-4.280934871,-4.382906751,26.641886728,350.753378088,-0.973914734919,0.158553143371,0.162329879671,0.612686207723,0.782742746835
3641,-16.500165612,20.921990519,-4.360601737,26.645546579,128.261142138,0.611117244872,-0.774888537743,0.161503768051,0.612686207723,0.782742746835
3642,-1.966162912,-26.576575776,-4.338182043,26.649205927,265.768906188,0.072820848586,0.984317621328,0.160673408986,0.612686207723,0.782742746835
3643,19.404670162,18.271124119,-4.315645880,26.652864774,43.276670238,-0.718691487473,-0.676708300686,0.159838736281,0.612686207723,0.782742746835
3644,-26.654024875,-0.364942020,-4.292991414,26.656523118,180.784434288,0.987186106484,0.013516371096,0.158999682001,0.612686207723,0.782742746835
3645,19.903093964,-17.737871898,-4.270216763,26.660180960,318.292198338,-0.737151628286,0.656958218442,0.158156176411,0.612686207723,0.782742746835
3646,-2.694531353,26.527340117,-4.247319993,26.663838300,95.799962388,0.099797457528,-0.982494078391,0.157308147906,0.612686207723,0.782742746835
3647,-15.934282244,-21.383497056,-4.224299119,26.667495138,233.307726438,0.590158601618,0.791981372431,0.156455522939,0.612686207723,0.782742746835
3648,26.197379928,5.004758332,-4.201152101,26.671151475,10.815490488,-0.970273330648,-0.185361419701,0.155598225950,0.612686207723,0.782742746835
3649,-22.700909529,14.007642615,-4.177876841,26.674807311,148.323254538,0.840774427015,-0.518801578349,0.154736179283,0.612686207723,0.782742746835
3650,7.277914738,-25.666560468,-4.154471184,26.678462647,285.831018588,-0.269552397717,0.950613350656,0.153869303111,0.612686207723,0.782742746835
3651,11.972644634,23.845149900,-4.130932914,26.682117481,63.338782638,-0.443431282727,-0.883153699986,0.152997515341,0.612686207723,0.782742746835
3652,-24.938837973,-9.496566637,-4.107259751,26.685771814,200.846546688,0.923660665673,0.351724690246,0.152120731529,0.612686207723,0.782742746835
3653,24.807357743,-9.844818089,-4.083449349,26.689425648,338.354310738,-0.918791027532,0.364622892184,0.151238864785,0.612686207723,0.782742746835
3654,-11.643688086,24.019679291,-4.059499293,26.693078981,115.862074788,0.431247706897,-0.889617751517,0.150351825669,0.612686207723,0.782742746835
3655,-7.640412426,-25.580062305,-4.035407096,26.696731814,253.369838838,0.282978238002,0.947409714999,0.149459522088,0.612686207723,0.782742746835
3656,22.916020824,13.702791804,-4.011170198,26.700384148,30.877602888,-0.848741512016,-0.507510807547,0.148561859181,0.612686207723,0.782742746835
3657,-26.157240492,5.376272648,-3.986785959,26.704035982,168.385366938,0.968786684875,-0.199121209181,0.147658739206,0.612686207723,0.782742746835
3658,15.658055769,-21.636216197,-3.962251658,26.707687317,305.893130988,-0.579927991447,0.801341340636,0.146750061412,0.612686207723,0.782742746835
3659,3.069710590,26.534363809,-3.937564492,26.711338152,83.400895038,-0.113692984829,-0.982754215161,0.145835721910,0.612686207723,0.782742746835
3660,-20.189973030,-17.494444804,-3.912721565,26.714988489,220.908659088,0.747776778890,0.647942400146,0.144915613532,0.612686207723,0.782742746835
3661,26.708433874,-0.738372549,-3.887719894,26.718638327,358.416423139,-0.989201254597,0.027347131450,0.143989625689,0.612686207723,0.782742746835
3662,-19.197826189,18.588279311,-3.862556394,26.722287666,135.924187189,0.711030599589,-0.688454789279,0.143057644209,0.612686207723,0.782742746835
3663,1.599895728,-26.678006219,-3.837227882,26.725936507,273.431951239,-0.059255397329,0.988074304423,0.142119551179,0.612686207723,0.782742746835
3664,16.843319912,20.755078429,-3.811731069,26.729584850,50.939715289,-0.623826663411,-0.768706608485,0.141175224766,0.612686207723,0.782742746835
3665,-26.443202212,-3.927185650,-3.786062554,26.733232695,188.447479339,0.979377859689,0.145451320387,0.140224539038,0.612686207723,0.782742746835
3666,22.154192332,-14.968383898,-3.760218822,26.736880043,325.955243389,-0.820525641930,0.554384588825,0.139267363761,0.612686207723,0.782742746835
3667,-6.225662951,26.005708975,-3.734196233,26.740526893,103.463007439,0.230580109301,-0.963174406494,0.138303564196,0.612686207723,0.782742746835
3668,-12.977763316,-23.384363619,-3.707991024,26.744173245,240.970771489,0.480657900599,0.866087541454,0.137333000877,0.612686207723,0.782742746835
3669,25.368767323,8.477704357,-3.681599293,26.747819101,18.478535539,-0.939583974922,-0.313989050253,0.136355529373,0.612686207723,0.782742746835
3670,-24.436076356,10.886644251,-3.655017001,26.751464459,155.986299589,0.905039865036,-0.403209046332,0.135371000037,0.612686207723,0.782742746835
3671,10.666032718,-24.537147774,-3.628239959,26.755109321,293.494063639,-0.395038248802,0.908783250876,0.134379257744,0.612686207723,0.782742746835
3672,8.710990971,25.301176557,-3.601263823,26.758753687,71.001827689,-0.322629295216,-0.937080613233,0.133380141596,0.612686207723,0.782742746835
3673,-23.517114840,-12.773849558,-3.574084085,26.762397556,208.509591739,0.871004253351,0.473105539190,0.132373484629,0.612686207723,0.782742746835
3674,25.972935399,-6.467424047,-3.546696064,26.766040929,346.017355789,-0.961960570321,0.239534223972,0.131359113477,0.612686207723,0.782742746835
3675,-14.784964033,22.316379851,-3.519094897,26.769683807,123.525119839,0.547591260477,-0.826532587074,0.130336848028,0.612686207723,0.782742746835
3676,-4.173093380,-26.446101543,-3.491275528,26.773326188,261.032883889,0.154559014082,0.979485242335,0.129306501053,0.612686207723,0.782742746835
3677,20.944042658,16.683917298,-3.463232701,26.776968074,38.540647939,-0.775705283629,-0.617922862884,0.128267877799,0.612686207723,0.782742746835
3678,-26.716942176,1.845547099,-3.434960940,26.780609465,176.048411989,0.989516376894,-0.068353596275,0.127220775566,0.612686207723,0.782742746835
3679,18.456101340,-19.410522680,-3.406454548,26.784250361,313.556176039,-0.683559308902,0.718908247426,0.126164983241,0.612686207723,0.782742746835
3680,-0.497402657,26.783272431,-3.377707582,26.787890762,91.063940089,0.018422320648,-0.991973052983,0.125100280802,0.612686207723,0.782742746835
3681,-17.727479797,-20.087871356,-3.348713847,26.791530669,228.571704139,0.656573325824,0.743995235401,0.124026438784,0.612686207723,0.782742746835
3682,26.644472966,2.837816062,-3.319466878,26.795170081,6.079468189,-0.986832332081,-0.105104298583,0.122943217698,0.612686207723,0.782742746835
3683,-21.566650806,15.907725694,-3.289959920,26.798808998,143.587232239,0.798764844655,-0.589175025697,0.121850367412,0.612686207723,0.782742746835
3684,5.157762963,-26.301495566,-3.260185915,26.802447422,281.094996289,-0.191028257897,0.974129465413,0.120747626474,0.612686207723,0.782742746835
3685,13.965126337,22.881028348,-3.230137477,26.806085352,58.602760339,-0.517226901362,-0.847445494382,0.119634721380,0.612686207723,0.782742746835
3686,-25.756856699,-7.439460260,-3.199806876,26.809722788,196.110524389,0.953957655505,0.275535565188,0.118511365785,0.612686207723,0.782742746835
3687,24.020845895,-11.914496318,-3.169186010,26.813359730,333.618288439,-0.889660959083,0.441277641403,0.117377259641,0.612686207723,0.782742746835
3688,-9.665408217,25.014619088,-3.138266383,26.816996180,111.126052490,0.357978082120,-0.926467373619,0.116232088260,0.612686207723,0.782742746835
3689,-9.771485873,-24.977277114,-3.107039075,26.820632136,248.633816540,0.361906884183,0.925084337549,0.115075521298,0.612686207723,0.782742746835
3690,24.080361428,11.818524687,-3.075494714,26.824267600,26.141580590,-0.891865238063,-0.437723136551,0.113907211635,0.612686207723,0.782742746835
3691,-25.742895769,7.552461437,-3.043623442,26.827902571,163.649344640,0.953440584041,-0.279720793972,0.112726794167,0.612686207723,0.782742746835
3692,13.882276203,-22.961136466,-3.011414881,26.831537049,301.157108690,-0.514158377903,0.850412461720,0.111533884464,0.612686207723,0.782742746835
3693,5.274380649,26.311733376,-2.978858088,26.835171035,78.664872740,-0.195347431455,-0.974508643563,0.110328077316,0.612686207723,0.782742746835
3694,-21.665417773,-15.840804945,-2.945941518,26.838804529,216.172636790,0.802422880476,0.586696479437,0.109108945118,0.612686207723,0.782742746835
3695,26.679325716,-2.954662757,-2.912652975,26.842437532,353.680400840,-0.988123174654,0.109431953959,0.107876036103,0.612686207723,0.782742746835
3696,-17.679050588,20.203035590,-2.878979554,26.846070042,131.188164890,0.654779651393,-0.748260577403,0.106628872384,0.612686207723,0.782742746835
3697,-0.611055417,-26.842747849,-2.844907590,26.849702062,268.695928940,0.022631682117,0.994175846256,0.105366947789,0.612686207723,0.782742746835
3698,18.585102259,19.382866117,-2.810422588,26.853333590,46.203692990,-0.688337120703,-0.717883930252,0.104089725463,0.612686207723,0.782742746835
3699,-26.800637360,-1.738501092,-2.775509150,26.856964627,183.711457040,0.992616198523,0.064388929350,0.102796635196,0.612686207723,0.782742746835
3700,20.939126702,-16.823927781,-2.740150902,26.860595173,321.219221090,-0.775523211183,0.623108436348,0.101487070448,0.612686207723,0.782742746835
3701,-4.076011212,26.553205639,-2.704330396,26.864225228,98.726985140,0.150963378205,-0.983452060709,0.100160385027,0.612686207723,0.782742746835
3702,-14.932926158,-22.335830800,-2.668029013,26.867854793,236.234749190,0.553071339191,0.827252992606,0.098815889356,0.612686207723,0.782742746835
3703,26.102237113,6.383561933,-2.631226850,26.871483868,13.742513240,-0.966749522713,-0.236428219730,0.097452846289,0.612686207723,0.782742746835
3704,-23.562192710,12.926513221,-2.593902592,26.875112453,151.250277290,0.872673804061,-0.478759748930,0.096070466380,0.612686207723,0.782742746835
3705,8.643460079,-25.451076427,-2.556033369,26.878740547,288.758041340,-0.320128151069,0.942632460253,0.094667902538,0.612686207723,0.782742746835
3706,10.819996734,24.608725854,-2.517594587,26.882368153,66.265805390,-0.400740619768,-0.911434290904,0.093244243959,0.612686207723,0.782742746835
3707,-24.604603661,-10.838367971,-2.478559749,26.885995268,203.773569440,0.911281617060,0.401421035966,0.091798509204,0.612686207723,0.782742746835
3708,25.467316166,-8.629459599,-2.438900234,26.889621895,341.281333490,-0.943233932066,0.319609614759,0.090329638285,0.612686207723,0.782742746835
3709,-12.951436446,23.569197774,-2.398585056,26.893248032,118.789097540,0.479682831320,-0.872933250898,0.088836483571,0.612686207723,0.782742746835
3710,-6.371637063,-26.131284984,-2.357580581,26.896873681,256.296861590,0.235986557905,0.967825369793,0.087317799296,0.612686207723,0.782742746835
3711,22.352688545,14.966434201,-2.315850194,26.900498841,33.804625640,-0.827877353529,-0.554312377798,0.085772229389,0.612686207723,0.782742746835
3712,-26.595441001,4.063788864,-2.273353919,26.904123512,171.312389690,0.985016333365,-0.150510698654,0.084198293302,0.612686207723,0.782742746835
3713,16.867872478,-20.964297367,-2.230047974,26.907747695,308.820153740,-0.624736017695,0.776455458052,0.082594369394,0.612686207723,0.782742746835
3714,1.723567277,26.856120829,-2.185884235,26.911371390,86.327917790,-0.063835825058,-0.994671141797,0.080958675360,0.612686207723,0.782742746835
3715,-19.414567355,-18.641124124,-2.140809616,26.914994598,223.835681841,0.719058050177,0.690412004603,0.079289245025,0.612686207723,0.782742746835
3716,26.911217893,0.631117902,-2.094765317,26.918617317,1.343445891,-0.996711773798,-0.023374737124,0.077583900632,0.612686207723,0.782742746835
3717,-20.272536115,17.715283283,-2.047685927,26.922239549,138.851209941,0.750834670944,-0.656121603067,0.075840219526,0.612686207723,0.782742746835
3718,2.982236428,-26.760199407,-1.999498332,26.925861294,276.358973991,-0.110453201053,0.991118496558,0.074055493776,0.612686207723,0.782742746835
3719,15.879381973,21.749534677,-1.950120382,26.929482552,53.866738041,-0.588125258245,-0.805538321370,0.072226680797,0.612686207723,0.782742746835
3720,-26.404111304,-5.311775674,-1.899459246,26.933103322,191.374502091,0.977930048300,0.196732432387,0.070350342426,0.612686207723,0.782742746835
3721,23.060722193,-13.920853802,-1.847409361,26.936723606,328.882266141,-0.854100821980,0.515587177839,0.068422568938,0.612686207723,0.782742746835
3722,-7.601878635,25.845571070,-1.793849846,26.940343404,106.390030191,0.281551060567,-0.957243372969,0.066438883198,0.612686207723,0.782742746835
3723,-11.854636089,-24.195965160,-1.738641192,26.943962715,243.897794241,0.439060595884,0.896146857764,0.064394118219,0.612686207723,0.782742746835
3724,25.088748539,9.834980816,-1.681620979,26.947581541,21.405558291,-0.929212908837,-0.364258548738,0.062282258483,0.612686207723,0.782742746835
3725,-25.146472493,9.696499168,-1.622598237,26.951199880,158.913322341,0.931350833070,-0.359129598833,0.060096231016,0.612686207723,0.782742746835
3726,11.993944951,-24.139334779,-1.561345882,26.954817733,296.421086391,-0.444220183353,0.894049436250,0.057827625257,0.612686207723,0.782742746835
3727,7.462926020,25.904863604,-1.497590360,26.958435101,73.928850441,-0.276404667409,-0.959439392735,0.055466309626,0.612686207723,0.782742746835
3728,-23.004499313,-14.062192522,-1.430997138,26.962051984,211.436614491,0.852018493088,0.520821945267,0.052999894000,0.612686207723,0.782742746835
3729,26.465225697,-5.170986374,-1.361149783,26.965668382,348.944378541,-0.980193544328,0.191518013861,0.050412954928,0.612686207723,0.782742746835
3730,-16.023831071,21.692835987,-1.287518798,26.969284294,126.452142591,0.593475224861,-0.803438369877,0.047685881403,0.612686207723,0.782742746835
3731,-2.838206256,-26.823159856,-1.209413320,26.972899722,263.959906641,0.105118750206,0.993450365046,0.044793085915,0.612686207723,0.782742746835
3732,20.214297890,17.863776317,-1.125902527,26.976514666,41.467670691,-0.748677699644,-0.661621345068,0.041700093601,0.612686207723,0.782742746835
3733,-26.975815559,0.482433960,-1.035679692,26.980129125,178.975434741,0.999104279948,-0.017867924435,0.038358507099,0.612686207723,0.782742746835
3734,19.567868151,-18.580121842,-0.936807529,26.983743099,316.483198791,-0.724735857459,0.688152660814,0.034696575154,0.612686207723,0.782742746835
3735,-1.878296511,26.921913341,-0.826186583,26.987356590,93.990962841,0.069566537428,-0.997107901524,0.030599503068,0.612686207723,0.782742746835
3736,-16.802742987,-21.122979618,-0.698255106,26.990969597,231.498726891,0.622323814328,0.782332578429,0.025861300211,0.612686207723,0.782742746835
3737,26.661755446,4.225903505,-0.540866079,26.994582121,9.006490941,-0.987472423918,-0.156514944632,0.020032077005,0.612686207723,0.782742746835
3738,-22.517118028,14.895700174,-0.312269176,26.998194161,146.514254991,0.833967334364,-0.551692599048,0.011565525051,0.612686207723,0.782742746835
